query_id,scope,method,doc_id,doc_tokens,doc_chunks,query_chunks,document_chunk,query_chunk,human_span_classification
O-E1:A_ko_symptom,C_raw,hybrid,opencv/opencv#29761,4761,13,1,9,0,
O-E1:A_ko_symptom,C_raw,hybrid,opencv/opencv#29763,6397,17,1,13,0,
O-E1:A_ko_symptom,C_raw,hybrid,opencv/opencv#28952,2082,6,1,4,0,
O-E1:A_ko_symptom,C_raw,hybrid,opencv/opencv#28241,3379,9,1,8,0,
O-E1:A_ko_symptom,C_raw,hybrid,opencv/opencv#29325,2349,6,1,1,0,
O-E1:A_ko_symptom,C_raw,semantic,opencv/opencv#29278,887,3,1,0,0,
O-E1:A_ko_symptom,C_raw,semantic,opencv/opencv#29350,1137,3,1,0,0,
O-E1:A_ko_symptom,C_raw,semantic,opencv/opencv#29325,2349,6,1,1,0,
O-E1:A_ko_symptom,C_raw,semantic,opencv/opencv#28254,3190,9,1,6,0,
O-E1:A_ko_symptom,C_raw,semantic,opencv/opencv#29761,4761,13,1,9,0,
O-E1:A_ko_symptom,C_bug,hybrid,opencv/opencv#29761,4761,13,1,9,0,
O-E1:A_ko_symptom,C_bug,hybrid,opencv/opencv#29763,6397,17,1,13,0,
O-E1:A_ko_symptom,C_bug,hybrid,opencv/opencv#29325,2349,6,1,1,0,
O-E1:A_ko_symptom,C_bug,hybrid,opencv/opencv#28952,2082,6,1,4,0,
O-E1:A_ko_symptom,C_bug,hybrid,opencv/opencv#28241,3379,9,1,8,0,
O-E1:A_ko_symptom,C_bug,semantic,opencv/opencv#29278,887,3,1,0,0,
O-E1:A_ko_symptom,C_bug,semantic,opencv/opencv#29350,1137,3,1,0,0,
O-E1:A_ko_symptom,C_bug,semantic,opencv/opencv#29325,2349,6,1,1,0,
O-E1:A_ko_symptom,C_bug,semantic,opencv/opencv#28254,3190,9,1,6,0,
O-E1:A_ko_symptom,C_bug,semantic,opencv/opencv#29761,4761,13,1,9,0,
O-E1:B_ko_context,C_raw,hybrid,opencv/opencv#29350,1137,3,1,0,0,
O-E1:B_ko_context,C_raw,hybrid,opencv/opencv#29292,722,2,1,0,0,
O-E1:B_ko_context,C_raw,hybrid,opencv/opencv#29778,4224,11,1,8,0,
O-E1:B_ko_context,C_raw,hybrid,opencv/opencv#29613,3525,10,1,7,0,
O-E1:B_ko_context,C_raw,hybrid,opencv/opencv#29614,3894,10,1,7,0,
O-E1:B_ko_context,C_raw,semantic,opencv/opencv#29350,1137,3,1,0,0,
O-E1:B_ko_context,C_raw,semantic,opencv/opencv#29278,887,3,1,0,0,
O-E1:B_ko_context,C_raw,semantic,opencv/opencv#28580,2144,6,1,4,0,
O-E1:B_ko_context,C_raw,semantic,opencv/opencv#28598,2180,6,1,4,0,
O-E1:B_ko_context,C_raw,semantic,opencv/opencv#29292,722,2,1,0,0,
O-E1:B_ko_context,C_bug,hybrid,opencv/opencv#29350,1137,3,1,0,0,
O-E1:B_ko_context,C_bug,hybrid,opencv/opencv#29292,722,2,1,0,0,
O-E1:B_ko_context,C_bug,hybrid,opencv/opencv#29613,3525,10,1,7,0,
O-E1:B_ko_context,C_bug,hybrid,opencv/opencv#29614,3894,10,1,7,0,
O-E1:B_ko_context,C_bug,hybrid,opencv/opencv#29278,887,3,1,0,0,
O-E1:B_ko_context,C_bug,semantic,opencv/opencv#29350,1137,3,1,0,0,
O-E1:B_ko_context,C_bug,semantic,opencv/opencv#29278,887,3,1,0,0,
O-E1:B_ko_context,C_bug,semantic,opencv/opencv#28580,2144,6,1,4,0,
O-E1:B_ko_context,C_bug,semantic,opencv/opencv#28598,2180,6,1,4,0,
O-E1:B_ko_context,C_bug,semantic,opencv/opencv#29292,722,2,1,0,0,
O-E1:C_en_context,C_raw,semantic,opencv/opencv#29350,1137,3,1,0,0,
O-E1:C_en_context,C_raw,semantic,opencv/opencv#28580,2144,6,1,4,0,
O-E1:C_en_context,C_raw,semantic,opencv/opencv#28598,2180,6,1,4,0,
O-E1:C_en_context,C_raw,semantic,opencv/opencv#28597,2723,7,1,6,0,
O-E1:C_en_context,C_raw,semantic,opencv/opencv#29292,722,2,1,0,0,
O-E1:C_en_context,C_raw,hybrid,opencv/opencv#29350,1137,3,1,0,0,
O-E1:C_en_context,C_raw,hybrid,opencv/opencv#29292,722,2,1,0,0,
O-E1:C_en_context,C_raw,hybrid,opencv/opencv#28597,2723,7,1,6,0,
O-E1:C_en_context,C_raw,hybrid,opencv/opencv#28598,2180,6,1,4,0,
O-E1:C_en_context,C_raw,hybrid,opencv/opencv#28580,2144,6,1,4,0,
O-E1:C_en_context,C_bug,semantic,opencv/opencv#29350,1137,3,1,0,0,
O-E1:C_en_context,C_bug,semantic,opencv/opencv#28580,2144,6,1,4,0,
O-E1:C_en_context,C_bug,semantic,opencv/opencv#28598,2180,6,1,4,0,
O-E1:C_en_context,C_bug,semantic,opencv/opencv#29292,722,2,1,0,0,
O-E1:C_en_context,C_bug,semantic,opencv/opencv#29761,4761,13,1,2,0,
O-E1:C_en_context,C_bug,hybrid,opencv/opencv#29350,1137,3,1,0,0,
O-E1:C_en_context,C_bug,hybrid,opencv/opencv#29292,722,2,1,0,0,
O-E1:C_en_context,C_bug,hybrid,opencv/opencv#28598,2180,6,1,4,0,
O-E1:C_en_context,C_bug,hybrid,opencv/opencv#28580,2144,6,1,4,0,
O-E1:C_en_context,C_bug,hybrid,opencv/opencv#29885,3009,8,1,6,0,
O-E2:A_ko_symptom,C_raw,semantic,opencv/opencv#28766,1035,3,1,2,0,
O-E2:A_ko_symptom,C_raw,semantic,opencv/opencv#28438,2113,6,1,5,0,
O-E2:A_ko_symptom,C_raw,semantic,opencv/opencv#29278,887,3,1,0,0,
O-E2:A_ko_symptom,C_raw,semantic,opencv/opencv#28525,767,2,1,1,0,
O-E2:A_ko_symptom,C_raw,semantic,opencv/opencv#29325,2349,6,1,3,0,
O-E2:A_ko_symptom,C_raw,hybrid,opencv/opencv#28766,1035,3,1,2,0,
O-E2:A_ko_symptom,C_raw,hybrid,opencv/opencv#28525,767,2,1,1,0,
O-E2:A_ko_symptom,C_raw,hybrid,opencv/opencv#28554,682,2,1,0,0,
O-E2:A_ko_symptom,C_raw,hybrid,opencv/opencv#28438,2113,6,1,5,0,
O-E2:A_ko_symptom,C_raw,hybrid,opencv/opencv#30017,2169,6,1,0,0,
O-E2:A_ko_symptom,C_bug,semantic,opencv/opencv#28766,1035,3,1,2,0,
O-E2:A_ko_symptom,C_bug,semantic,opencv/opencv#28438,2113,6,1,5,0,
O-E2:A_ko_symptom,C_bug,semantic,opencv/opencv#29278,887,3,1,0,0,
O-E2:A_ko_symptom,C_bug,semantic,opencv/opencv#28525,767,2,1,1,0,
O-E2:A_ko_symptom,C_bug,semantic,opencv/opencv#29325,2349,6,1,3,0,
O-E2:A_ko_symptom,C_bug,hybrid,opencv/opencv#28766,1035,3,1,2,0,
O-E2:A_ko_symptom,C_bug,hybrid,opencv/opencv#28525,767,2,1,1,0,
O-E2:A_ko_symptom,C_bug,hybrid,opencv/opencv#28438,2113,6,1,5,0,
O-E2:A_ko_symptom,C_bug,hybrid,opencv/opencv#28554,682,2,1,0,0,
O-E2:A_ko_symptom,C_bug,hybrid,opencv/opencv#29195,371,1,1,0,0,
O-E2:B_ko_context,C_raw,semantic,opencv/opencv#28525,767,2,1,0,0,
O-E2:B_ko_context,C_raw,semantic,opencv/opencv#28438,2113,6,1,4,0,
O-E2:B_ko_context,C_raw,semantic,opencv/opencv#28766,1035,3,1,0,0,
O-E2:B_ko_context,C_raw,semantic,opencv/opencv#28629,3095,8,1,5,0,
O-E2:B_ko_context,C_raw,semantic,opencv/opencv#28187,21075,55,1,37,0,
O-E2:B_ko_context,C_raw,hybrid,opencv/opencv#28525,767,2,1,0,0,
O-E2:B_ko_context,C_raw,hybrid,opencv/opencv#28438,2113,6,1,4,0,
O-E2:B_ko_context,C_raw,hybrid,opencv/opencv#28766,1035,3,1,0,0,
O-E2:B_ko_context,C_raw,hybrid,opencv/opencv#28629,3095,8,1,5,0,
O-E2:B_ko_context,C_raw,hybrid,opencv/opencv#29422,1214,3,1,2,0,
O-E2:B_ko_context,C_bug,semantic,opencv/opencv#28525,767,2,1,0,0,
O-E2:B_ko_context,C_bug,semantic,opencv/opencv#28438,2113,6,1,4,0,
O-E2:B_ko_context,C_bug,semantic,opencv/opencv#28766,1035,3,1,0,0,
O-E2:B_ko_context,C_bug,semantic,opencv/opencv#28629,3095,8,1,5,0,
O-E2:B_ko_context,C_bug,semantic,opencv/opencv#28187,21075,55,1,37,0,
O-E2:B_ko_context,C_bug,hybrid,opencv/opencv#28525,767,2,1,0,0,
O-E2:B_ko_context,C_bug,hybrid,opencv/opencv#28438,2113,6,1,4,0,
O-E2:B_ko_context,C_bug,hybrid,opencv/opencv#28766,1035,3,1,0,0,
O-E2:B_ko_context,C_bug,hybrid,opencv/opencv#28629,3095,8,1,5,0,
O-E2:B_ko_context,C_bug,hybrid,opencv/opencv#29422,1214,3,1,2,0,
O-E2:C_en_context,C_raw,semantic,opencv/opencv#28525,767,2,1,0,0,
O-E2:C_en_context,C_raw,semantic,opencv/opencv#28438,2113,6,1,3,0,
O-E2:C_en_context,C_raw,semantic,opencv/opencv#28766,1035,3,1,2,0,
O-E2:C_en_context,C_raw,semantic,opencv/opencv#28629,3095,8,1,5,0,
O-E2:C_en_context,C_raw,semantic,opencv/opencv#29422,1214,3,1,2,0,
O-E2:C_en_context,C_raw,hybrid,opencv/opencv#28525,767,2,1,0,0,
O-E2:C_en_context,C_raw,hybrid,opencv/opencv#28438,2113,6,1,3,0,
O-E2:C_en_context,C_raw,hybrid,opencv/opencv#28629,3095,8,1,5,0,
O-E2:C_en_context,C_raw,hybrid,opencv/opencv#28766,1035,3,1,2,0,
O-E2:C_en_context,C_raw,hybrid,opencv/opencv#29422,1214,3,1,2,0,
O-E2:C_en_context,C_bug,semantic,opencv/opencv#28525,767,2,1,0,0,
O-E2:C_en_context,C_bug,semantic,opencv/opencv#28438,2113,6,1,3,0,
O-E2:C_en_context,C_bug,semantic,opencv/opencv#28766,1035,3,1,2,0,
O-E2:C_en_context,C_bug,semantic,opencv/opencv#28629,3095,8,1,5,0,
O-E2:C_en_context,C_bug,semantic,opencv/opencv#29422,1214,3,1,2,0,
O-E2:C_en_context,C_bug,hybrid,opencv/opencv#28525,767,2,1,0,0,
O-E2:C_en_context,C_bug,hybrid,opencv/opencv#28438,2113,6,1,3,0,
O-E2:C_en_context,C_bug,hybrid,opencv/opencv#28629,3095,8,1,5,0,
O-E2:C_en_context,C_bug,hybrid,opencv/opencv#28766,1035,3,1,2,0,
O-E2:C_en_context,C_bug,hybrid,opencv/opencv#29422,1214,3,1,2,0,
O-S1:A_ko_symptom,C_raw,hybrid,opencv/opencv#29565,274,1,1,0,0,
O-S1:A_ko_symptom,C_raw,hybrid,opencv/opencv#29278,887,3,1,0,0,
O-S1:A_ko_symptom,C_raw,hybrid,opencv/opencv#29576,606,2,1,1,0,
O-S1:A_ko_symptom,C_raw,hybrid,opencv/opencv#28469,488,2,1,0,0,
O-S1:A_ko_symptom,C_raw,hybrid,opencv/opencv#28358,788,2,1,1,0,
O-S1:A_ko_symptom,C_raw,semantic,opencv/opencv#29565,274,1,1,0,0,
O-S1:A_ko_symptom,C_raw,semantic,opencv/opencv#29692,3461,9,1,0,0,
O-S1:A_ko_symptom,C_raw,semantic,opencv/opencv#29278,887,3,1,0,0,
O-S1:A_ko_symptom,C_raw,semantic,opencv/opencv#28469,488,2,1,0,0,
O-S1:A_ko_symptom,C_raw,semantic,opencv/opencv#29817,551,2,1,1,0,
O-S1:A_ko_symptom,C_bug,hybrid,opencv/opencv#29565,274,1,1,0,0,
O-S1:A_ko_symptom,C_bug,hybrid,opencv/opencv#29278,887,3,1,0,0,
O-S1:A_ko_symptom,C_bug,hybrid,opencv/opencv#29576,606,2,1,1,0,
O-S1:A_ko_symptom,C_bug,hybrid,opencv/opencv#28469,488,2,1,0,0,
O-S1:A_ko_symptom,C_bug,hybrid,opencv/opencv#28049,1371,4,1,3,0,
O-S1:A_ko_symptom,C_bug,semantic,opencv/opencv#29565,274,1,1,0,0,
O-S1:A_ko_symptom,C_bug,semantic,opencv/opencv#29692,3461,9,1,0,0,
O-S1:A_ko_symptom,C_bug,semantic,opencv/opencv#29278,887,3,1,0,0,
O-S1:A_ko_symptom,C_bug,semantic,opencv/opencv#28469,488,2,1,0,0,
O-S1:A_ko_symptom,C_bug,semantic,opencv/opencv#28382,11189,29,1,28,0,
O-S1:B_ko_context,C_raw,hybrid,opencv/opencv#29565,274,1,1,0,0,
O-S1:B_ko_context,C_raw,hybrid,opencv/opencv#29422,1214,3,1,2,0,
O-S1:B_ko_context,C_raw,hybrid,opencv/opencv#29692,3461,9,1,0,0,
O-S1:B_ko_context,C_raw,hybrid,opencv/opencv#28438,2113,6,1,4,0,
O-S1:B_ko_context,C_raw,hybrid,opencv/opencv#29652,1120,3,1,0,0,
O-S1:B_ko_context,C_raw,semantic,opencv/opencv#29565,274,1,1,0,0,
O-S1:B_ko_context,C_raw,semantic,opencv/opencv#29692,3461,9,1,0,0,
O-S1:B_ko_context,C_raw,semantic,opencv/opencv#28383,411,1,1,0,0,
O-S1:B_ko_context,C_raw,semantic,opencv/opencv#29035,22720,59,1,0,0,
O-S1:B_ko_context,C_raw,semantic,opencv/opencv#29422,1214,3,1,2,0,
O-S1:B_ko_context,C_bug,hybrid,opencv/opencv#29565,274,1,1,0,0,
O-S1:B_ko_context,C_bug,hybrid,opencv/opencv#29422,1214,3,1,2,0,
O-S1:B_ko_context,C_bug,hybrid,opencv/opencv#29692,3461,9,1,0,0,
O-S1:B_ko_context,C_bug,hybrid,opencv/opencv#28438,2113,6,1,4,0,
O-S1:B_ko_context,C_bug,hybrid,opencv/opencv#29576,606,2,1,1,0,
O-S1:B_ko_context,C_bug,semantic,opencv/opencv#29565,274,1,1,0,0,
O-S1:B_ko_context,C_bug,semantic,opencv/opencv#29692,3461,9,1,0,0,
O-S1:B_ko_context,C_bug,semantic,opencv/opencv#28383,411,1,1,0,0,
O-S1:B_ko_context,C_bug,semantic,opencv/opencv#29035,22720,59,1,0,0,
O-S1:B_ko_context,C_bug,semantic,opencv/opencv#29422,1214,3,1,2,0,
O-S1:C_en_context,C_raw,hybrid,opencv/opencv#29565,274,1,1,0,0,
O-S1:C_en_context,C_raw,hybrid,opencv/opencv#29652,1120,3,1,0,0,
O-S1:C_en_context,C_raw,hybrid,opencv/opencv#29705,514,2,1,1,0,
O-S1:C_en_context,C_raw,hybrid,opencv/opencv#29692,3461,9,1,0,0,
O-S1:C_en_context,C_raw,hybrid,opencv/opencv#29586,1440,4,1,1,0,
O-S1:C_en_context,C_raw,semantic,opencv/opencv#29565,274,1,1,0,0,
O-S1:C_en_context,C_raw,semantic,opencv/opencv#29692,3461,9,1,0,0,
O-S1:C_en_context,C_raw,semantic,opencv/opencv#28469,488,2,1,0,0,
O-S1:C_en_context,C_raw,semantic,opencv/opencv#29794,7902,21,1,18,0,
O-S1:C_en_context,C_raw,semantic,opencv/opencv#28462,1023,3,1,2,0,
O-S1:C_en_context,C_bug,hybrid,opencv/opencv#29565,274,1,1,0,0,
O-S1:C_en_context,C_bug,hybrid,opencv/opencv#29692,3461,9,1,0,0,
O-S1:C_en_context,C_bug,hybrid,opencv/opencv#28462,1023,3,1,2,0,
O-S1:C_en_context,C_bug,hybrid,opencv/opencv#29465,1065,3,1,2,0,
O-S1:C_en_context,C_bug,hybrid,opencv/opencv#29794,7902,21,1,18,0,
O-S1:C_en_context,C_bug,semantic,opencv/opencv#29565,274,1,1,0,0,
O-S1:C_en_context,C_bug,semantic,opencv/opencv#29692,3461,9,1,0,0,
O-S1:C_en_context,C_bug,semantic,opencv/opencv#28469,488,2,1,0,0,
O-S1:C_en_context,C_bug,semantic,opencv/opencv#29794,7902,21,1,18,0,
O-S1:C_en_context,C_bug,semantic,opencv/opencv#28462,1023,3,1,2,0,
O-S2:A_ko_symptom,C_raw,hybrid,opencv/opencv#29278,887,3,1,0,0,
O-S2:A_ko_symptom,C_raw,hybrid,opencv/opencv#28241,3379,9,1,8,0,
O-S2:A_ko_symptom,C_raw,hybrid,opencv/opencv#29072,2191,6,1,4,0,
O-S2:A_ko_symptom,C_raw,hybrid,opencv/opencv#28382,11189,29,1,28,0,
O-S2:A_ko_symptom,C_raw,hybrid,opencv/opencv#29452,4999,13,1,3,0,
O-S2:A_ko_symptom,C_raw,semantic,opencv/opencv#29278,887,3,1,0,0,
O-S2:A_ko_symptom,C_raw,semantic,opencv/opencv#28382,11189,29,1,28,0,
O-S2:A_ko_symptom,C_raw,semantic,opencv/opencv#28049,1371,4,1,3,0,
O-S2:A_ko_symptom,C_raw,semantic,opencv/opencv#29072,2191,6,1,4,0,
O-S2:A_ko_symptom,C_raw,semantic,opencv/opencv#28241,3379,9,1,8,0,
O-S2:A_ko_symptom,C_bug,hybrid,opencv/opencv#29278,887,3,1,0,0,
O-S2:A_ko_symptom,C_bug,hybrid,opencv/opencv#28241,3379,9,1,8,0,
O-S2:A_ko_symptom,C_bug,hybrid,opencv/opencv#28382,11189,29,1,28,0,
O-S2:A_ko_symptom,C_bug,hybrid,opencv/opencv#29072,2191,6,1,4,0,
O-S2:A_ko_symptom,C_bug,hybrid,opencv/opencv#29452,4999,13,1,3,0,
O-S2:A_ko_symptom,C_bug,semantic,opencv/opencv#29278,887,3,1,0,0,
O-S2:A_ko_symptom,C_bug,semantic,opencv/opencv#28382,11189,29,1,28,0,
O-S2:A_ko_symptom,C_bug,semantic,opencv/opencv#28049,1371,4,1,3,0,
O-S2:A_ko_symptom,C_bug,semantic,opencv/opencv#29072,2191,6,1,4,0,
O-S2:A_ko_symptom,C_bug,semantic,opencv/opencv#28241,3379,9,1,8,0,
O-S2:B_ko_context,C_raw,hybrid,opencv/opencv#30090,381,1,1,0,0,
O-S2:B_ko_context,C_raw,hybrid,opencv/opencv#29263,371,1,1,0,0,
O-S2:B_ko_context,C_raw,hybrid,opencv/opencv#29694,2178,6,1,0,0,
O-S2:B_ko_context,C_raw,hybrid,opencv/opencv#29072,2191,6,1,4,0,
O-S2:B_ko_context,C_raw,hybrid,opencv/opencv#28382,11189,29,1,28,0,
O-S2:B_ko_context,C_raw,semantic,opencv/opencv#29278,887,3,1,0,0,
O-S2:B_ko_context,C_raw,semantic,opencv/opencv#30090,381,1,1,0,0,
O-S2:B_ko_context,C_raw,semantic,opencv/opencv#29263,371,1,1,0,0,
O-S2:B_ko_context,C_raw,semantic,opencv/opencv#29694,2178,6,1,0,0,
O-S2:B_ko_context,C_raw,semantic,opencv/opencv#29818,121,1,1,0,0,
O-S2:B_ko_context,C_bug,hybrid,opencv/opencv#29072,2191,6,1,4,0,
O-S2:B_ko_context,C_bug,hybrid,opencv/opencv#29694,2178,6,1,0,0,
O-S2:B_ko_context,C_bug,hybrid,opencv/opencv#28382,11189,29,1,28,0,
O-S2:B_ko_context,C_bug,hybrid,opencv/opencv#28554,682,2,1,0,0,
O-S2:B_ko_context,C_bug,hybrid,opencv/opencv#28241,3379,9,1,8,0,
O-S2:B_ko_context,C_bug,semantic,opencv/opencv#29278,887,3,1,0,0,
O-S2:B_ko_context,C_bug,semantic,opencv/opencv#29694,2178,6,1,0,0,
O-S2:B_ko_context,C_bug,semantic,opencv/opencv#28904,1280,4,1,3,0,
O-S2:B_ko_context,C_bug,semantic,opencv/opencv#28554,682,2,1,0,0,
O-S2:B_ko_context,C_bug,semantic,opencv/opencv#29325,2349,6,1,2,0,
O-S2:C_en_context,C_raw,semantic,opencv/opencv#30090,381,1,1,0,0,
O-S2:C_en_context,C_raw,semantic,opencv/opencv#29263,371,1,1,0,0,
O-S2:C_en_context,C_raw,semantic,opencv/opencv#28549,530,2,1,1,0,
O-S2:C_en_context,C_raw,semantic,opencv/opencv#28321,886,3,1,2,0,
O-S2:C_en_context,C_raw,semantic,opencv/opencv#28904,1280,4,1,3,0,
O-S2:C_en_context,C_raw,hybrid,opencv/opencv#30090,381,1,1,0,0,
O-S2:C_en_context,C_raw,hybrid,opencv/opencv#29263,371,1,1,0,0,
O-S2:C_en_context,C_raw,hybrid,opencv/opencv#29694,2178,6,1,5,0,
O-S2:C_en_context,C_raw,hybrid,opencv/opencv#28549,530,2,1,1,0,
O-S2:C_en_context,C_raw,hybrid,opencv/opencv#30017,2169,6,1,2,0,
O-S2:C_en_context,C_bug,semantic,opencv/opencv#28549,530,2,1,1,0,
O-S2:C_en_context,C_bug,semantic,opencv/opencv#28321,886,3,1,2,0,
O-S2:C_en_context,C_bug,semantic,opencv/opencv#28904,1280,4,1,3,0,
O-S2:C_en_context,C_bug,semantic,opencv/opencv#29342,3427,9,1,8,0,
O-S2:C_en_context,C_bug,semantic,opencv/opencv#29694,2178,6,1,5,0,
O-S2:C_en_context,C_bug,hybrid,opencv/opencv#28549,530,2,1,1,0,
O-S2:C_en_context,C_bug,hybrid,opencv/opencv#29694,2178,6,1,5,0,
O-S2:C_en_context,C_bug,hybrid,opencv/opencv#29279,2241,6,1,5,0,
O-S2:C_en_context,C_bug,hybrid,opencv/opencv#29703,1898,5,1,4,0,
O-S2:C_en_context,C_bug,hybrid,opencv/opencv#29342,3427,9,1,8,0,
O-C1:A_ko_symptom,C_raw,semantic,opencv/opencv#29278,887,3,1,0,0,
O-C1:A_ko_symptom,C_raw,semantic,opencv/opencv#28207,2600,7,1,1,0,
O-C1:A_ko_symptom,C_raw,semantic,opencv/opencv#29458,2587,7,1,6,0,
O-C1:A_ko_symptom,C_raw,semantic,opencv/opencv#29265,13260,35,1,4,0,
O-C1:A_ko_symptom,C_raw,semantic,opencv/opencv#29325,2349,6,1,2,0,
O-C1:A_ko_symptom,C_raw,hybrid,opencv/opencv#28207,2600,7,1,1,0,
O-C1:A_ko_symptom,C_raw,hybrid,opencv/opencv#29265,13260,35,1,4,0,
O-C1:A_ko_symptom,C_raw,hybrid,opencv/opencv#28784,18773,49,1,48,0,
O-C1:A_ko_symptom,C_raw,hybrid,opencv/opencv#29634,4365,12,1,11,0,
O-C1:A_ko_symptom,C_raw,hybrid,opencv/opencv#28241,3379,9,1,8,0,
O-C1:A_ko_symptom,C_bug,semantic,opencv/opencv#29278,887,3,1,0,0,
O-C1:A_ko_symptom,C_bug,semantic,opencv/opencv#28207,2600,7,1,1,0,
O-C1:A_ko_symptom,C_bug,semantic,opencv/opencv#29458,2587,7,1,6,0,
O-C1:A_ko_symptom,C_bug,semantic,opencv/opencv#29265,13260,35,1,4,0,
O-C1:A_ko_symptom,C_bug,semantic,opencv/opencv#29325,2349,6,1,2,0,
O-C1:A_ko_symptom,C_bug,hybrid,opencv/opencv#28207,2600,7,1,1,0,
O-C1:A_ko_symptom,C_bug,hybrid,opencv/opencv#29265,13260,35,1,4,0,
O-C1:A_ko_symptom,C_bug,hybrid,opencv/opencv#28784,18773,49,1,48,0,
O-C1:A_ko_symptom,C_bug,hybrid,opencv/opencv#28241,3379,9,1,8,0,
O-C1:A_ko_symptom,C_bug,hybrid,opencv/opencv#28952,2082,6,1,4,0,
O-C1:B_ko_context,C_raw,semantic,opencv/opencv#28207,2600,7,1,6,0,
O-C1:B_ko_context,C_raw,semantic,opencv/opencv#30017,2169,6,1,0,0,
O-C1:B_ko_context,C_raw,semantic,opencv/opencv#29458,2587,7,1,6,0,
O-C1:B_ko_context,C_raw,semantic,opencv/opencv#28784,18773,49,1,48,0,
O-C1:B_ko_context,C_raw,semantic,opencv/opencv#29325,2349,6,1,2,0,
O-C1:B_ko_context,C_raw,hybrid,opencv/opencv#28207,2600,7,1,6,0,
O-C1:B_ko_context,C_raw,hybrid,opencv/opencv#30017,2169,6,1,0,0,
O-C1:B_ko_context,C_raw,hybrid,opencv/opencv#29722,1249,4,1,0,0,
O-C1:B_ko_context,C_raw,hybrid,opencv/opencv#29699,1278,4,1,0,0,
O-C1:B_ko_context,C_raw,hybrid,opencv/opencv#29325,2349,6,1,2,0,
O-C1:B_ko_context,C_bug,semantic,opencv/opencv#28207,2600,7,1,6,0,
O-C1:B_ko_context,C_bug,semantic,opencv/opencv#29458,2587,7,1,6,0,
O-C1:B_ko_context,C_bug,semantic,opencv/opencv#28784,18773,49,1,48,0,
O-C1:B_ko_context,C_bug,semantic,opencv/opencv#29325,2349,6,1,2,0,
O-C1:B_ko_context,C_bug,semantic,opencv/opencv#29166,664,2,1,1,0,
O-C1:B_ko_context,C_bug,hybrid,opencv/opencv#28207,2600,7,1,6,0,
O-C1:B_ko_context,C_bug,hybrid,opencv/opencv#29699,1278,4,1,0,0,
O-C1:B_ko_context,C_bug,hybrid,opencv/opencv#29325,2349,6,1,2,0,
O-C1:B_ko_context,C_bug,hybrid,opencv/opencv#28629,3095,8,1,5,0,
O-C1:B_ko_context,C_bug,hybrid,opencv/opencv#28638,1077,3,1,2,0,
O-C1:C_en_context,C_raw,hybrid,opencv/opencv#28207,2600,7,1,0,0,
O-C1:C_en_context,C_raw,hybrid,opencv/opencv#30017,2169,6,1,0,0,
O-C1:C_en_context,C_raw,hybrid,opencv/opencv#29722,1249,4,1,0,0,
O-C1:C_en_context,C_raw,hybrid,opencv/opencv#28638,1077,3,1,2,0,
O-C1:C_en_context,C_raw,hybrid,opencv/opencv#29699,1278,4,1,2,0,
O-C1:C_en_context,C_raw,semantic,opencv/opencv#28207,2600,7,1,0,0,
O-C1:C_en_context,C_raw,semantic,opencv/opencv#29722,1249,4,1,0,0,
O-C1:C_en_context,C_raw,semantic,opencv/opencv#30017,2169,6,1,0,0,
O-C1:C_en_context,C_raw,semantic,opencv/opencv#29458,2587,7,1,6,0,
O-C1:C_en_context,C_raw,semantic,opencv/opencv#28638,1077,3,1,2,0,
O-C1:C_en_context,C_bug,hybrid,opencv/opencv#28207,2600,7,1,0,0,
O-C1:C_en_context,C_bug,hybrid,opencv/opencv#28638,1077,3,1,2,0,
O-C1:C_en_context,C_bug,hybrid,opencv/opencv#29699,1278,4,1,2,0,
O-C1:C_en_context,C_bug,hybrid,opencv/opencv#28831,1053,3,1,0,0,
O-C1:C_en_context,C_bug,hybrid,opencv/opencv#28608,2250,6,1,3,0,
O-C1:C_en_context,C_bug,semantic,opencv/opencv#28207,2600,7,1,0,0,
O-C1:C_en_context,C_bug,semantic,opencv/opencv#29458,2587,7,1,6,0,
O-C1:C_en_context,C_bug,semantic,opencv/opencv#28638,1077,3,1,2,0,
O-C1:C_en_context,C_bug,semantic,opencv/opencv#28598,2180,6,1,5,0,
O-C1:C_en_context,C_bug,semantic,opencv/opencv#29166,664,2,1,1,0,
O-C2:A_ko_symptom,C_raw,hybrid,opencv/opencv#29636,1673,5,1,2,0,
O-C2:A_ko_symptom,C_raw,hybrid,opencv/opencv#28783,487,2,1,0,0,
O-C2:A_ko_symptom,C_raw,hybrid,opencv/opencv#28953,1941,5,1,1,0,
O-C2:A_ko_symptom,C_raw,hybrid,opencv/opencv#28512,726,2,1,1,0,
O-C2:A_ko_symptom,C_raw,hybrid,opencv/opencv#29265,13260,35,1,28,0,
O-C2:A_ko_symptom,C_raw,semantic,opencv/opencv#28512,726,2,1,1,0,
O-C2:A_ko_symptom,C_raw,semantic,opencv/opencv#29636,1673,5,1,2,0,
O-C2:A_ko_symptom,C_raw,semantic,opencv/opencv#29265,13260,35,1,28,0,
O-C2:A_ko_symptom,C_raw,semantic,opencv/opencv#29278,887,3,1,0,0,
O-C2:A_ko_symptom,C_raw,semantic,opencv/opencv#28325,6121,16,1,13,0,
O-C2:A_ko_symptom,C_bug,hybrid,opencv/opencv#29636,1673,5,1,2,0,
O-C2:A_ko_symptom,C_bug,hybrid,opencv/opencv#28783,487,2,1,0,0,
O-C2:A_ko_symptom,C_bug,hybrid,opencv/opencv#28512,726,2,1,1,0,
O-C2:A_ko_symptom,C_bug,hybrid,opencv/opencv#29265,13260,35,1,28,0,
O-C2:A_ko_symptom,C_bug,hybrid,opencv/opencv#29692,3461,9,1,0,0,
O-C2:A_ko_symptom,C_bug,semantic,opencv/opencv#28512,726,2,1,1,0,
O-C2:A_ko_symptom,C_bug,semantic,opencv/opencv#29636,1673,5,1,2,0,
O-C2:A_ko_symptom,C_bug,semantic,opencv/opencv#29265,13260,35,1,28,0,
O-C2:A_ko_symptom,C_bug,semantic,opencv/opencv#29278,887,3,1,0,0,
O-C2:A_ko_symptom,C_bug,semantic,opencv/opencv#28028,565,2,1,0,0,
O-C2:B_ko_context,C_raw,hybrid,opencv/opencv#29636,1673,5,1,0,0,
O-C2:B_ko_context,C_raw,hybrid,opencv/opencv#28953,1941,5,1,1,0,
O-C2:B_ko_context,C_raw,hybrid,opencv/opencv#29692,3461,9,1,0,0,
O-C2:B_ko_context,C_raw,hybrid,opencv/opencv#28783,487,2,1,0,0,
O-C2:B_ko_context,C_raw,hybrid,opencv/opencv#29435,1041,3,1,2,0,
O-C2:B_ko_context,C_raw,semantic,opencv/opencv#29636,1673,5,1,0,0,
O-C2:B_ko_context,C_raw,semantic,opencv/opencv#28512,726,2,1,1,0,
O-C2:B_ko_context,C_raw,semantic,opencv/opencv#29692,3461,9,1,0,0,
O-C2:B_ko_context,C_raw,semantic,opencv/opencv#28241,3379,9,1,1,0,
O-C2:B_ko_context,C_raw,semantic,opencv/opencv#28953,1941,5,1,1,0,
O-C2:B_ko_context,C_bug,hybrid,opencv/opencv#29636,1673,5,1,0,0,
O-C2:B_ko_context,C_bug,hybrid,opencv/opencv#29692,3461,9,1,0,0,
O-C2:B_ko_context,C_bug,hybrid,opencv/opencv#28783,487,2,1,0,0,
O-C2:B_ko_context,C_bug,hybrid,opencv/opencv#29435,1041,3,1,2,0,
O-C2:B_ko_context,C_bug,hybrid,opencv/opencv#28241,3379,9,1,1,0,
O-C2:B_ko_context,C_bug,semantic,opencv/opencv#29636,1673,5,1,0,0,
O-C2:B_ko_context,C_bug,semantic,opencv/opencv#28512,726,2,1,1,0,
O-C2:B_ko_context,C_bug,semantic,opencv/opencv#29692,3461,9,1,0,0,
O-C2:B_ko_context,C_bug,semantic,opencv/opencv#28241,3379,9,1,1,0,
O-C2:B_ko_context,C_bug,semantic,opencv/opencv#29278,887,3,1,0,0,
O-C2:C_en_context,C_raw,hybrid,opencv/opencv#29636,1673,5,1,0,0,
O-C2:C_en_context,C_raw,hybrid,opencv/opencv#28953,1941,5,1,1,0,
O-C2:C_en_context,C_raw,hybrid,opencv/opencv#28028,565,2,1,1,0,
O-C2:C_en_context,C_raw,hybrid,opencv/opencv#28783,487,2,1,0,0,
O-C2:C_en_context,C_raw,hybrid,opencv/opencv#29692,3461,9,1,0,0,
O-C2:C_en_context,C_raw,semantic,opencv/opencv#29636,1673,5,1,0,0,
O-C2:C_en_context,C_raw,semantic,opencv/opencv#28028,565,2,1,1,0,
O-C2:C_en_context,C_raw,semantic,opencv/opencv#28953,1941,5,1,1,0,
O-C2:C_en_context,C_raw,semantic,opencv/opencv#28512,726,2,1,1,0,
O-C2:C_en_context,C_raw,semantic,opencv/opencv#29692,3461,9,1,0,0,
O-C2:C_en_context,C_bug,hybrid,opencv/opencv#29636,1673,5,1,0,0,
O-C2:C_en_context,C_bug,hybrid,opencv/opencv#28028,565,2,1,1,0,
O-C2:C_en_context,C_bug,hybrid,opencv/opencv#28783,487,2,1,0,0,
O-C2:C_en_context,C_bug,hybrid,opencv/opencv#29692,3461,9,1,0,0,
O-C2:C_en_context,C_bug,hybrid,opencv/opencv#28512,726,2,1,1,0,
O-C2:C_en_context,C_bug,semantic,opencv/opencv#29636,1673,5,1,0,0,
O-C2:C_en_context,C_bug,semantic,opencv/opencv#28028,565,2,1,1,0,
O-C2:C_en_context,C_bug,semantic,opencv/opencv#28512,726,2,1,1,0,
O-C2:C_en_context,C_bug,semantic,opencv/opencv#29692,3461,9,1,0,0,
O-C2:C_en_context,C_bug,semantic,opencv/opencv#28783,487,2,1,0,0,
T-E1:A_ko_symptom,C_raw,semantic,huggingface/transformers#47879,438,1,1,0,0,
T-E1:A_ko_symptom,C_raw,semantic,huggingface/transformers#48501,658,2,1,0,0,
T-E1:A_ko_symptom,C_raw,semantic,huggingface/transformers#48703,529,2,1,0,0,
T-E1:A_ko_symptom,C_raw,semantic,huggingface/transformers#47309,889,3,1,1,0,
T-E1:A_ko_symptom,C_raw,semantic,huggingface/transformers#48736,460,2,1,1,0,
T-E1:A_ko_symptom,C_raw,hybrid,huggingface/transformers#47879,438,1,1,0,0,
T-E1:A_ko_symptom,C_raw,hybrid,huggingface/transformers#48501,658,2,1,0,0,
T-E1:A_ko_symptom,C_raw,hybrid,huggingface/transformers#48703,529,2,1,0,0,
T-E1:A_ko_symptom,C_raw,hybrid,huggingface/transformers#47309,889,3,1,1,0,
T-E1:A_ko_symptom,C_raw,hybrid,huggingface/transformers#48736,460,2,1,1,0,
T-E1:A_ko_symptom,C_bug,semantic,huggingface/transformers#47879,438,1,1,0,0,
T-E1:A_ko_symptom,C_bug,semantic,huggingface/transformers#48501,658,2,1,0,0,
T-E1:A_ko_symptom,C_bug,semantic,huggingface/transformers#48703,529,2,1,0,0,
T-E1:A_ko_symptom,C_bug,semantic,huggingface/transformers#49051,4602,12,1,11,0,
T-E1:A_ko_symptom,C_bug,semantic,huggingface/transformers#49113,2334,6,1,3,0,
T-E1:A_ko_symptom,C_bug,hybrid,huggingface/transformers#47879,438,1,1,0,0,
T-E1:A_ko_symptom,C_bug,hybrid,huggingface/transformers#48501,658,2,1,0,0,
T-E1:A_ko_symptom,C_bug,hybrid,huggingface/transformers#48703,529,2,1,0,0,
T-E1:A_ko_symptom,C_bug,hybrid,huggingface/transformers#49051,4602,12,1,11,0,
T-E1:A_ko_symptom,C_bug,hybrid,huggingface/transformers#49113,2334,6,1,3,0,
T-E1:B_ko_context,C_raw,semantic,huggingface/transformers#47879,438,1,1,0,0,
T-E1:B_ko_context,C_raw,semantic,huggingface/transformers#48422,2280,6,1,3,0,
T-E1:B_ko_context,C_raw,semantic,huggingface/transformers#48837,2162,6,1,4,0,
T-E1:B_ko_context,C_raw,semantic,huggingface/transformers#48736,460,2,1,1,0,
T-E1:B_ko_context,C_raw,semantic,huggingface/transformers#48263,2813,8,1,2,0,
T-E1:B_ko_context,C_raw,hybrid,huggingface/transformers#47879,438,1,1,0,0,
T-E1:B_ko_context,C_raw,hybrid,huggingface/transformers#48703,529,2,1,0,0,
T-E1:B_ko_context,C_raw,hybrid,huggingface/transformers#47448,1276,4,1,1,0,
T-E1:B_ko_context,C_raw,hybrid,huggingface/transformers#48607,1095,3,1,0,0,
T-E1:B_ko_context,C_raw,hybrid,huggingface/transformers#48556,1067,3,1,0,0,
T-E1:B_ko_context,C_bug,semantic,huggingface/transformers#47879,438,1,1,0,0,
T-E1:B_ko_context,C_bug,semantic,huggingface/transformers#48703,529,2,1,0,0,
T-E1:B_ko_context,C_bug,semantic,huggingface/transformers#47448,1276,4,1,1,0,
T-E1:B_ko_context,C_bug,semantic,huggingface/transformers#48607,1095,3,1,0,0,
T-E1:B_ko_context,C_bug,semantic,huggingface/transformers#49051,4602,12,1,3,0,
T-E1:B_ko_context,C_bug,hybrid,huggingface/transformers#47879,438,1,1,0,0,
T-E1:B_ko_context,C_bug,hybrid,huggingface/transformers#48703,529,2,1,0,0,
T-E1:B_ko_context,C_bug,hybrid,huggingface/transformers#47448,1276,4,1,1,0,
T-E1:B_ko_context,C_bug,hybrid,huggingface/transformers#48805,1012,3,1,0,0,
T-E1:B_ko_context,C_bug,hybrid,huggingface/transformers#48607,1095,3,1,0,0,
T-E1:C_en_context,C_raw,semantic,huggingface/transformers#47879,438,1,1,0,0,
T-E1:C_en_context,C_raw,semantic,huggingface/transformers#48556,1067,3,1,0,0,
T-E1:C_en_context,C_raw,semantic,huggingface/transformers#49051,4602,12,1,3,0,
T-E1:C_en_context,C_raw,semantic,huggingface/transformers#49007,721,2,1,1,0,
T-E1:C_en_context,C_raw,semantic,huggingface/transformers#48703,529,2,1,0,0,
T-E1:C_en_context,C_raw,hybrid,huggingface/transformers#47879,438,1,1,0,0,
T-E1:C_en_context,C_raw,hybrid,huggingface/transformers#48556,1067,3,1,0,0,
T-E1:C_en_context,C_raw,hybrid,huggingface/transformers#48703,529,2,1,0,0,
T-E1:C_en_context,C_raw,hybrid,huggingface/transformers#49007,721,2,1,1,0,
T-E1:C_en_context,C_raw,hybrid,huggingface/transformers#48607,1095,3,1,0,0,
T-E1:C_en_context,C_bug,semantic,huggingface/transformers#47879,438,1,1,0,0,
T-E1:C_en_context,C_bug,semantic,huggingface/transformers#49051,4602,12,1,3,0,
T-E1:C_en_context,C_bug,semantic,huggingface/transformers#49007,721,2,1,1,0,
T-E1:C_en_context,C_bug,semantic,huggingface/transformers#48703,529,2,1,0,0,
T-E1:C_en_context,C_bug,semantic,huggingface/transformers#48607,1095,3,1,0,0,
T-E1:C_en_context,C_bug,hybrid,huggingface/transformers#47879,438,1,1,0,0,
T-E1:C_en_context,C_bug,hybrid,huggingface/transformers#49007,721,2,1,1,0,
T-E1:C_en_context,C_bug,hybrid,huggingface/transformers#48703,529,2,1,0,0,
T-E1:C_en_context,C_bug,hybrid,huggingface/transformers#47448,1276,4,1,0,0,
T-E1:C_en_context,C_bug,hybrid,huggingface/transformers#48607,1095,3,1,0,0,
T-E2:A_ko_symptom,C_raw,hybrid,huggingface/transformers#48757,546,2,1,1,0,
T-E2:A_ko_symptom,C_raw,hybrid,huggingface/transformers#48346,413,1,1,0,0,
T-E2:A_ko_symptom,C_raw,hybrid,huggingface/transformers#48351,283,1,1,0,0,
T-E2:A_ko_symptom,C_raw,hybrid,huggingface/transformers#48350,464,2,1,0,0,
T-E2:A_ko_symptom,C_raw,hybrid,huggingface/transformers#48837,2162,6,1,5,0,
T-E2:A_ko_symptom,C_raw,semantic,huggingface/transformers#48837,2162,6,1,5,0,
T-E2:A_ko_symptom,C_raw,semantic,huggingface/transformers#48240,2810,8,1,6,0,
T-E2:A_ko_symptom,C_raw,semantic,huggingface/transformers#48422,2280,6,1,3,0,
T-E2:A_ko_symptom,C_raw,semantic,huggingface/transformers#48695,2187,6,1,4,0,
T-E2:A_ko_symptom,C_raw,semantic,huggingface/transformers#48757,546,2,1,1,0,
T-E2:A_ko_symptom,C_bug,hybrid,huggingface/transformers#48400,496,2,1,0,0,
T-E2:A_ko_symptom,C_bug,hybrid,huggingface/transformers#47530,995,3,1,2,0,
T-E2:A_ko_symptom,C_bug,hybrid,huggingface/transformers#47455,182,1,1,0,0,
T-E2:A_ko_symptom,C_bug,hybrid,huggingface/transformers#47917,1926,5,1,3,0,
T-E2:A_ko_symptom,C_bug,hybrid,huggingface/transformers#48862,1636,5,1,2,0,
T-E2:A_ko_symptom,C_bug,semantic,huggingface/transformers#48400,496,2,1,0,0,
T-E2:A_ko_symptom,C_bug,semantic,huggingface/transformers#47530,995,3,1,2,0,
T-E2:A_ko_symptom,C_bug,semantic,huggingface/transformers#47455,182,1,1,0,0,
T-E2:A_ko_symptom,C_bug,semantic,huggingface/transformers#47917,1926,5,1,3,0,
T-E2:A_ko_symptom,C_bug,semantic,huggingface/transformers#48862,1636,5,1,2,0,
T-E2:B_ko_context,C_raw,hybrid,huggingface/transformers#48346,413,1,1,0,0,
T-E2:B_ko_context,C_raw,hybrid,huggingface/transformers#48351,283,1,1,0,0,
T-E2:B_ko_context,C_raw,hybrid,huggingface/transformers#48757,546,2,1,1,0,
T-E2:B_ko_context,C_raw,hybrid,huggingface/transformers#48307,592,2,1,0,0,
T-E2:B_ko_context,C_raw,hybrid,huggingface/transformers#47436,580,2,1,0,0,
T-E2:B_ko_context,C_raw,semantic,huggingface/transformers#48346,413,1,1,0,0,
T-E2:B_ko_context,C_raw,semantic,huggingface/transformers#48757,546,2,1,1,0,
T-E2:B_ko_context,C_raw,semantic,huggingface/transformers#48351,283,1,1,0,0,
T-E2:B_ko_context,C_raw,semantic,huggingface/transformers#48240,2810,8,1,6,0,
T-E2:B_ko_context,C_raw,semantic,huggingface/transformers#48914,3954,11,1,7,0,
T-E2:B_ko_context,C_bug,hybrid,huggingface/transformers#47436,580,2,1,0,0,
T-E2:B_ko_context,C_bug,hybrid,huggingface/transformers#48312,6412,17,1,14,0,
T-E2:B_ko_context,C_bug,hybrid,huggingface/transformers#48690,9897,26,1,8,0,
T-E2:B_ko_context,C_bug,hybrid,huggingface/transformers#47448,1276,4,1,2,0,
T-E2:B_ko_context,C_bug,hybrid,huggingface/transformers#49190,5949,16,1,4,0,
T-E2:B_ko_context,C_bug,semantic,huggingface/transformers#49190,5949,16,1,4,0,
T-E2:B_ko_context,C_bug,semantic,huggingface/transformers#47436,580,2,1,0,0,
T-E2:B_ko_context,C_bug,semantic,huggingface/transformers#48966,1034,3,1,1,0,
T-E2:B_ko_context,C_bug,semantic,huggingface/transformers#47333,859,3,1,2,0,
T-E2:B_ko_context,C_bug,semantic,huggingface/transformers#48057,495,2,1,0,0,
T-E2:C_en_context,C_raw,semantic,huggingface/transformers#48346,413,1,1,0,0,
T-E2:C_en_context,C_raw,semantic,huggingface/transformers#48757,546,2,1,1,0,
T-E2:C_en_context,C_raw,semantic,huggingface/transformers#48351,283,1,1,0,0,
T-E2:C_en_context,C_raw,semantic,huggingface/transformers#47914,868,3,1,1,0,
T-E2:C_en_context,C_raw,semantic,huggingface/transformers#47917,1926,5,1,4,0,
T-E2:C_en_context,C_raw,hybrid,huggingface/transformers#48346,413,1,1,0,0,
T-E2:C_en_context,C_raw,hybrid,huggingface/transformers#48757,546,2,1,1,0,
T-E2:C_en_context,C_raw,hybrid,huggingface/transformers#48351,283,1,1,0,0,
T-E2:C_en_context,C_raw,hybrid,huggingface/transformers#48556,1067,3,1,0,0,
T-E2:C_en_context,C_raw,hybrid,huggingface/transformers#48308,854,3,1,1,0,
T-E2:C_en_context,C_bug,semantic,huggingface/transformers#47914,868,3,1,1,0,
T-E2:C_en_context,C_bug,semantic,huggingface/transformers#47917,1926,5,1,4,0,
T-E2:C_en_context,C_bug,semantic,huggingface/transformers#48312,6412,17,1,14,0,
T-E2:C_en_context,C_bug,semantic,huggingface/transformers#47766,961,3,1,2,0,
T-E2:C_en_context,C_bug,semantic,huggingface/transformers#47436,580,2,1,0,0,
T-E2:C_en_context,C_bug,hybrid,huggingface/transformers#48312,6412,17,1,14,0,
T-E2:C_en_context,C_bug,hybrid,huggingface/transformers#47436,580,2,1,0,0,
T-E2:C_en_context,C_bug,hybrid,huggingface/transformers#47448,1276,4,1,2,0,
T-E2:C_en_context,C_bug,hybrid,huggingface/transformers#47914,868,3,1,1,0,
T-E2:C_en_context,C_bug,hybrid,huggingface/transformers#47721,1515,4,1,1,0,
T-S1:A_ko_symptom,C_raw,hybrid,huggingface/transformers#47752,437,1,1,0,0,
T-S1:A_ko_symptom,C_raw,hybrid,huggingface/transformers#47981,2382,7,1,1,0,
T-S1:A_ko_symptom,C_raw,hybrid,huggingface/transformers#48240,2810,8,1,6,0,
T-S1:A_ko_symptom,C_raw,hybrid,huggingface/transformers#48263,2813,8,1,1,0,
T-S1:A_ko_symptom,C_raw,hybrid,huggingface/transformers#48321,1863,5,1,3,0,
T-S1:A_ko_symptom,C_raw,semantic,huggingface/transformers#48757,546,2,1,1,0,
T-S1:A_ko_symptom,C_raw,semantic,huggingface/transformers#48240,2810,8,1,6,0,
T-S1:A_ko_symptom,C_raw,semantic,huggingface/transformers#49026,12608,33,1,11,0,
T-S1:A_ko_symptom,C_raw,semantic,huggingface/transformers#47981,2382,7,1,1,0,
T-S1:A_ko_symptom,C_raw,semantic,huggingface/transformers#48422,2280,6,1,3,0,
T-S1:A_ko_symptom,C_bug,hybrid,huggingface/transformers#47752,437,1,1,0,0,
T-S1:A_ko_symptom,C_bug,hybrid,huggingface/transformers#47530,995,3,1,2,0,
T-S1:A_ko_symptom,C_bug,hybrid,huggingface/transformers#49095,2154,6,1,3,0,
T-S1:A_ko_symptom,C_bug,hybrid,huggingface/transformers#48887,3022,8,1,3,0,
T-S1:A_ko_symptom,C_bug,hybrid,huggingface/transformers#47337,1324,4,1,1,0,
T-S1:A_ko_symptom,C_bug,semantic,huggingface/transformers#47752,437,1,1,0,0,
T-S1:A_ko_symptom,C_bug,semantic,huggingface/transformers#47553,884,3,1,0,0,
T-S1:A_ko_symptom,C_bug,semantic,huggingface/transformers#48400,496,2,1,0,0,
T-S1:A_ko_symptom,C_bug,semantic,huggingface/transformers#47530,995,3,1,2,0,
T-S1:A_ko_symptom,C_bug,semantic,huggingface/transformers#47321,585,2,1,1,0,
T-S1:B_ko_context,C_raw,hybrid,huggingface/transformers#47752,437,1,1,0,0,
T-S1:B_ko_context,C_raw,hybrid,huggingface/transformers#47530,995,3,1,1,0,
T-S1:B_ko_context,C_raw,hybrid,huggingface/transformers#48592,2885,8,1,0,0,
T-S1:B_ko_context,C_raw,hybrid,huggingface/transformers#48039,3666,10,1,4,0,
T-S1:B_ko_context,C_raw,hybrid,huggingface/transformers#47532,3221,9,1,2,0,
T-S1:B_ko_context,C_raw,semantic,huggingface/transformers#47752,437,1,1,0,0,
T-S1:B_ko_context,C_raw,semantic,huggingface/transformers#47530,995,3,1,1,0,
T-S1:B_ko_context,C_raw,semantic,huggingface/transformers#47532,3221,9,1,2,0,
T-S1:B_ko_context,C_raw,semantic,huggingface/transformers#48592,2885,8,1,0,0,
T-S1:B_ko_context,C_raw,semantic,huggingface/transformers#48039,3666,10,1,4,0,
T-S1:B_ko_context,C_bug,hybrid,huggingface/transformers#47752,437,1,1,0,0,
T-S1:B_ko_context,C_bug,hybrid,huggingface/transformers#47530,995,3,1,1,0,
T-S1:B_ko_context,C_bug,hybrid,huggingface/transformers#48748,1446,4,1,1,0,
T-S1:B_ko_context,C_bug,hybrid,huggingface/transformers#48312,6412,17,1,1,0,
T-S1:B_ko_context,C_bug,hybrid,huggingface/transformers#48057,495,2,1,1,0,
T-S1:B_ko_context,C_bug,semantic,huggingface/transformers#47752,437,1,1,0,0,
T-S1:B_ko_context,C_bug,semantic,huggingface/transformers#47530,995,3,1,1,0,
T-S1:B_ko_context,C_bug,semantic,huggingface/transformers#48748,1446,4,1,1,0,
T-S1:B_ko_context,C_bug,semantic,huggingface/transformers#49093,1293,4,1,1,0,
T-S1:B_ko_context,C_bug,semantic,huggingface/transformers#48967,1083,3,1,0,0,
T-S1:C_en_context,C_raw,semantic,huggingface/transformers#47752,437,1,1,0,0,
T-S1:C_en_context,C_raw,semantic,huggingface/transformers#48039,3666,10,1,4,0,
T-S1:C_en_context,C_raw,semantic,huggingface/transformers#47530,995,3,1,1,0,
T-S1:C_en_context,C_raw,semantic,huggingface/transformers#49093,1293,4,1,1,0,
T-S1:C_en_context,C_raw,semantic,huggingface/transformers#48836,2288,6,1,1,0,
T-S1:C_en_context,C_raw,hybrid,huggingface/transformers#47752,437,1,1,0,0,
T-S1:C_en_context,C_raw,hybrid,huggingface/transformers#47530,995,3,1,1,0,
T-S1:C_en_context,C_raw,hybrid,huggingface/transformers#48039,3666,10,1,4,0,
T-S1:C_en_context,C_raw,hybrid,huggingface/transformers#48592,2885,8,1,0,0,
T-S1:C_en_context,C_raw,hybrid,huggingface/transformers#48748,1446,4,1,1,0,
T-S1:C_en_context,C_bug,semantic,huggingface/transformers#47752,437,1,1,0,0,
T-S1:C_en_context,C_bug,semantic,huggingface/transformers#47530,995,3,1,1,0,
T-S1:C_en_context,C_bug,semantic,huggingface/transformers#49093,1293,4,1,1,0,
T-S1:C_en_context,C_bug,semantic,huggingface/transformers#48748,1446,4,1,1,0,
T-S1:C_en_context,C_bug,semantic,huggingface/transformers#48967,1083,3,1,0,0,
T-S1:C_en_context,C_bug,hybrid,huggingface/transformers#47752,437,1,1,0,0,
T-S1:C_en_context,C_bug,hybrid,huggingface/transformers#47530,995,3,1,1,0,
T-S1:C_en_context,C_bug,hybrid,huggingface/transformers#48748,1446,4,1,1,0,
T-S1:C_en_context,C_bug,hybrid,huggingface/transformers#48312,6412,17,1,1,0,
T-S1:C_en_context,C_bug,hybrid,huggingface/transformers#47470,1011,3,1,1,0,
T-S2:A_ko_symptom,C_raw,hybrid,huggingface/transformers#48826,205,1,1,0,0,
T-S2:A_ko_symptom,C_raw,hybrid,huggingface/transformers#48755,637,2,1,1,0,
T-S2:A_ko_symptom,C_raw,hybrid,huggingface/transformers#49066,2164,6,1,0,0,
T-S2:A_ko_symptom,C_raw,hybrid,huggingface/transformers#48913,912,3,1,0,0,
T-S2:A_ko_symptom,C_raw,hybrid,huggingface/transformers#49000,3472,9,1,3,0,
T-S2:A_ko_symptom,C_raw,semantic,huggingface/transformers#48826,205,1,1,0,0,
T-S2:A_ko_symptom,C_raw,semantic,huggingface/transformers#49066,2164,6,1,0,0,
T-S2:A_ko_symptom,C_raw,semantic,huggingface/transformers#49000,3472,9,1,3,0,
T-S2:A_ko_symptom,C_raw,semantic,huggingface/transformers#49175,8375,22,1,6,0,
T-S2:A_ko_symptom,C_raw,semantic,huggingface/transformers#48422,2280,6,1,3,0,
T-S2:A_ko_symptom,C_bug,hybrid,huggingface/transformers#48826,205,1,1,0,0,
T-S2:A_ko_symptom,C_bug,hybrid,huggingface/transformers#49066,2164,6,1,0,0,
T-S2:A_ko_symptom,C_bug,hybrid,huggingface/transformers#49190,5949,16,1,4,0,
T-S2:A_ko_symptom,C_bug,hybrid,huggingface/transformers#47553,884,3,1,0,0,
T-S2:A_ko_symptom,C_bug,hybrid,huggingface/transformers#48567,1503,4,1,2,0,
T-S2:A_ko_symptom,C_bug,semantic,huggingface/transformers#48826,205,1,1,0,0,
T-S2:A_ko_symptom,C_bug,semantic,huggingface/transformers#49066,2164,6,1,0,0,
T-S2:A_ko_symptom,C_bug,semantic,huggingface/transformers#49190,5949,16,1,4,0,
T-S2:A_ko_symptom,C_bug,semantic,huggingface/transformers#47553,884,3,1,0,0,
T-S2:A_ko_symptom,C_bug,semantic,huggingface/transformers#48567,1503,4,1,2,0,
T-S2:B_ko_context,C_raw,hybrid,huggingface/transformers#48826,205,1,1,0,0,
T-S2:B_ko_context,C_raw,hybrid,huggingface/transformers#49066,2164,6,1,1,0,
T-S2:B_ko_context,C_raw,hybrid,huggingface/transformers#48350,464,2,1,0,0,
T-S2:B_ko_context,C_raw,hybrid,huggingface/transformers#49175,8375,22,1,6,0,
T-S2:B_ko_context,C_raw,hybrid,huggingface/transformers#48148,1350,4,1,3,0,
T-S2:B_ko_context,C_raw,semantic,huggingface/transformers#49066,2164,6,1,1,0,
T-S2:B_ko_context,C_raw,semantic,huggingface/transformers#48826,205,1,1,0,0,
T-S2:B_ko_context,C_raw,semantic,huggingface/transformers#48050,2799,8,1,5,0,
T-S2:B_ko_context,C_raw,semantic,huggingface/transformers#49169,6424,17,1,10,0,
T-S2:B_ko_context,C_raw,semantic,huggingface/transformers#48749,4928,13,1,4,0,
T-S2:B_ko_context,C_bug,hybrid,huggingface/transformers#48826,205,1,1,0,0,
T-S2:B_ko_context,C_bug,hybrid,huggingface/transformers#49066,2164,6,1,1,0,
T-S2:B_ko_context,C_bug,hybrid,huggingface/transformers#48148,1350,4,1,3,0,
T-S2:B_ko_context,C_bug,hybrid,huggingface/transformers#49190,5949,16,1,4,0,
T-S2:B_ko_context,C_bug,hybrid,huggingface/transformers#48690,9897,26,1,4,0,
T-S2:B_ko_context,C_bug,semantic,huggingface/transformers#49066,2164,6,1,1,0,
T-S2:B_ko_context,C_bug,semantic,huggingface/transformers#48826,205,1,1,0,0,
T-S2:B_ko_context,C_bug,semantic,huggingface/transformers#48690,9897,26,1,4,0,
T-S2:B_ko_context,C_bug,semantic,huggingface/transformers#47553,884,3,1,0,0,
T-S2:B_ko_context,C_bug,semantic,huggingface/transformers#48148,1350,4,1,3,0,
T-S2:C_en_context,C_raw,semantic,huggingface/transformers#48826,205,1,1,0,0,
T-S2:C_en_context,C_raw,semantic,huggingface/transformers#47407,550,2,1,0,0,
T-S2:C_en_context,C_raw,semantic,huggingface/transformers#48050,2799,8,1,5,0,
T-S2:C_en_context,C_raw,semantic,huggingface/transformers#48718,624,2,1,1,0,
T-S2:C_en_context,C_raw,semantic,huggingface/transformers#48889,991,3,1,2,0,
T-S2:C_en_context,C_raw,hybrid,huggingface/transformers#48826,205,1,1,0,0,
T-S2:C_en_context,C_raw,hybrid,huggingface/transformers#48690,9897,26,1,13,0,
T-S2:C_en_context,C_raw,hybrid,huggingface/transformers#47688,2823,8,1,0,0,
T-S2:C_en_context,C_raw,hybrid,huggingface/transformers#48841,768,2,1,0,0,
T-S2:C_en_context,C_raw,hybrid,huggingface/transformers#48148,1350,4,1,3,0,
T-S2:C_en_context,C_bug,semantic,huggingface/transformers#48826,205,1,1,0,0,
T-S2:C_en_context,C_bug,semantic,huggingface/transformers#48491,650,2,1,1,0,
T-S2:C_en_context,C_bug,semantic,huggingface/transformers#48690,9897,26,1,13,0,
T-S2:C_en_context,C_bug,semantic,huggingface/transformers#49193,1379,4,1,0,0,
T-S2:C_en_context,C_bug,semantic,huggingface/transformers#48148,1350,4,1,3,0,
T-S2:C_en_context,C_bug,hybrid,huggingface/transformers#48826,205,1,1,0,0,
T-S2:C_en_context,C_bug,hybrid,huggingface/transformers#48690,9897,26,1,13,0,
T-S2:C_en_context,C_bug,hybrid,huggingface/transformers#48148,1350,4,1,3,0,
T-S2:C_en_context,C_bug,hybrid,huggingface/transformers#49193,1379,4,1,0,0,
T-S2:C_en_context,C_bug,hybrid,huggingface/transformers#49066,2164,6,1,4,0,
T-C1:A_ko_symptom,C_raw,semantic,huggingface/transformers#48703,529,2,1,0,0,
T-C1:A_ko_symptom,C_raw,semantic,huggingface/transformers#47981,2382,7,1,1,0,
T-C1:A_ko_symptom,C_raw,semantic,huggingface/transformers#48501,658,2,1,0,0,
T-C1:A_ko_symptom,C_raw,semantic,huggingface/transformers#49175,8375,22,1,15,0,
T-C1:A_ko_symptom,C_raw,semantic,huggingface/transformers#49051,4602,12,1,11,0,
T-C1:A_ko_symptom,C_raw,hybrid,huggingface/transformers#48703,529,2,1,0,0,
T-C1:A_ko_symptom,C_raw,hybrid,huggingface/transformers#47981,2382,7,1,1,0,
T-C1:A_ko_symptom,C_raw,hybrid,huggingface/transformers#48501,658,2,1,0,0,
T-C1:A_ko_symptom,C_raw,hybrid,huggingface/transformers#49175,8375,22,1,15,0,
T-C1:A_ko_symptom,C_raw,hybrid,huggingface/transformers#49051,4602,12,1,11,0,
T-C1:A_ko_symptom,C_bug,semantic,huggingface/transformers#48703,529,2,1,0,0,
T-C1:A_ko_symptom,C_bug,semantic,huggingface/transformers#48501,658,2,1,0,0,
T-C1:A_ko_symptom,C_bug,semantic,huggingface/transformers#49051,4602,12,1,11,0,
T-C1:A_ko_symptom,C_bug,semantic,huggingface/transformers#47721,1515,4,1,1,0,
T-C1:A_ko_symptom,C_bug,semantic,huggingface/transformers#47530,995,3,1,2,0,
T-C1:A_ko_symptom,C_bug,hybrid,huggingface/transformers#48703,529,2,1,0,0,
T-C1:A_ko_symptom,C_bug,hybrid,huggingface/transformers#48501,658,2,1,0,0,
T-C1:A_ko_symptom,C_bug,hybrid,huggingface/transformers#49051,4602,12,1,11,0,
T-C1:A_ko_symptom,C_bug,hybrid,huggingface/transformers#47721,1515,4,1,1,0,
T-C1:A_ko_symptom,C_bug,hybrid,huggingface/transformers#47530,995,3,1,2,0,
T-C1:B_ko_context,C_raw,semantic,huggingface/transformers#48501,658,2,1,0,0,
T-C1:B_ko_context,C_raw,semantic,huggingface/transformers#47721,1515,4,1,2,0,
T-C1:B_ko_context,C_raw,semantic,huggingface/transformers#47534,1607,5,1,2,0,
T-C1:B_ko_context,C_raw,semantic,huggingface/transformers#48305,716,2,1,0,0,
T-C1:B_ko_context,C_raw,semantic,huggingface/transformers#48703,529,2,1,0,0,
T-C1:B_ko_context,C_raw,hybrid,huggingface/transformers#48501,658,2,1,0,0,
T-C1:B_ko_context,C_raw,hybrid,huggingface/transformers#47721,1515,4,1,2,0,
T-C1:B_ko_context,C_raw,hybrid,huggingface/transformers#48392,1826,5,1,0,0,
T-C1:B_ko_context,C_raw,hybrid,huggingface/transformers#47534,1607,5,1,2,0,
T-C1:B_ko_context,C_raw,hybrid,huggingface/transformers#48101,868,3,1,0,0,
T-C1:B_ko_context,C_bug,semantic,huggingface/transformers#48501,658,2,1,0,0,
T-C1:B_ko_context,C_bug,semantic,huggingface/transformers#47721,1515,4,1,2,0,
T-C1:B_ko_context,C_bug,semantic,huggingface/transformers#48703,529,2,1,0,0,
T-C1:B_ko_context,C_bug,semantic,huggingface/transformers#49051,4602,12,1,11,0,
T-C1:B_ko_context,C_bug,semantic,huggingface/transformers#47914,868,3,1,1,0,
T-C1:B_ko_context,C_bug,hybrid,huggingface/transformers#48501,658,2,1,0,0,
T-C1:B_ko_context,C_bug,hybrid,huggingface/transformers#47721,1515,4,1,2,0,
T-C1:B_ko_context,C_bug,hybrid,huggingface/transformers#47246,2773,8,1,5,0,
T-C1:B_ko_context,C_bug,hybrid,huggingface/transformers#48630,1013,3,1,1,0,
T-C1:B_ko_context,C_bug,hybrid,huggingface/transformers#48693,2492,7,1,0,0,
T-C1:C_en_context,C_raw,semantic,huggingface/transformers#48501,658,2,1,0,0,
T-C1:C_en_context,C_raw,semantic,huggingface/transformers#47721,1515,4,1,2,0,
T-C1:C_en_context,C_raw,semantic,huggingface/transformers#47534,1607,5,1,2,0,
T-C1:C_en_context,C_raw,semantic,huggingface/transformers#48305,716,2,1,0,0,
T-C1:C_en_context,C_raw,semantic,huggingface/transformers#48392,1826,5,1,0,0,
T-C1:C_en_context,C_raw,hybrid,huggingface/transformers#48501,658,2,1,0,0,
T-C1:C_en_context,C_raw,hybrid,huggingface/transformers#47721,1515,4,1,2,0,
T-C1:C_en_context,C_raw,hybrid,huggingface/transformers#48392,1826,5,1,0,0,
T-C1:C_en_context,C_raw,hybrid,huggingface/transformers#47534,1607,5,1,2,0,
T-C1:C_en_context,C_raw,hybrid,huggingface/transformers#48305,716,2,1,0,0,
T-C1:C_en_context,C_bug,semantic,huggingface/transformers#48501,658,2,1,0,0,
T-C1:C_en_context,C_bug,semantic,huggingface/transformers#47721,1515,4,1,2,0,
T-C1:C_en_context,C_bug,semantic,huggingface/transformers#48703,529,2,1,0,0,
T-C1:C_en_context,C_bug,semantic,huggingface/transformers#49051,4602,12,1,11,0,
T-C1:C_en_context,C_bug,semantic,huggingface/transformers#47914,868,3,1,1,0,
T-C1:C_en_context,C_bug,hybrid,huggingface/transformers#48501,658,2,1,0,0,
T-C1:C_en_context,C_bug,hybrid,huggingface/transformers#47721,1515,4,1,2,0,
T-C1:C_en_context,C_bug,hybrid,huggingface/transformers#47246,2773,8,1,5,0,
T-C1:C_en_context,C_bug,hybrid,huggingface/transformers#48630,1013,3,1,1,0,
T-C1:C_en_context,C_bug,hybrid,huggingface/transformers#49185,3101,8,1,2,0,
T-C2:A_ko_symptom,C_raw,semantic,huggingface/transformers#48315,1352,4,1,0,0,
T-C2:A_ko_symptom,C_raw,semantic,huggingface/transformers#49193,1379,4,1,0,0,
T-C2:A_ko_symptom,C_raw,semantic,huggingface/transformers#49121,955,3,1,0,0,
T-C2:A_ko_symptom,C_raw,semantic,huggingface/transformers#48805,1012,3,1,1,0,
T-C2:A_ko_symptom,C_raw,semantic,huggingface/transformers#47375,2008,6,1,1,0,
T-C2:A_ko_symptom,C_raw,hybrid,huggingface/transformers#48315,1352,4,1,0,0,
T-C2:A_ko_symptom,C_raw,hybrid,huggingface/transformers#47375,2008,6,1,1,0,
T-C2:A_ko_symptom,C_raw,hybrid,huggingface/transformers#49193,1379,4,1,0,0,
T-C2:A_ko_symptom,C_raw,hybrid,huggingface/transformers#48874,339,1,1,0,0,
T-C2:A_ko_symptom,C_raw,hybrid,huggingface/transformers#49121,955,3,1,0,0,
T-C2:A_ko_symptom,C_bug,semantic,huggingface/transformers#49193,1379,4,1,0,0,
T-C2:A_ko_symptom,C_bug,semantic,huggingface/transformers#49121,955,3,1,0,0,
T-C2:A_ko_symptom,C_bug,semantic,huggingface/transformers#48805,1012,3,1,1,0,
T-C2:A_ko_symptom,C_bug,semantic,huggingface/transformers#47254,1196,3,1,1,0,
T-C2:A_ko_symptom,C_bug,semantic,huggingface/transformers#49066,2164,6,1,1,0,
T-C2:A_ko_symptom,C_bug,hybrid,huggingface/transformers#49193,1379,4,1,0,0,
T-C2:A_ko_symptom,C_bug,hybrid,huggingface/transformers#49121,955,3,1,0,0,
T-C2:A_ko_symptom,C_bug,hybrid,huggingface/transformers#48805,1012,3,1,1,0,
T-C2:A_ko_symptom,C_bug,hybrid,huggingface/transformers#47254,1196,3,1,1,0,
T-C2:A_ko_symptom,C_bug,hybrid,huggingface/transformers#48690,9897,26,1,3,0,
T-C2:B_ko_context,C_raw,semantic,huggingface/transformers#48315,1352,4,1,0,0,
T-C2:B_ko_context,C_raw,semantic,huggingface/transformers#48805,1012,3,1,1,0,
T-C2:B_ko_context,C_raw,semantic,huggingface/transformers#47333,859,3,1,1,0,
T-C2:B_ko_context,C_raw,semantic,huggingface/transformers#48422,2280,6,1,3,0,
T-C2:B_ko_context,C_raw,semantic,huggingface/transformers#49121,955,3,1,0,0,
T-C2:B_ko_context,C_raw,hybrid,huggingface/transformers#48315,1352,4,1,0,0,
T-C2:B_ko_context,C_raw,hybrid,huggingface/transformers#49193,1379,4,1,0,0,
T-C2:B_ko_context,C_raw,hybrid,huggingface/transformers#48805,1012,3,1,1,0,
T-C2:B_ko_context,C_raw,hybrid,huggingface/transformers#48592,2885,8,1,0,0,
T-C2:B_ko_context,C_raw,hybrid,huggingface/transformers#49121,955,3,1,0,0,
T-C2:B_ko_context,C_bug,semantic,huggingface/transformers#48805,1012,3,1,1,0,
T-C2:B_ko_context,C_bug,semantic,huggingface/transformers#47333,859,3,1,1,0,
T-C2:B_ko_context,C_bug,semantic,huggingface/transformers#49121,955,3,1,0,0,
T-C2:B_ko_context,C_bug,semantic,huggingface/transformers#47332,844,3,1,1,0,
T-C2:B_ko_context,C_bug,semantic,huggingface/transformers#47321,585,2,1,1,0,
T-C2:B_ko_context,C_bug,hybrid,huggingface/transformers#49193,1379,4,1,0,0,
T-C2:B_ko_context,C_bug,hybrid,huggingface/transformers#48805,1012,3,1,1,0,
T-C2:B_ko_context,C_bug,hybrid,huggingface/transformers#49121,955,3,1,0,0,
T-C2:B_ko_context,C_bug,hybrid,huggingface/transformers#47254,1196,3,1,1,0,
T-C2:B_ko_context,C_bug,hybrid,huggingface/transformers#48285,1979,5,1,0,0,
T-C2:C_en_context,C_raw,hybrid,huggingface/transformers#48315,1352,4,1,0,0,
T-C2:C_en_context,C_raw,hybrid,huggingface/transformers#49193,1379,4,1,0,0,
T-C2:C_en_context,C_raw,hybrid,huggingface/transformers#49121,955,3,1,0,0,
T-C2:C_en_context,C_raw,hybrid,huggingface/transformers#47254,1196,3,1,1,0,
T-C2:C_en_context,C_raw,hybrid,huggingface/transformers#48592,2885,8,1,0,0,
T-C2:C_en_context,C_raw,semantic,huggingface/transformers#48315,1352,4,1,0,0,
T-C2:C_en_context,C_raw,semantic,huggingface/transformers#48805,1012,3,1,1,0,
T-C2:C_en_context,C_raw,semantic,huggingface/transformers#49193,1379,4,1,0,0,
T-C2:C_en_context,C_raw,semantic,huggingface/transformers#49121,955,3,1,0,0,
T-C2:C_en_context,C_raw,semantic,huggingface/transformers#48592,2885,8,1,0,0,
T-C2:C_en_context,C_bug,hybrid,huggingface/transformers#49193,1379,4,1,0,0,
T-C2:C_en_context,C_bug,hybrid,huggingface/transformers#49121,955,3,1,0,0,
T-C2:C_en_context,C_bug,hybrid,huggingface/transformers#47254,1196,3,1,1,0,
T-C2:C_en_context,C_bug,hybrid,huggingface/transformers#48805,1012,3,1,1,0,
T-C2:C_en_context,C_bug,hybrid,huggingface/transformers#48285,1979,5,1,0,0,
T-C2:C_en_context,C_bug,semantic,huggingface/transformers#48805,1012,3,1,1,0,
T-C2:C_en_context,C_bug,semantic,huggingface/transformers#49193,1379,4,1,0,0,
T-C2:C_en_context,C_bug,semantic,huggingface/transformers#49121,955,3,1,0,0,
T-C2:C_en_context,C_bug,semantic,huggingface/transformers#47254,1196,3,1,1,0,
T-C2:C_en_context,C_bug,semantic,huggingface/transformers#47405,798,2,1,1,0,
