scope,method,variant,case_families,execution_errors,source_reference_in_top5,hit_at_5,pooled_ndcg_at_5,quality_status
C_raw,bm25,A_ko_symptom,12,0,8,,,UNJUDGED
C_raw,bm25,B_ko_context,12,0,12,,,UNJUDGED
C_raw,bm25,C_en_context,12,0,12,,,UNJUDGED
C_raw,semantic,A_ko_symptom,12,0,9,,,UNJUDGED
C_raw,semantic,B_ko_context,12,0,12,,,UNJUDGED
C_raw,semantic,C_en_context,12,0,12,,,UNJUDGED
C_raw,hybrid,A_ko_symptom,12,0,10,,,UNJUDGED
C_raw,hybrid,B_ko_context,12,0,12,,,UNJUDGED
C_raw,hybrid,C_en_context,12,0,12,,,UNJUDGED
C_bug,bm25,A_ko_symptom,12,0,6,,,UNJUDGED
C_bug,bm25,B_ko_context,12,0,9,,,UNJUDGED
C_bug,bm25,C_en_context,12,0,9,,,UNJUDGED
C_bug,semantic,A_ko_symptom,12,0,9,,,UNJUDGED
C_bug,semantic,B_ko_context,12,0,9,,,UNJUDGED
C_bug,semantic,C_en_context,12,0,9,,,UNJUDGED
C_bug,hybrid,A_ko_symptom,12,0,8,,,UNJUDGED
C_bug,hybrid,B_ko_context,12,0,9,,,UNJUDGED
C_bug,hybrid,C_en_context,12,0,9,,,UNJUDGED
