repository,scope,doc_id
opencv/opencv,C_raw,opencv/opencv#28024
opencv/opencv,C_raw,opencv/opencv#28028
opencv/opencv,C_raw,opencv/opencv#28036
opencv/opencv,C_raw,opencv/opencv#28042
opencv/opencv,C_raw,opencv/opencv#28046
opencv/opencv,C_raw,opencv/opencv#28049
opencv/opencv,C_raw,opencv/opencv#28060
opencv/opencv,C_raw,opencv/opencv#28062
opencv/opencv,C_raw,opencv/opencv#28064
opencv/opencv,C_raw,opencv/opencv#28070
opencv/opencv,C_raw,opencv/opencv#28071
opencv/opencv,C_raw,opencv/opencv#28081
opencv/opencv,C_raw,opencv/opencv#28089
opencv/opencv,C_raw,opencv/opencv#28094
opencv/opencv,C_raw,opencv/opencv#28095
opencv/opencv,C_raw,opencv/opencv#28100
opencv/opencv,C_raw,opencv/opencv#28101
opencv/opencv,C_raw,opencv/opencv#28115
opencv/opencv,C_raw,opencv/opencv#28124
opencv/opencv,C_raw,opencv/opencv#28126
opencv/opencv,C_raw,opencv/opencv#28130
opencv/opencv,C_raw,opencv/opencv#28136
opencv/opencv,C_raw,opencv/opencv#28152
opencv/opencv,C_raw,opencv/opencv#28154
opencv/opencv,C_raw,opencv/opencv#28160
opencv/opencv,C_raw,opencv/opencv#28165
opencv/opencv,C_raw,opencv/opencv#28166
opencv/opencv,C_raw,opencv/opencv#28167
opencv/opencv,C_raw,opencv/opencv#28170
opencv/opencv,C_raw,opencv/opencv#28178
opencv/opencv,C_raw,opencv/opencv#28183
opencv/opencv,C_raw,opencv/opencv#28187
opencv/opencv,C_raw,opencv/opencv#28189
opencv/opencv,C_raw,opencv/opencv#28207
opencv/opencv,C_raw,opencv/opencv#28209
opencv/opencv,C_raw,opencv/opencv#28222
opencv/opencv,C_raw,opencv/opencv#28233
opencv/opencv,C_raw,opencv/opencv#28237
opencv/opencv,C_raw,opencv/opencv#28238
opencv/opencv,C_raw,opencv/opencv#28241
opencv/opencv,C_raw,opencv/opencv#28244
opencv/opencv,C_raw,opencv/opencv#28245
opencv/opencv,C_raw,opencv/opencv#28247
opencv/opencv,C_raw,opencv/opencv#28251
opencv/opencv,C_raw,opencv/opencv#28253
opencv/opencv,C_raw,opencv/opencv#28254
opencv/opencv,C_raw,opencv/opencv#28268
opencv/opencv,C_raw,opencv/opencv#28279
opencv/opencv,C_raw,opencv/opencv#28280
opencv/opencv,C_raw,opencv/opencv#28291
opencv/opencv,C_raw,opencv/opencv#28296
opencv/opencv,C_raw,opencv/opencv#28315
opencv/opencv,C_raw,opencv/opencv#28319
opencv/opencv,C_raw,opencv/opencv#28321
opencv/opencv,C_raw,opencv/opencv#28325
opencv/opencv,C_raw,opencv/opencv#28335
opencv/opencv,C_raw,opencv/opencv#28339
opencv/opencv,C_raw,opencv/opencv#28343
opencv/opencv,C_raw,opencv/opencv#28344
opencv/opencv,C_raw,opencv/opencv#28347
opencv/opencv,C_raw,opencv/opencv#28350
opencv/opencv,C_raw,opencv/opencv#28352
opencv/opencv,C_raw,opencv/opencv#28358
opencv/opencv,C_raw,opencv/opencv#28370
opencv/opencv,C_raw,opencv/opencv#28377
opencv/opencv,C_raw,opencv/opencv#28382
opencv/opencv,C_raw,opencv/opencv#28383
opencv/opencv,C_raw,opencv/opencv#28384
opencv/opencv,C_raw,opencv/opencv#28385
opencv/opencv,C_raw,opencv/opencv#28391
opencv/opencv,C_raw,opencv/opencv#28396
opencv/opencv,C_raw,opencv/opencv#28398
opencv/opencv,C_raw,opencv/opencv#28405
opencv/opencv,C_raw,opencv/opencv#28407
opencv/opencv,C_raw,opencv/opencv#28420
opencv/opencv,C_raw,opencv/opencv#28424
opencv/opencv,C_raw,opencv/opencv#28429
opencv/opencv,C_raw,opencv/opencv#28430
opencv/opencv,C_raw,opencv/opencv#28435
opencv/opencv,C_raw,opencv/opencv#28436
opencv/opencv,C_raw,opencv/opencv#28438
opencv/opencv,C_raw,opencv/opencv#28440
opencv/opencv,C_raw,opencv/opencv#28445
opencv/opencv,C_raw,opencv/opencv#28449
opencv/opencv,C_raw,opencv/opencv#28459
opencv/opencv,C_raw,opencv/opencv#28462
opencv/opencv,C_raw,opencv/opencv#28469
opencv/opencv,C_raw,opencv/opencv#28478
opencv/opencv,C_raw,opencv/opencv#28480
opencv/opencv,C_raw,opencv/opencv#28487
opencv/opencv,C_raw,opencv/opencv#28494
opencv/opencv,C_raw,opencv/opencv#28495
opencv/opencv,C_raw,opencv/opencv#28496
opencv/opencv,C_raw,opencv/opencv#28498
opencv/opencv,C_raw,opencv/opencv#28503
opencv/opencv,C_raw,opencv/opencv#28512
opencv/opencv,C_raw,opencv/opencv#28513
opencv/opencv,C_raw,opencv/opencv#28514
opencv/opencv,C_raw,opencv/opencv#28516
opencv/opencv,C_raw,opencv/opencv#28525
opencv/opencv,C_raw,opencv/opencv#28528
opencv/opencv,C_raw,opencv/opencv#28530
opencv/opencv,C_raw,opencv/opencv#28532
opencv/opencv,C_raw,opencv/opencv#28534
opencv/opencv,C_raw,opencv/opencv#28546
opencv/opencv,C_raw,opencv/opencv#28549
opencv/opencv,C_raw,opencv/opencv#28553
opencv/opencv,C_raw,opencv/opencv#28554
opencv/opencv,C_raw,opencv/opencv#28557
opencv/opencv,C_raw,opencv/opencv#28561
opencv/opencv,C_raw,opencv/opencv#28563
opencv/opencv,C_raw,opencv/opencv#28567
opencv/opencv,C_raw,opencv/opencv#28568
opencv/opencv,C_raw,opencv/opencv#28571
opencv/opencv,C_raw,opencv/opencv#28580
opencv/opencv,C_raw,opencv/opencv#28583
opencv/opencv,C_raw,opencv/opencv#28586
opencv/opencv,C_raw,opencv/opencv#28594
opencv/opencv,C_raw,opencv/opencv#28596
opencv/opencv,C_raw,opencv/opencv#28597
opencv/opencv,C_raw,opencv/opencv#28598
opencv/opencv,C_raw,opencv/opencv#28599
opencv/opencv,C_raw,opencv/opencv#28603
opencv/opencv,C_raw,opencv/opencv#28604
opencv/opencv,C_raw,opencv/opencv#28606
opencv/opencv,C_raw,opencv/opencv#28608
opencv/opencv,C_raw,opencv/opencv#28613
opencv/opencv,C_raw,opencv/opencv#28616
opencv/opencv,C_raw,opencv/opencv#28619
opencv/opencv,C_raw,opencv/opencv#28627
opencv/opencv,C_raw,opencv/opencv#28629
opencv/opencv,C_raw,opencv/opencv#28631
opencv/opencv,C_raw,opencv/opencv#28638
opencv/opencv,C_raw,opencv/opencv#28648
opencv/opencv,C_raw,opencv/opencv#28651
opencv/opencv,C_raw,opencv/opencv#28657
opencv/opencv,C_raw,opencv/opencv#28658
opencv/opencv,C_raw,opencv/opencv#28659
opencv/opencv,C_raw,opencv/opencv#28666
opencv/opencv,C_raw,opencv/opencv#28670
opencv/opencv,C_raw,opencv/opencv#28671
opencv/opencv,C_raw,opencv/opencv#28672
opencv/opencv,C_raw,opencv/opencv#28683
opencv/opencv,C_raw,opencv/opencv#28685
opencv/opencv,C_raw,opencv/opencv#28689
opencv/opencv,C_raw,opencv/opencv#28696
opencv/opencv,C_raw,opencv/opencv#28697
opencv/opencv,C_raw,opencv/opencv#28702
opencv/opencv,C_raw,opencv/opencv#28703
opencv/opencv,C_raw,opencv/opencv#28707
opencv/opencv,C_raw,opencv/opencv#28717
opencv/opencv,C_raw,opencv/opencv#28725
opencv/opencv,C_raw,opencv/opencv#28726
opencv/opencv,C_raw,opencv/opencv#28743
opencv/opencv,C_raw,opencv/opencv#28766
opencv/opencv,C_raw,opencv/opencv#28768
opencv/opencv,C_raw,opencv/opencv#28769
opencv/opencv,C_raw,opencv/opencv#28775
opencv/opencv,C_raw,opencv/opencv#28776
opencv/opencv,C_raw,opencv/opencv#28777
opencv/opencv,C_raw,opencv/opencv#28783
opencv/opencv,C_raw,opencv/opencv#28784
opencv/opencv,C_raw,opencv/opencv#28789
opencv/opencv,C_raw,opencv/opencv#28798
opencv/opencv,C_raw,opencv/opencv#28809
opencv/opencv,C_raw,opencv/opencv#28822
opencv/opencv,C_raw,opencv/opencv#28831
opencv/opencv,C_raw,opencv/opencv#28834
opencv/opencv,C_raw,opencv/opencv#28843
opencv/opencv,C_raw,opencv/opencv#28845
opencv/opencv,C_raw,opencv/opencv#28846
opencv/opencv,C_raw,opencv/opencv#28852
opencv/opencv,C_raw,opencv/opencv#28870
opencv/opencv,C_raw,opencv/opencv#28875
opencv/opencv,C_raw,opencv/opencv#28876
opencv/opencv,C_raw,opencv/opencv#28882
opencv/opencv,C_raw,opencv/opencv#28901
opencv/opencv,C_raw,opencv/opencv#28904
opencv/opencv,C_raw,opencv/opencv#28910
opencv/opencv,C_raw,opencv/opencv#28911
opencv/opencv,C_raw,opencv/opencv#28913
opencv/opencv,C_raw,opencv/opencv#28919
opencv/opencv,C_raw,opencv/opencv#28921
opencv/opencv,C_raw,opencv/opencv#28924
opencv/opencv,C_raw,opencv/opencv#28926
opencv/opencv,C_raw,opencv/opencv#28928
opencv/opencv,C_raw,opencv/opencv#28930
opencv/opencv,C_raw,opencv/opencv#28940
opencv/opencv,C_raw,opencv/opencv#28941
opencv/opencv,C_raw,opencv/opencv#28943
opencv/opencv,C_raw,opencv/opencv#28948
opencv/opencv,C_raw,opencv/opencv#28949
opencv/opencv,C_raw,opencv/opencv#28952
opencv/opencv,C_raw,opencv/opencv#28953
opencv/opencv,C_raw,opencv/opencv#28956
opencv/opencv,C_raw,opencv/opencv#28960
opencv/opencv,C_raw,opencv/opencv#28962
opencv/opencv,C_raw,opencv/opencv#28980
opencv/opencv,C_raw,opencv/opencv#28983
opencv/opencv,C_raw,opencv/opencv#29001
opencv/opencv,C_raw,opencv/opencv#29002
opencv/opencv,C_raw,opencv/opencv#29007
opencv/opencv,C_raw,opencv/opencv#29011
opencv/opencv,C_raw,opencv/opencv#29015
opencv/opencv,C_raw,opencv/opencv#29017
opencv/opencv,C_raw,opencv/opencv#29023
opencv/opencv,C_raw,opencv/opencv#29028
opencv/opencv,C_raw,opencv/opencv#29035
opencv/opencv,C_raw,opencv/opencv#29043
opencv/opencv,C_raw,opencv/opencv#29049
opencv/opencv,C_raw,opencv/opencv#29052
opencv/opencv,C_raw,opencv/opencv#29072
opencv/opencv,C_raw,opencv/opencv#29085
opencv/opencv,C_raw,opencv/opencv#29095
opencv/opencv,C_raw,opencv/opencv#29110
opencv/opencv,C_raw,opencv/opencv#29112
opencv/opencv,C_raw,opencv/opencv#29142
opencv/opencv,C_raw,opencv/opencv#29150
opencv/opencv,C_raw,opencv/opencv#29152
opencv/opencv,C_raw,opencv/opencv#29160
opencv/opencv,C_raw,opencv/opencv#29166
opencv/opencv,C_raw,opencv/opencv#29182
opencv/opencv,C_raw,opencv/opencv#29195
opencv/opencv,C_raw,opencv/opencv#29207
opencv/opencv,C_raw,opencv/opencv#29208
opencv/opencv,C_raw,opencv/opencv#29210
opencv/opencv,C_raw,opencv/opencv#29212
opencv/opencv,C_raw,opencv/opencv#29222
opencv/opencv,C_raw,opencv/opencv#29232
opencv/opencv,C_raw,opencv/opencv#29234
opencv/opencv,C_raw,opencv/opencv#29238
opencv/opencv,C_raw,opencv/opencv#29239
opencv/opencv,C_raw,opencv/opencv#29254
opencv/opencv,C_raw,opencv/opencv#29256
opencv/opencv,C_raw,opencv/opencv#29258
opencv/opencv,C_raw,opencv/opencv#29260
opencv/opencv,C_raw,opencv/opencv#29263
opencv/opencv,C_raw,opencv/opencv#29265
opencv/opencv,C_raw,opencv/opencv#29266
opencv/opencv,C_raw,opencv/opencv#29278
opencv/opencv,C_raw,opencv/opencv#29279
opencv/opencv,C_raw,opencv/opencv#29280
opencv/opencv,C_raw,opencv/opencv#29287
opencv/opencv,C_raw,opencv/opencv#29291
opencv/opencv,C_raw,opencv/opencv#29292
opencv/opencv,C_raw,opencv/opencv#29308
opencv/opencv,C_raw,opencv/opencv#29311
opencv/opencv,C_raw,opencv/opencv#29313
opencv/opencv,C_raw,opencv/opencv#29315
opencv/opencv,C_raw,opencv/opencv#29317
opencv/opencv,C_raw,opencv/opencv#29318
opencv/opencv,C_raw,opencv/opencv#29325
opencv/opencv,C_raw,opencv/opencv#29337
opencv/opencv,C_raw,opencv/opencv#29342
opencv/opencv,C_raw,opencv/opencv#29350
opencv/opencv,C_raw,opencv/opencv#29355
opencv/opencv,C_raw,opencv/opencv#29363
opencv/opencv,C_raw,opencv/opencv#29365
opencv/opencv,C_raw,opencv/opencv#29375
opencv/opencv,C_raw,opencv/opencv#29376
opencv/opencv,C_raw,opencv/opencv#29385
opencv/opencv,C_raw,opencv/opencv#29412
opencv/opencv,C_raw,opencv/opencv#29415
opencv/opencv,C_raw,opencv/opencv#29419
opencv/opencv,C_raw,opencv/opencv#29422
opencv/opencv,C_raw,opencv/opencv#29435
opencv/opencv,C_raw,opencv/opencv#29436
opencv/opencv,C_raw,opencv/opencv#29443
opencv/opencv,C_raw,opencv/opencv#29444
opencv/opencv,C_raw,opencv/opencv#29452
opencv/opencv,C_raw,opencv/opencv#29454
opencv/opencv,C_raw,opencv/opencv#29458
opencv/opencv,C_raw,opencv/opencv#29465
opencv/opencv,C_raw,opencv/opencv#29470
opencv/opencv,C_raw,opencv/opencv#29471
opencv/opencv,C_raw,opencv/opencv#29475
opencv/opencv,C_raw,opencv/opencv#29504
opencv/opencv,C_raw,opencv/opencv#29510
opencv/opencv,C_raw,opencv/opencv#29521
opencv/opencv,C_raw,opencv/opencv#29528
opencv/opencv,C_raw,opencv/opencv#29540
opencv/opencv,C_raw,opencv/opencv#29559
opencv/opencv,C_raw,opencv/opencv#29562
opencv/opencv,C_raw,opencv/opencv#29564
opencv/opencv,C_raw,opencv/opencv#29565
opencv/opencv,C_raw,opencv/opencv#29568
opencv/opencv,C_raw,opencv/opencv#29570
opencv/opencv,C_raw,opencv/opencv#29573
opencv/opencv,C_raw,opencv/opencv#29576
opencv/opencv,C_raw,opencv/opencv#29578
opencv/opencv,C_raw,opencv/opencv#29586
opencv/opencv,C_raw,opencv/opencv#29587
opencv/opencv,C_raw,opencv/opencv#29588
opencv/opencv,C_raw,opencv/opencv#29589
opencv/opencv,C_raw,opencv/opencv#29590
opencv/opencv,C_raw,opencv/opencv#29591
opencv/opencv,C_raw,opencv/opencv#29592
opencv/opencv,C_raw,opencv/opencv#29593
opencv/opencv,C_raw,opencv/opencv#29596
opencv/opencv,C_raw,opencv/opencv#29604
opencv/opencv,C_raw,opencv/opencv#29605
opencv/opencv,C_raw,opencv/opencv#29611
opencv/opencv,C_raw,opencv/opencv#29612
opencv/opencv,C_raw,opencv/opencv#29613
opencv/opencv,C_raw,opencv/opencv#29614
opencv/opencv,C_raw,opencv/opencv#29615
opencv/opencv,C_raw,opencv/opencv#29634
opencv/opencv,C_raw,opencv/opencv#29636
opencv/opencv,C_raw,opencv/opencv#29637
opencv/opencv,C_raw,opencv/opencv#29639
opencv/opencv,C_raw,opencv/opencv#29645
opencv/opencv,C_raw,opencv/opencv#29651
opencv/opencv,C_raw,opencv/opencv#29652
opencv/opencv,C_raw,opencv/opencv#29654
opencv/opencv,C_raw,opencv/opencv#29655
opencv/opencv,C_raw,opencv/opencv#29692
opencv/opencv,C_raw,opencv/opencv#29694
opencv/opencv,C_raw,opencv/opencv#29699
opencv/opencv,C_raw,opencv/opencv#29703
opencv/opencv,C_raw,opencv/opencv#29705
opencv/opencv,C_raw,opencv/opencv#29706
opencv/opencv,C_raw,opencv/opencv#29712
opencv/opencv,C_raw,opencv/opencv#29721
opencv/opencv,C_raw,opencv/opencv#29722
opencv/opencv,C_raw,opencv/opencv#29724
opencv/opencv,C_raw,opencv/opencv#29730
opencv/opencv,C_raw,opencv/opencv#29733
opencv/opencv,C_raw,opencv/opencv#29736
opencv/opencv,C_raw,opencv/opencv#29739
opencv/opencv,C_raw,opencv/opencv#29747
opencv/opencv,C_raw,opencv/opencv#29761
opencv/opencv,C_raw,opencv/opencv#29763
opencv/opencv,C_raw,opencv/opencv#29768
opencv/opencv,C_raw,opencv/opencv#29769
opencv/opencv,C_raw,opencv/opencv#29774
opencv/opencv,C_raw,opencv/opencv#29776
opencv/opencv,C_raw,opencv/opencv#29778
opencv/opencv,C_raw,opencv/opencv#29781
opencv/opencv,C_raw,opencv/opencv#29787
opencv/opencv,C_raw,opencv/opencv#29788
opencv/opencv,C_raw,opencv/opencv#29794
opencv/opencv,C_raw,opencv/opencv#29798
opencv/opencv,C_raw,opencv/opencv#29816
opencv/opencv,C_raw,opencv/opencv#29817
opencv/opencv,C_raw,opencv/opencv#29818
opencv/opencv,C_raw,opencv/opencv#29819
opencv/opencv,C_raw,opencv/opencv#29821
opencv/opencv,C_raw,opencv/opencv#29826
opencv/opencv,C_raw,opencv/opencv#29827
opencv/opencv,C_raw,opencv/opencv#29837
opencv/opencv,C_raw,opencv/opencv#29840
opencv/opencv,C_raw,opencv/opencv#29845
opencv/opencv,C_raw,opencv/opencv#29847
opencv/opencv,C_raw,opencv/opencv#29849
opencv/opencv,C_raw,opencv/opencv#29854
opencv/opencv,C_raw,opencv/opencv#29865
opencv/opencv,C_raw,opencv/opencv#29869
opencv/opencv,C_raw,opencv/opencv#29870
opencv/opencv,C_raw,opencv/opencv#29880
opencv/opencv,C_raw,opencv/opencv#29885
opencv/opencv,C_raw,opencv/opencv#29887
opencv/opencv,C_raw,opencv/opencv#29888
opencv/opencv,C_raw,opencv/opencv#29893
opencv/opencv,C_raw,opencv/opencv#29907
opencv/opencv,C_raw,opencv/opencv#29935
opencv/opencv,C_raw,opencv/opencv#29936
opencv/opencv,C_raw,opencv/opencv#29938
opencv/opencv,C_raw,opencv/opencv#29939
opencv/opencv,C_raw,opencv/opencv#29964
opencv/opencv,C_raw,opencv/opencv#29984
opencv/opencv,C_raw,opencv/opencv#29985
opencv/opencv,C_raw,opencv/opencv#29990
opencv/opencv,C_raw,opencv/opencv#29996
opencv/opencv,C_raw,opencv/opencv#30002
opencv/opencv,C_raw,opencv/opencv#30004
opencv/opencv,C_raw,opencv/opencv#30017
opencv/opencv,C_raw,opencv/opencv#30019
opencv/opencv,C_raw,opencv/opencv#30027
opencv/opencv,C_raw,opencv/opencv#30030
opencv/opencv,C_raw,opencv/opencv#30046
opencv/opencv,C_raw,opencv/opencv#30067
opencv/opencv,C_raw,opencv/opencv#30077
opencv/opencv,C_raw,opencv/opencv#30087
opencv/opencv,C_raw,opencv/opencv#30090
opencv/opencv,C_raw,opencv/opencv#30095
opencv/opencv,C_raw,opencv/opencv#30110
opencv/opencv,C_raw,opencv/opencv#30114
opencv/opencv,C_bug,opencv/opencv#28028
opencv/opencv,C_bug,opencv/opencv#28036
opencv/opencv,C_bug,opencv/opencv#28046
opencv/opencv,C_bug,opencv/opencv#28049
opencv/opencv,C_bug,opencv/opencv#28060
opencv/opencv,C_bug,opencv/opencv#28064
opencv/opencv,C_bug,opencv/opencv#28070
opencv/opencv,C_bug,opencv/opencv#28071
opencv/opencv,C_bug,opencv/opencv#28081
opencv/opencv,C_bug,opencv/opencv#28089
opencv/opencv,C_bug,opencv/opencv#28095
opencv/opencv,C_bug,opencv/opencv#28101
opencv/opencv,C_bug,opencv/opencv#28124
opencv/opencv,C_bug,opencv/opencv#28126
opencv/opencv,C_bug,opencv/opencv#28130
opencv/opencv,C_bug,opencv/opencv#28160
opencv/opencv,C_bug,opencv/opencv#28165
opencv/opencv,C_bug,opencv/opencv#28167
opencv/opencv,C_bug,opencv/opencv#28178
opencv/opencv,C_bug,opencv/opencv#28183
opencv/opencv,C_bug,opencv/opencv#28187
opencv/opencv,C_bug,opencv/opencv#28189
opencv/opencv,C_bug,opencv/opencv#28207
opencv/opencv,C_bug,opencv/opencv#28233
opencv/opencv,C_bug,opencv/opencv#28237
opencv/opencv,C_bug,opencv/opencv#28241
opencv/opencv,C_bug,opencv/opencv#28245
opencv/opencv,C_bug,opencv/opencv#28251
opencv/opencv,C_bug,opencv/opencv#28253
opencv/opencv,C_bug,opencv/opencv#28254
opencv/opencv,C_bug,opencv/opencv#28268
opencv/opencv,C_bug,opencv/opencv#28321
opencv/opencv,C_bug,opencv/opencv#28339
opencv/opencv,C_bug,opencv/opencv#28343
opencv/opencv,C_bug,opencv/opencv#28344
opencv/opencv,C_bug,opencv/opencv#28347
opencv/opencv,C_bug,opencv/opencv#28350
opencv/opencv,C_bug,opencv/opencv#28352
opencv/opencv,C_bug,opencv/opencv#28370
opencv/opencv,C_bug,opencv/opencv#28382
opencv/opencv,C_bug,opencv/opencv#28383
opencv/opencv,C_bug,opencv/opencv#28384
opencv/opencv,C_bug,opencv/opencv#28385
opencv/opencv,C_bug,opencv/opencv#28396
opencv/opencv,C_bug,opencv/opencv#28407
opencv/opencv,C_bug,opencv/opencv#28420
opencv/opencv,C_bug,opencv/opencv#28424
opencv/opencv,C_bug,opencv/opencv#28429
opencv/opencv,C_bug,opencv/opencv#28436
opencv/opencv,C_bug,opencv/opencv#28438
opencv/opencv,C_bug,opencv/opencv#28445
opencv/opencv,C_bug,opencv/opencv#28462
opencv/opencv,C_bug,opencv/opencv#28469
opencv/opencv,C_bug,opencv/opencv#28478
opencv/opencv,C_bug,opencv/opencv#28487
opencv/opencv,C_bug,opencv/opencv#28495
opencv/opencv,C_bug,opencv/opencv#28498
opencv/opencv,C_bug,opencv/opencv#28503
opencv/opencv,C_bug,opencv/opencv#28512
opencv/opencv,C_bug,opencv/opencv#28525
opencv/opencv,C_bug,opencv/opencv#28528
opencv/opencv,C_bug,opencv/opencv#28532
opencv/opencv,C_bug,opencv/opencv#28534
opencv/opencv,C_bug,opencv/opencv#28546
opencv/opencv,C_bug,opencv/opencv#28549
opencv/opencv,C_bug,opencv/opencv#28553
opencv/opencv,C_bug,opencv/opencv#28554
opencv/opencv,C_bug,opencv/opencv#28557
opencv/opencv,C_bug,opencv/opencv#28561
opencv/opencv,C_bug,opencv/opencv#28563
opencv/opencv,C_bug,opencv/opencv#28567
opencv/opencv,C_bug,opencv/opencv#28580
opencv/opencv,C_bug,opencv/opencv#28598
opencv/opencv,C_bug,opencv/opencv#28599
opencv/opencv,C_bug,opencv/opencv#28603
opencv/opencv,C_bug,opencv/opencv#28604
opencv/opencv,C_bug,opencv/opencv#28608
opencv/opencv,C_bug,opencv/opencv#28613
opencv/opencv,C_bug,opencv/opencv#28619
opencv/opencv,C_bug,opencv/opencv#28627
opencv/opencv,C_bug,opencv/opencv#28629
opencv/opencv,C_bug,opencv/opencv#28631
opencv/opencv,C_bug,opencv/opencv#28638
opencv/opencv,C_bug,opencv/opencv#28648
opencv/opencv,C_bug,opencv/opencv#28657
opencv/opencv,C_bug,opencv/opencv#28659
opencv/opencv,C_bug,opencv/opencv#28666
opencv/opencv,C_bug,opencv/opencv#28689
opencv/opencv,C_bug,opencv/opencv#28707
opencv/opencv,C_bug,opencv/opencv#28717
opencv/opencv,C_bug,opencv/opencv#28725
opencv/opencv,C_bug,opencv/opencv#28726
opencv/opencv,C_bug,opencv/opencv#28766
opencv/opencv,C_bug,opencv/opencv#28768
opencv/opencv,C_bug,opencv/opencv#28769
opencv/opencv,C_bug,opencv/opencv#28783
opencv/opencv,C_bug,opencv/opencv#28784
opencv/opencv,C_bug,opencv/opencv#28789
opencv/opencv,C_bug,opencv/opencv#28798
opencv/opencv,C_bug,opencv/opencv#28809
opencv/opencv,C_bug,opencv/opencv#28822
opencv/opencv,C_bug,opencv/opencv#28831
opencv/opencv,C_bug,opencv/opencv#28845
opencv/opencv,C_bug,opencv/opencv#28852
opencv/opencv,C_bug,opencv/opencv#28870
opencv/opencv,C_bug,opencv/opencv#28875
opencv/opencv,C_bug,opencv/opencv#28876
opencv/opencv,C_bug,opencv/opencv#28882
opencv/opencv,C_bug,opencv/opencv#28901
opencv/opencv,C_bug,opencv/opencv#28904
opencv/opencv,C_bug,opencv/opencv#28911
opencv/opencv,C_bug,opencv/opencv#28913
opencv/opencv,C_bug,opencv/opencv#28919
opencv/opencv,C_bug,opencv/opencv#28926
opencv/opencv,C_bug,opencv/opencv#28928
opencv/opencv,C_bug,opencv/opencv#28930
opencv/opencv,C_bug,opencv/opencv#28940
opencv/opencv,C_bug,opencv/opencv#28941
opencv/opencv,C_bug,opencv/opencv#28948
opencv/opencv,C_bug,opencv/opencv#28949
opencv/opencv,C_bug,opencv/opencv#28952
opencv/opencv,C_bug,opencv/opencv#28980
opencv/opencv,C_bug,opencv/opencv#29007
opencv/opencv,C_bug,opencv/opencv#29023
opencv/opencv,C_bug,opencv/opencv#29028
opencv/opencv,C_bug,opencv/opencv#29035
opencv/opencv,C_bug,opencv/opencv#29052
opencv/opencv,C_bug,opencv/opencv#29072
opencv/opencv,C_bug,opencv/opencv#29085
opencv/opencv,C_bug,opencv/opencv#29095
opencv/opencv,C_bug,opencv/opencv#29110
opencv/opencv,C_bug,opencv/opencv#29112
opencv/opencv,C_bug,opencv/opencv#29142
opencv/opencv,C_bug,opencv/opencv#29150
opencv/opencv,C_bug,opencv/opencv#29152
opencv/opencv,C_bug,opencv/opencv#29160
opencv/opencv,C_bug,opencv/opencv#29166
opencv/opencv,C_bug,opencv/opencv#29182
opencv/opencv,C_bug,opencv/opencv#29195
opencv/opencv,C_bug,opencv/opencv#29207
opencv/opencv,C_bug,opencv/opencv#29208
opencv/opencv,C_bug,opencv/opencv#29210
opencv/opencv,C_bug,opencv/opencv#29222
opencv/opencv,C_bug,opencv/opencv#29232
opencv/opencv,C_bug,opencv/opencv#29234
opencv/opencv,C_bug,opencv/opencv#29238
opencv/opencv,C_bug,opencv/opencv#29239
opencv/opencv,C_bug,opencv/opencv#29254
opencv/opencv,C_bug,opencv/opencv#29265
opencv/opencv,C_bug,opencv/opencv#29278
opencv/opencv,C_bug,opencv/opencv#29279
opencv/opencv,C_bug,opencv/opencv#29280
opencv/opencv,C_bug,opencv/opencv#29291
opencv/opencv,C_bug,opencv/opencv#29292
opencv/opencv,C_bug,opencv/opencv#29308
opencv/opencv,C_bug,opencv/opencv#29325
opencv/opencv,C_bug,opencv/opencv#29337
opencv/opencv,C_bug,opencv/opencv#29342
opencv/opencv,C_bug,opencv/opencv#29350
opencv/opencv,C_bug,opencv/opencv#29363
opencv/opencv,C_bug,opencv/opencv#29376
opencv/opencv,C_bug,opencv/opencv#29412
opencv/opencv,C_bug,opencv/opencv#29419
opencv/opencv,C_bug,opencv/opencv#29422
opencv/opencv,C_bug,opencv/opencv#29435
opencv/opencv,C_bug,opencv/opencv#29436
opencv/opencv,C_bug,opencv/opencv#29452
opencv/opencv,C_bug,opencv/opencv#29458
opencv/opencv,C_bug,opencv/opencv#29465
opencv/opencv,C_bug,opencv/opencv#29470
opencv/opencv,C_bug,opencv/opencv#29471
opencv/opencv,C_bug,opencv/opencv#29510
opencv/opencv,C_bug,opencv/opencv#29540
opencv/opencv,C_bug,opencv/opencv#29559
opencv/opencv,C_bug,opencv/opencv#29562
opencv/opencv,C_bug,opencv/opencv#29564
opencv/opencv,C_bug,opencv/opencv#29565
opencv/opencv,C_bug,opencv/opencv#29568
opencv/opencv,C_bug,opencv/opencv#29570
opencv/opencv,C_bug,opencv/opencv#29573
opencv/opencv,C_bug,opencv/opencv#29576
opencv/opencv,C_bug,opencv/opencv#29578
opencv/opencv,C_bug,opencv/opencv#29593
opencv/opencv,C_bug,opencv/opencv#29596
opencv/opencv,C_bug,opencv/opencv#29613
opencv/opencv,C_bug,opencv/opencv#29614
opencv/opencv,C_bug,opencv/opencv#29615
opencv/opencv,C_bug,opencv/opencv#29636
opencv/opencv,C_bug,opencv/opencv#29639
opencv/opencv,C_bug,opencv/opencv#29692
opencv/opencv,C_bug,opencv/opencv#29694
opencv/opencv,C_bug,opencv/opencv#29699
opencv/opencv,C_bug,opencv/opencv#29703
opencv/opencv,C_bug,opencv/opencv#29706
opencv/opencv,C_bug,opencv/opencv#29730
opencv/opencv,C_bug,opencv/opencv#29736
opencv/opencv,C_bug,opencv/opencv#29739
opencv/opencv,C_bug,opencv/opencv#29747
opencv/opencv,C_bug,opencv/opencv#29761
opencv/opencv,C_bug,opencv/opencv#29763
opencv/opencv,C_bug,opencv/opencv#29774
opencv/opencv,C_bug,opencv/opencv#29776
opencv/opencv,C_bug,opencv/opencv#29794
opencv/opencv,C_bug,opencv/opencv#29816
opencv/opencv,C_bug,opencv/opencv#29821
opencv/opencv,C_bug,opencv/opencv#29840
opencv/opencv,C_bug,opencv/opencv#29847
opencv/opencv,C_bug,opencv/opencv#29849
opencv/opencv,C_bug,opencv/opencv#29865
opencv/opencv,C_bug,opencv/opencv#29870
opencv/opencv,C_bug,opencv/opencv#29880
opencv/opencv,C_bug,opencv/opencv#29885
opencv/opencv,C_bug,opencv/opencv#29887
opencv/opencv,C_bug,opencv/opencv#29888
opencv/opencv,C_bug,opencv/opencv#29893
opencv/opencv,C_bug,opencv/opencv#29907
opencv/opencv,C_bug,opencv/opencv#29938
opencv/opencv,C_bug,opencv/opencv#29939
opencv/opencv,C_bug,opencv/opencv#29964
opencv/opencv,C_bug,opencv/opencv#29984
opencv/opencv,C_bug,opencv/opencv#29985
opencv/opencv,C_bug,opencv/opencv#29990
opencv/opencv,C_bug,opencv/opencv#29996
opencv/opencv,C_bug,opencv/opencv#30004
opencv/opencv,C_bug,opencv/opencv#30019
opencv/opencv,C_bug,opencv/opencv#30027
opencv/opencv,C_bug,opencv/opencv#30030
opencv/opencv,C_bug,opencv/opencv#30046
opencv/opencv,C_bug,opencv/opencv#30067
opencv/opencv,C_bug,opencv/opencv#30095
opencv/opencv,C_bug,opencv/opencv#30110
opencv/opencv,C_bug,opencv/opencv#30114
huggingface/transformers,C_raw,huggingface/transformers#47169
huggingface/transformers,C_raw,huggingface/transformers#47176
huggingface/transformers,C_raw,huggingface/transformers#47177
huggingface/transformers,C_raw,huggingface/transformers#47182
huggingface/transformers,C_raw,huggingface/transformers#47205
huggingface/transformers,C_raw,huggingface/transformers#47217
huggingface/transformers,C_raw,huggingface/transformers#47225
huggingface/transformers,C_raw,huggingface/transformers#47227
huggingface/transformers,C_raw,huggingface/transformers#47228
huggingface/transformers,C_raw,huggingface/transformers#47246
huggingface/transformers,C_raw,huggingface/transformers#47254
huggingface/transformers,C_raw,huggingface/transformers#47256
huggingface/transformers,C_raw,huggingface/transformers#47265
huggingface/transformers,C_raw,huggingface/transformers#47272
huggingface/transformers,C_raw,huggingface/transformers#47273
huggingface/transformers,C_raw,huggingface/transformers#47274
huggingface/transformers,C_raw,huggingface/transformers#47276
huggingface/transformers,C_raw,huggingface/transformers#47277
huggingface/transformers,C_raw,huggingface/transformers#47279
huggingface/transformers,C_raw,huggingface/transformers#47293
huggingface/transformers,C_raw,huggingface/transformers#47299
huggingface/transformers,C_raw,huggingface/transformers#47309
huggingface/transformers,C_raw,huggingface/transformers#47312
huggingface/transformers,C_raw,huggingface/transformers#47317
huggingface/transformers,C_raw,huggingface/transformers#47321
huggingface/transformers,C_raw,huggingface/transformers#47325
huggingface/transformers,C_raw,huggingface/transformers#47328
huggingface/transformers,C_raw,huggingface/transformers#47331
huggingface/transformers,C_raw,huggingface/transformers#47332
huggingface/transformers,C_raw,huggingface/transformers#47333
huggingface/transformers,C_raw,huggingface/transformers#47337
huggingface/transformers,C_raw,huggingface/transformers#47355
huggingface/transformers,C_raw,huggingface/transformers#47373
huggingface/transformers,C_raw,huggingface/transformers#47375
huggingface/transformers,C_raw,huggingface/transformers#47377
huggingface/transformers,C_raw,huggingface/transformers#47378
huggingface/transformers,C_raw,huggingface/transformers#47388
huggingface/transformers,C_raw,huggingface/transformers#47390
huggingface/transformers,C_raw,huggingface/transformers#47394
huggingface/transformers,C_raw,huggingface/transformers#47396
huggingface/transformers,C_raw,huggingface/transformers#47402
huggingface/transformers,C_raw,huggingface/transformers#47404
huggingface/transformers,C_raw,huggingface/transformers#47405
huggingface/transformers,C_raw,huggingface/transformers#47406
huggingface/transformers,C_raw,huggingface/transformers#47407
huggingface/transformers,C_raw,huggingface/transformers#47419
huggingface/transformers,C_raw,huggingface/transformers#47424
huggingface/transformers,C_raw,huggingface/transformers#47427
huggingface/transformers,C_raw,huggingface/transformers#47429
huggingface/transformers,C_raw,huggingface/transformers#47433
huggingface/transformers,C_raw,huggingface/transformers#47436
huggingface/transformers,C_raw,huggingface/transformers#47439
huggingface/transformers,C_raw,huggingface/transformers#47442
huggingface/transformers,C_raw,huggingface/transformers#47448
huggingface/transformers,C_raw,huggingface/transformers#47455
huggingface/transformers,C_raw,huggingface/transformers#47458
huggingface/transformers,C_raw,huggingface/transformers#47465
huggingface/transformers,C_raw,huggingface/transformers#47467
huggingface/transformers,C_raw,huggingface/transformers#47470
huggingface/transformers,C_raw,huggingface/transformers#47473
huggingface/transformers,C_raw,huggingface/transformers#47475
huggingface/transformers,C_raw,huggingface/transformers#47477
huggingface/transformers,C_raw,huggingface/transformers#47479
huggingface/transformers,C_raw,huggingface/transformers#47480
huggingface/transformers,C_raw,huggingface/transformers#47487
huggingface/transformers,C_raw,huggingface/transformers#47490
huggingface/transformers,C_raw,huggingface/transformers#47491
huggingface/transformers,C_raw,huggingface/transformers#47496
huggingface/transformers,C_raw,huggingface/transformers#47504
huggingface/transformers,C_raw,huggingface/transformers#47512
huggingface/transformers,C_raw,huggingface/transformers#47514
huggingface/transformers,C_raw,huggingface/transformers#47515
huggingface/transformers,C_raw,huggingface/transformers#47526
huggingface/transformers,C_raw,huggingface/transformers#47530
huggingface/transformers,C_raw,huggingface/transformers#47532
huggingface/transformers,C_raw,huggingface/transformers#47534
huggingface/transformers,C_raw,huggingface/transformers#47538
huggingface/transformers,C_raw,huggingface/transformers#47553
huggingface/transformers,C_raw,huggingface/transformers#47556
huggingface/transformers,C_raw,huggingface/transformers#47559
huggingface/transformers,C_raw,huggingface/transformers#47562
huggingface/transformers,C_raw,huggingface/transformers#47563
huggingface/transformers,C_raw,huggingface/transformers#47567
huggingface/transformers,C_raw,huggingface/transformers#47577
huggingface/transformers,C_raw,huggingface/transformers#47595
huggingface/transformers,C_raw,huggingface/transformers#47602
huggingface/transformers,C_raw,huggingface/transformers#47603
huggingface/transformers,C_raw,huggingface/transformers#47605
huggingface/transformers,C_raw,huggingface/transformers#47612
huggingface/transformers,C_raw,huggingface/transformers#47618
huggingface/transformers,C_raw,huggingface/transformers#47631
huggingface/transformers,C_raw,huggingface/transformers#47636
huggingface/transformers,C_raw,huggingface/transformers#47637
huggingface/transformers,C_raw,huggingface/transformers#47641
huggingface/transformers,C_raw,huggingface/transformers#47649
huggingface/transformers,C_raw,huggingface/transformers#47651
huggingface/transformers,C_raw,huggingface/transformers#47667
huggingface/transformers,C_raw,huggingface/transformers#47672
huggingface/transformers,C_raw,huggingface/transformers#47674
huggingface/transformers,C_raw,huggingface/transformers#47688
huggingface/transformers,C_raw,huggingface/transformers#47689
huggingface/transformers,C_raw,huggingface/transformers#47692
huggingface/transformers,C_raw,huggingface/transformers#47695
huggingface/transformers,C_raw,huggingface/transformers#47696
huggingface/transformers,C_raw,huggingface/transformers#47704
huggingface/transformers,C_raw,huggingface/transformers#47705
huggingface/transformers,C_raw,huggingface/transformers#47706
huggingface/transformers,C_raw,huggingface/transformers#47710
huggingface/transformers,C_raw,huggingface/transformers#47713
huggingface/transformers,C_raw,huggingface/transformers#47716
huggingface/transformers,C_raw,huggingface/transformers#47721
huggingface/transformers,C_raw,huggingface/transformers#47732
huggingface/transformers,C_raw,huggingface/transformers#47739
huggingface/transformers,C_raw,huggingface/transformers#47741
huggingface/transformers,C_raw,huggingface/transformers#47743
huggingface/transformers,C_raw,huggingface/transformers#47749
huggingface/transformers,C_raw,huggingface/transformers#47752
huggingface/transformers,C_raw,huggingface/transformers#47766
huggingface/transformers,C_raw,huggingface/transformers#47783
huggingface/transformers,C_raw,huggingface/transformers#47787
huggingface/transformers,C_raw,huggingface/transformers#47801
huggingface/transformers,C_raw,huggingface/transformers#47804
huggingface/transformers,C_raw,huggingface/transformers#47805
huggingface/transformers,C_raw,huggingface/transformers#47822
huggingface/transformers,C_raw,huggingface/transformers#47824
huggingface/transformers,C_raw,huggingface/transformers#47831
huggingface/transformers,C_raw,huggingface/transformers#47838
huggingface/transformers,C_raw,huggingface/transformers#47839
huggingface/transformers,C_raw,huggingface/transformers#47846
huggingface/transformers,C_raw,huggingface/transformers#47856
huggingface/transformers,C_raw,huggingface/transformers#47868
huggingface/transformers,C_raw,huggingface/transformers#47869
huggingface/transformers,C_raw,huggingface/transformers#47875
huggingface/transformers,C_raw,huggingface/transformers#47879
huggingface/transformers,C_raw,huggingface/transformers#47885
huggingface/transformers,C_raw,huggingface/transformers#47886
huggingface/transformers,C_raw,huggingface/transformers#47889
huggingface/transformers,C_raw,huggingface/transformers#47892
huggingface/transformers,C_raw,huggingface/transformers#47893
huggingface/transformers,C_raw,huggingface/transformers#47907
huggingface/transformers,C_raw,huggingface/transformers#47910
huggingface/transformers,C_raw,huggingface/transformers#47912
huggingface/transformers,C_raw,huggingface/transformers#47914
huggingface/transformers,C_raw,huggingface/transformers#47917
huggingface/transformers,C_raw,huggingface/transformers#47920
huggingface/transformers,C_raw,huggingface/transformers#47925
huggingface/transformers,C_raw,huggingface/transformers#47926
huggingface/transformers,C_raw,huggingface/transformers#47932
huggingface/transformers,C_raw,huggingface/transformers#47936
huggingface/transformers,C_raw,huggingface/transformers#47942
huggingface/transformers,C_raw,huggingface/transformers#47954
huggingface/transformers,C_raw,huggingface/transformers#47956
huggingface/transformers,C_raw,huggingface/transformers#47957
huggingface/transformers,C_raw,huggingface/transformers#47966
huggingface/transformers,C_raw,huggingface/transformers#47973
huggingface/transformers,C_raw,huggingface/transformers#47979
huggingface/transformers,C_raw,huggingface/transformers#47981
huggingface/transformers,C_raw,huggingface/transformers#47993
huggingface/transformers,C_raw,huggingface/transformers#47994
huggingface/transformers,C_raw,huggingface/transformers#47999
huggingface/transformers,C_raw,huggingface/transformers#48003
huggingface/transformers,C_raw,huggingface/transformers#48004
huggingface/transformers,C_raw,huggingface/transformers#48016
huggingface/transformers,C_raw,huggingface/transformers#48017
huggingface/transformers,C_raw,huggingface/transformers#48029
huggingface/transformers,C_raw,huggingface/transformers#48030
huggingface/transformers,C_raw,huggingface/transformers#48037
huggingface/transformers,C_raw,huggingface/transformers#48039
huggingface/transformers,C_raw,huggingface/transformers#48050
huggingface/transformers,C_raw,huggingface/transformers#48051
huggingface/transformers,C_raw,huggingface/transformers#48057
huggingface/transformers,C_raw,huggingface/transformers#48062
huggingface/transformers,C_raw,huggingface/transformers#48068
huggingface/transformers,C_raw,huggingface/transformers#48069
huggingface/transformers,C_raw,huggingface/transformers#48073
huggingface/transformers,C_raw,huggingface/transformers#48080
huggingface/transformers,C_raw,huggingface/transformers#48101
huggingface/transformers,C_raw,huggingface/transformers#48127
huggingface/transformers,C_raw,huggingface/transformers#48128
huggingface/transformers,C_raw,huggingface/transformers#48132
huggingface/transformers,C_raw,huggingface/transformers#48138
huggingface/transformers,C_raw,huggingface/transformers#48142
huggingface/transformers,C_raw,huggingface/transformers#48145
huggingface/transformers,C_raw,huggingface/transformers#48147
huggingface/transformers,C_raw,huggingface/transformers#48148
huggingface/transformers,C_raw,huggingface/transformers#48154
huggingface/transformers,C_raw,huggingface/transformers#48165
huggingface/transformers,C_raw,huggingface/transformers#48169
huggingface/transformers,C_raw,huggingface/transformers#48172
huggingface/transformers,C_raw,huggingface/transformers#48176
huggingface/transformers,C_raw,huggingface/transformers#48177
huggingface/transformers,C_raw,huggingface/transformers#48187
huggingface/transformers,C_raw,huggingface/transformers#48193
huggingface/transformers,C_raw,huggingface/transformers#48202
huggingface/transformers,C_raw,huggingface/transformers#48206
huggingface/transformers,C_raw,huggingface/transformers#48210
huggingface/transformers,C_raw,huggingface/transformers#48222
huggingface/transformers,C_raw,huggingface/transformers#48225
huggingface/transformers,C_raw,huggingface/transformers#48232
huggingface/transformers,C_raw,huggingface/transformers#48239
huggingface/transformers,C_raw,huggingface/transformers#48240
huggingface/transformers,C_raw,huggingface/transformers#48241
huggingface/transformers,C_raw,huggingface/transformers#48243
huggingface/transformers,C_raw,huggingface/transformers#48253
huggingface/transformers,C_raw,huggingface/transformers#48256
huggingface/transformers,C_raw,huggingface/transformers#48263
huggingface/transformers,C_raw,huggingface/transformers#48283
huggingface/transformers,C_raw,huggingface/transformers#48285
huggingface/transformers,C_raw,huggingface/transformers#48286
huggingface/transformers,C_raw,huggingface/transformers#48293
huggingface/transformers,C_raw,huggingface/transformers#48296
huggingface/transformers,C_raw,huggingface/transformers#48298
huggingface/transformers,C_raw,huggingface/transformers#48303
huggingface/transformers,C_raw,huggingface/transformers#48305
huggingface/transformers,C_raw,huggingface/transformers#48306
huggingface/transformers,C_raw,huggingface/transformers#48307
huggingface/transformers,C_raw,huggingface/transformers#48308
huggingface/transformers,C_raw,huggingface/transformers#48310
huggingface/transformers,C_raw,huggingface/transformers#48312
huggingface/transformers,C_raw,huggingface/transformers#48313
huggingface/transformers,C_raw,huggingface/transformers#48315
huggingface/transformers,C_raw,huggingface/transformers#48320
huggingface/transformers,C_raw,huggingface/transformers#48321
huggingface/transformers,C_raw,huggingface/transformers#48323
huggingface/transformers,C_raw,huggingface/transformers#48328
huggingface/transformers,C_raw,huggingface/transformers#48346
huggingface/transformers,C_raw,huggingface/transformers#48349
huggingface/transformers,C_raw,huggingface/transformers#48350
huggingface/transformers,C_raw,huggingface/transformers#48351
huggingface/transformers,C_raw,huggingface/transformers#48355
huggingface/transformers,C_raw,huggingface/transformers#48369
huggingface/transformers,C_raw,huggingface/transformers#48371
huggingface/transformers,C_raw,huggingface/transformers#48375
huggingface/transformers,C_raw,huggingface/transformers#48384
huggingface/transformers,C_raw,huggingface/transformers#48390
huggingface/transformers,C_raw,huggingface/transformers#48392
huggingface/transformers,C_raw,huggingface/transformers#48400
huggingface/transformers,C_raw,huggingface/transformers#48403
huggingface/transformers,C_raw,huggingface/transformers#48413
huggingface/transformers,C_raw,huggingface/transformers#48419
huggingface/transformers,C_raw,huggingface/transformers#48422
huggingface/transformers,C_raw,huggingface/transformers#48423
huggingface/transformers,C_raw,huggingface/transformers#48424
huggingface/transformers,C_raw,huggingface/transformers#48428
huggingface/transformers,C_raw,huggingface/transformers#48441
huggingface/transformers,C_raw,huggingface/transformers#48449
huggingface/transformers,C_raw,huggingface/transformers#48459
huggingface/transformers,C_raw,huggingface/transformers#48467
huggingface/transformers,C_raw,huggingface/transformers#48479
huggingface/transformers,C_raw,huggingface/transformers#48491
huggingface/transformers,C_raw,huggingface/transformers#48495
huggingface/transformers,C_raw,huggingface/transformers#48501
huggingface/transformers,C_raw,huggingface/transformers#48506
huggingface/transformers,C_raw,huggingface/transformers#48511
huggingface/transformers,C_raw,huggingface/transformers#48512
huggingface/transformers,C_raw,huggingface/transformers#48514
huggingface/transformers,C_raw,huggingface/transformers#48527
huggingface/transformers,C_raw,huggingface/transformers#48533
huggingface/transformers,C_raw,huggingface/transformers#48541
huggingface/transformers,C_raw,huggingface/transformers#48544
huggingface/transformers,C_raw,huggingface/transformers#48548
huggingface/transformers,C_raw,huggingface/transformers#48550
huggingface/transformers,C_raw,huggingface/transformers#48556
huggingface/transformers,C_raw,huggingface/transformers#48558
huggingface/transformers,C_raw,huggingface/transformers#48559
huggingface/transformers,C_raw,huggingface/transformers#48567
huggingface/transformers,C_raw,huggingface/transformers#48579
huggingface/transformers,C_raw,huggingface/transformers#48588
huggingface/transformers,C_raw,huggingface/transformers#48592
huggingface/transformers,C_raw,huggingface/transformers#48603
huggingface/transformers,C_raw,huggingface/transformers#48607
huggingface/transformers,C_raw,huggingface/transformers#48608
huggingface/transformers,C_raw,huggingface/transformers#48609
huggingface/transformers,C_raw,huggingface/transformers#48621
huggingface/transformers,C_raw,huggingface/transformers#48622
huggingface/transformers,C_raw,huggingface/transformers#48626
huggingface/transformers,C_raw,huggingface/transformers#48629
huggingface/transformers,C_raw,huggingface/transformers#48630
huggingface/transformers,C_raw,huggingface/transformers#48633
huggingface/transformers,C_raw,huggingface/transformers#48636
huggingface/transformers,C_raw,huggingface/transformers#48643
huggingface/transformers,C_raw,huggingface/transformers#48644
huggingface/transformers,C_raw,huggingface/transformers#48647
huggingface/transformers,C_raw,huggingface/transformers#48648
huggingface/transformers,C_raw,huggingface/transformers#48658
huggingface/transformers,C_raw,huggingface/transformers#48659
huggingface/transformers,C_raw,huggingface/transformers#48661
huggingface/transformers,C_raw,huggingface/transformers#48665
huggingface/transformers,C_raw,huggingface/transformers#48670
huggingface/transformers,C_raw,huggingface/transformers#48683
huggingface/transformers,C_raw,huggingface/transformers#48687
huggingface/transformers,C_raw,huggingface/transformers#48690
huggingface/transformers,C_raw,huggingface/transformers#48693
huggingface/transformers,C_raw,huggingface/transformers#48695
huggingface/transformers,C_raw,huggingface/transformers#48698
huggingface/transformers,C_raw,huggingface/transformers#48701
huggingface/transformers,C_raw,huggingface/transformers#48703
huggingface/transformers,C_raw,huggingface/transformers#48705
huggingface/transformers,C_raw,huggingface/transformers#48718
huggingface/transformers,C_raw,huggingface/transformers#48722
huggingface/transformers,C_raw,huggingface/transformers#48724
huggingface/transformers,C_raw,huggingface/transformers#48732
huggingface/transformers,C_raw,huggingface/transformers#48736
huggingface/transformers,C_raw,huggingface/transformers#48738
huggingface/transformers,C_raw,huggingface/transformers#48745
huggingface/transformers,C_raw,huggingface/transformers#48748
huggingface/transformers,C_raw,huggingface/transformers#48749
huggingface/transformers,C_raw,huggingface/transformers#48752
huggingface/transformers,C_raw,huggingface/transformers#48755
huggingface/transformers,C_raw,huggingface/transformers#48756
huggingface/transformers,C_raw,huggingface/transformers#48757
huggingface/transformers,C_raw,huggingface/transformers#48778
huggingface/transformers,C_raw,huggingface/transformers#48784
huggingface/transformers,C_raw,huggingface/transformers#48791
huggingface/transformers,C_raw,huggingface/transformers#48805
huggingface/transformers,C_raw,huggingface/transformers#48807
huggingface/transformers,C_raw,huggingface/transformers#48812
huggingface/transformers,C_raw,huggingface/transformers#48818
huggingface/transformers,C_raw,huggingface/transformers#48826
huggingface/transformers,C_raw,huggingface/transformers#48835
huggingface/transformers,C_raw,huggingface/transformers#48836
huggingface/transformers,C_raw,huggingface/transformers#48837
huggingface/transformers,C_raw,huggingface/transformers#48841
huggingface/transformers,C_raw,huggingface/transformers#48842
huggingface/transformers,C_raw,huggingface/transformers#48851
huggingface/transformers,C_raw,huggingface/transformers#48861
huggingface/transformers,C_raw,huggingface/transformers#48862
huggingface/transformers,C_raw,huggingface/transformers#48874
huggingface/transformers,C_raw,huggingface/transformers#48881
huggingface/transformers,C_raw,huggingface/transformers#48884
huggingface/transformers,C_raw,huggingface/transformers#48886
huggingface/transformers,C_raw,huggingface/transformers#48887
huggingface/transformers,C_raw,huggingface/transformers#48889
huggingface/transformers,C_raw,huggingface/transformers#48892
huggingface/transformers,C_raw,huggingface/transformers#48911
huggingface/transformers,C_raw,huggingface/transformers#48913
huggingface/transformers,C_raw,huggingface/transformers#48914
huggingface/transformers,C_raw,huggingface/transformers#48917
huggingface/transformers,C_raw,huggingface/transformers#48924
huggingface/transformers,C_raw,huggingface/transformers#48925
huggingface/transformers,C_raw,huggingface/transformers#48942
huggingface/transformers,C_raw,huggingface/transformers#48943
huggingface/transformers,C_raw,huggingface/transformers#48947
huggingface/transformers,C_raw,huggingface/transformers#48954
huggingface/transformers,C_raw,huggingface/transformers#48963
huggingface/transformers,C_raw,huggingface/transformers#48964
huggingface/transformers,C_raw,huggingface/transformers#48966
huggingface/transformers,C_raw,huggingface/transformers#48967
huggingface/transformers,C_raw,huggingface/transformers#48968
huggingface/transformers,C_raw,huggingface/transformers#48972
huggingface/transformers,C_raw,huggingface/transformers#49000
huggingface/transformers,C_raw,huggingface/transformers#49003
huggingface/transformers,C_raw,huggingface/transformers#49007
huggingface/transformers,C_raw,huggingface/transformers#49026
huggingface/transformers,C_raw,huggingface/transformers#49028
huggingface/transformers,C_raw,huggingface/transformers#49034
huggingface/transformers,C_raw,huggingface/transformers#49036
huggingface/transformers,C_raw,huggingface/transformers#49051
huggingface/transformers,C_raw,huggingface/transformers#49066
huggingface/transformers,C_raw,huggingface/transformers#49074
huggingface/transformers,C_raw,huggingface/transformers#49090
huggingface/transformers,C_raw,huggingface/transformers#49093
huggingface/transformers,C_raw,huggingface/transformers#49094
huggingface/transformers,C_raw,huggingface/transformers#49095
huggingface/transformers,C_raw,huggingface/transformers#49096
huggingface/transformers,C_raw,huggingface/transformers#49106
huggingface/transformers,C_raw,huggingface/transformers#49108
huggingface/transformers,C_raw,huggingface/transformers#49113
huggingface/transformers,C_raw,huggingface/transformers#49119
huggingface/transformers,C_raw,huggingface/transformers#49121
huggingface/transformers,C_raw,huggingface/transformers#49122
huggingface/transformers,C_raw,huggingface/transformers#49126
huggingface/transformers,C_raw,huggingface/transformers#49134
huggingface/transformers,C_raw,huggingface/transformers#49137
huggingface/transformers,C_raw,huggingface/transformers#49139
huggingface/transformers,C_raw,huggingface/transformers#49140
huggingface/transformers,C_raw,huggingface/transformers#49144
huggingface/transformers,C_raw,huggingface/transformers#49166
huggingface/transformers,C_raw,huggingface/transformers#49169
huggingface/transformers,C_raw,huggingface/transformers#49172
huggingface/transformers,C_raw,huggingface/transformers#49175
huggingface/transformers,C_raw,huggingface/transformers#49176
huggingface/transformers,C_raw,huggingface/transformers#49183
huggingface/transformers,C_raw,huggingface/transformers#49185
huggingface/transformers,C_raw,huggingface/transformers#49190
huggingface/transformers,C_raw,huggingface/transformers#49193
huggingface/transformers,C_raw,huggingface/transformers#49195
huggingface/transformers,C_raw,huggingface/transformers#49196
huggingface/transformers,C_raw,huggingface/transformers#49203
huggingface/transformers,C_raw,huggingface/transformers#49214
huggingface/transformers,C_bug,huggingface/transformers#47176
huggingface/transformers,C_bug,huggingface/transformers#47177
huggingface/transformers,C_bug,huggingface/transformers#47217
huggingface/transformers,C_bug,huggingface/transformers#47228
huggingface/transformers,C_bug,huggingface/transformers#47246
huggingface/transformers,C_bug,huggingface/transformers#47254
huggingface/transformers,C_bug,huggingface/transformers#47276
huggingface/transformers,C_bug,huggingface/transformers#47277
huggingface/transformers,C_bug,huggingface/transformers#47312
huggingface/transformers,C_bug,huggingface/transformers#47317
huggingface/transformers,C_bug,huggingface/transformers#47321
huggingface/transformers,C_bug,huggingface/transformers#47332
huggingface/transformers,C_bug,huggingface/transformers#47333
huggingface/transformers,C_bug,huggingface/transformers#47337
huggingface/transformers,C_bug,huggingface/transformers#47404
huggingface/transformers,C_bug,huggingface/transformers#47405
huggingface/transformers,C_bug,huggingface/transformers#47427
huggingface/transformers,C_bug,huggingface/transformers#47429
huggingface/transformers,C_bug,huggingface/transformers#47436
huggingface/transformers,C_bug,huggingface/transformers#47448
huggingface/transformers,C_bug,huggingface/transformers#47455
huggingface/transformers,C_bug,huggingface/transformers#47458
huggingface/transformers,C_bug,huggingface/transformers#47470
huggingface/transformers,C_bug,huggingface/transformers#47473
huggingface/transformers,C_bug,huggingface/transformers#47475
huggingface/transformers,C_bug,huggingface/transformers#47479
huggingface/transformers,C_bug,huggingface/transformers#47487
huggingface/transformers,C_bug,huggingface/transformers#47491
huggingface/transformers,C_bug,huggingface/transformers#47496
huggingface/transformers,C_bug,huggingface/transformers#47514
huggingface/transformers,C_bug,huggingface/transformers#47530
huggingface/transformers,C_bug,huggingface/transformers#47553
huggingface/transformers,C_bug,huggingface/transformers#47602
huggingface/transformers,C_bug,huggingface/transformers#47612
huggingface/transformers,C_bug,huggingface/transformers#47649
huggingface/transformers,C_bug,huggingface/transformers#47651
huggingface/transformers,C_bug,huggingface/transformers#47721
huggingface/transformers,C_bug,huggingface/transformers#47752
huggingface/transformers,C_bug,huggingface/transformers#47766
huggingface/transformers,C_bug,huggingface/transformers#47822
huggingface/transformers,C_bug,huggingface/transformers#47831
huggingface/transformers,C_bug,huggingface/transformers#47838
huggingface/transformers,C_bug,huggingface/transformers#47879
huggingface/transformers,C_bug,huggingface/transformers#47893
huggingface/transformers,C_bug,huggingface/transformers#47914
huggingface/transformers,C_bug,huggingface/transformers#47917
huggingface/transformers,C_bug,huggingface/transformers#47925
huggingface/transformers,C_bug,huggingface/transformers#48029
huggingface/transformers,C_bug,huggingface/transformers#48030
huggingface/transformers,C_bug,huggingface/transformers#48057
huggingface/transformers,C_bug,huggingface/transformers#48080
huggingface/transformers,C_bug,huggingface/transformers#48148
huggingface/transformers,C_bug,huggingface/transformers#48225
huggingface/transformers,C_bug,huggingface/transformers#48283
huggingface/transformers,C_bug,huggingface/transformers#48285
huggingface/transformers,C_bug,huggingface/transformers#48312
huggingface/transformers,C_bug,huggingface/transformers#48328
huggingface/transformers,C_bug,huggingface/transformers#48375
huggingface/transformers,C_bug,huggingface/transformers#48400
huggingface/transformers,C_bug,huggingface/transformers#48424
huggingface/transformers,C_bug,huggingface/transformers#48428
huggingface/transformers,C_bug,huggingface/transformers#48449
huggingface/transformers,C_bug,huggingface/transformers#48459
huggingface/transformers,C_bug,huggingface/transformers#48479
huggingface/transformers,C_bug,huggingface/transformers#48491
huggingface/transformers,C_bug,huggingface/transformers#48501
huggingface/transformers,C_bug,huggingface/transformers#48527
huggingface/transformers,C_bug,huggingface/transformers#48544
huggingface/transformers,C_bug,huggingface/transformers#48567
huggingface/transformers,C_bug,huggingface/transformers#48588
huggingface/transformers,C_bug,huggingface/transformers#48607
huggingface/transformers,C_bug,huggingface/transformers#48626
huggingface/transformers,C_bug,huggingface/transformers#48630
huggingface/transformers,C_bug,huggingface/transformers#48633
huggingface/transformers,C_bug,huggingface/transformers#48683
huggingface/transformers,C_bug,huggingface/transformers#48687
huggingface/transformers,C_bug,huggingface/transformers#48690
huggingface/transformers,C_bug,huggingface/transformers#48693
huggingface/transformers,C_bug,huggingface/transformers#48703
huggingface/transformers,C_bug,huggingface/transformers#48722
huggingface/transformers,C_bug,huggingface/transformers#48732
huggingface/transformers,C_bug,huggingface/transformers#48745
huggingface/transformers,C_bug,huggingface/transformers#48748
huggingface/transformers,C_bug,huggingface/transformers#48805
huggingface/transformers,C_bug,huggingface/transformers#48826
huggingface/transformers,C_bug,huggingface/transformers#48835
huggingface/transformers,C_bug,huggingface/transformers#48862
huggingface/transformers,C_bug,huggingface/transformers#48886
huggingface/transformers,C_bug,huggingface/transformers#48887
huggingface/transformers,C_bug,huggingface/transformers#48892
huggingface/transformers,C_bug,huggingface/transformers#48924
huggingface/transformers,C_bug,huggingface/transformers#48925
huggingface/transformers,C_bug,huggingface/transformers#48942
huggingface/transformers,C_bug,huggingface/transformers#48964
huggingface/transformers,C_bug,huggingface/transformers#48966
huggingface/transformers,C_bug,huggingface/transformers#48967
huggingface/transformers,C_bug,huggingface/transformers#48972
huggingface/transformers,C_bug,huggingface/transformers#49007
huggingface/transformers,C_bug,huggingface/transformers#49051
huggingface/transformers,C_bug,huggingface/transformers#49066
huggingface/transformers,C_bug,huggingface/transformers#49090
huggingface/transformers,C_bug,huggingface/transformers#49093
huggingface/transformers,C_bug,huggingface/transformers#49094
huggingface/transformers,C_bug,huggingface/transformers#49095
huggingface/transformers,C_bug,huggingface/transformers#49096
huggingface/transformers,C_bug,huggingface/transformers#49113
huggingface/transformers,C_bug,huggingface/transformers#49121
huggingface/transformers,C_bug,huggingface/transformers#49137
huggingface/transformers,C_bug,huggingface/transformers#49176
huggingface/transformers,C_bug,huggingface/transformers#49185
huggingface/transformers,C_bug,huggingface/transformers#49190
huggingface/transformers,C_bug,huggingface/transformers#49193
huggingface/transformers,C_bug,huggingface/transformers#49195
huggingface/transformers,C_bug,huggingface/transformers#49196
