query_id,case_id,repository,corpus_scope,method,kind,status,elapsed_ms
O-E1:A_ko_symptom,O-E1,opencv/opencv,C_raw,hybrid,core,ok,2364.5905000157654
O-E1:A_ko_symptom,O-E1,opencv/opencv,C_raw,semantic,core,ok,77.50019995728508
O-E1:A_ko_symptom,O-E1,opencv/opencv,C_raw,bm25,core,ok,16.680600005201995
O-E1:A_ko_symptom,O-E1,opencv/opencv,C_bug,hybrid,core,ok,225.73429998010397
O-E1:A_ko_symptom,O-E1,opencv/opencv,C_bug,semantic,core,ok,72.47329998062924
O-E1:A_ko_symptom,O-E1,opencv/opencv,C_bug,bm25,core,ok,12.981600011698902
O-E1:B_ko_context,O-E1,opencv/opencv,C_raw,bm25,core,ok,25.107700028456748
O-E1:B_ko_context,O-E1,opencv/opencv,C_raw,hybrid,core,ok,144.07270000083372
O-E1:B_ko_context,O-E1,opencv/opencv,C_raw,semantic,core,ok,118.01480001304299
O-E1:B_ko_context,O-E1,opencv/opencv,C_bug,bm25,core,ok,20.49369999440387
O-E1:B_ko_context,O-E1,opencv/opencv,C_bug,hybrid,core,ok,146.68110001366585
O-E1:B_ko_context,O-E1,opencv/opencv,C_bug,semantic,core,ok,125.41189999319613
O-E1:C_en_context,O-E1,opencv/opencv,C_raw,semantic,core,ok,131.16260000970215
O-E1:C_en_context,O-E1,opencv/opencv,C_raw,hybrid,core,ok,157.65949996421114
O-E1:C_en_context,O-E1,opencv/opencv,C_raw,bm25,core,ok,32.638899981975555
O-E1:C_en_context,O-E1,opencv/opencv,C_bug,semantic,core,ok,127.11429997580126
O-E1:C_en_context,O-E1,opencv/opencv,C_bug,hybrid,core,ok,154.83770001446828
O-E1:C_en_context,O-E1,opencv/opencv,C_bug,bm25,core,ok,24.955799977760762
O-E2:A_ko_symptom,O-E2,opencv/opencv,C_raw,semantic,core,ok,101.62160004256293
O-E2:A_ko_symptom,O-E2,opencv/opencv,C_raw,hybrid,core,ok,110.8638999867253
O-E2:A_ko_symptom,O-E2,opencv/opencv,C_raw,bm25,core,ok,18.896699999459088
O-E2:A_ko_symptom,O-E2,opencv/opencv,C_bug,semantic,core,ok,101.89119999995455
O-E2:A_ko_symptom,O-E2,opencv/opencv,C_bug,hybrid,core,ok,111.73740000231192
O-E2:A_ko_symptom,O-E2,opencv/opencv,C_bug,bm25,core,ok,14.26199998240918
O-E2:B_ko_context,O-E2,opencv/opencv,C_raw,semantic,core,ok,188.66019998677075
O-E2:B_ko_context,O-E2,opencv/opencv,C_raw,bm25,core,ok,42.07859997404739
O-E2:B_ko_context,O-E2,opencv/opencv,C_raw,hybrid,core,ok,219.00029998505488
O-E2:B_ko_context,O-E2,opencv/opencv,C_bug,semantic,core,ok,184.3098999815993
O-E2:B_ko_context,O-E2,opencv/opencv,C_bug,bm25,core,ok,27.8983999742195
O-E2:B_ko_context,O-E2,opencv/opencv,C_bug,hybrid,core,ok,218.0170999490656
O-E2:C_en_context,O-E2,opencv/opencv,C_raw,semantic,core,ok,230.18229997251183
O-E2:C_en_context,O-E2,opencv/opencv,C_raw,hybrid,core,ok,324.5464999927208
O-E2:C_en_context,O-E2,opencv/opencv,C_raw,bm25,core,ok,57.23549996037036
O-E2:C_en_context,O-E2,opencv/opencv,C_bug,semantic,core,ok,227.06969996215776
O-E2:C_en_context,O-E2,opencv/opencv,C_bug,hybrid,core,ok,231.60110000753775
O-E2:C_en_context,O-E2,opencv/opencv,C_bug,bm25,core,ok,34.750400052871555
O-S1:A_ko_symptom,O-S1,opencv/opencv,C_raw,bm25,core,ok,26.0749000008218
O-S1:A_ko_symptom,O-S1,opencv/opencv,C_raw,hybrid,core,ok,138.10570002533495
O-S1:A_ko_symptom,O-S1,opencv/opencv,C_raw,semantic,core,ok,118.33450000267476
O-S1:A_ko_symptom,O-S1,opencv/opencv,C_bug,bm25,core,ok,16.475800017360598
O-S1:A_ko_symptom,O-S1,opencv/opencv,C_bug,hybrid,core,ok,126.77289999555796
O-S1:A_ko_symptom,O-S1,opencv/opencv,C_bug,semantic,core,ok,104.47830002522096
O-S1:B_ko_context,O-S1,opencv/opencv,C_raw,hybrid,core,ok,181.73439998645335
O-S1:B_ko_context,O-S1,opencv/opencv,C_raw,semantic,core,ok,148.45340000465512
O-S1:B_ko_context,O-S1,opencv/opencv,C_raw,bm25,core,ok,23.227899975609034
O-S1:B_ko_context,O-S1,opencv/opencv,C_bug,hybrid,core,ok,155.393399996683
O-S1:B_ko_context,O-S1,opencv/opencv,C_bug,semantic,core,ok,134.9358999868855
O-S1:B_ko_context,O-S1,opencv/opencv,C_bug,bm25,core,ok,17.11260003503412
O-S1:C_en_context,O-S1,opencv/opencv,C_raw,hybrid,core,ok,168.42590004671365
O-S1:C_en_context,O-S1,opencv/opencv,C_raw,semantic,core,ok,141.22970000607893
O-S1:C_en_context,O-S1,opencv/opencv,C_raw,bm25,core,ok,33.138200000394136
O-S1:C_en_context,O-S1,opencv/opencv,C_bug,hybrid,core,ok,150.1987000228837
O-S1:C_en_context,O-S1,opencv/opencv,C_bug,semantic,core,ok,133.79589997930452
O-S1:C_en_context,O-S1,opencv/opencv,C_bug,bm25,core,ok,20.285900041926652
O-S2:A_ko_symptom,O-S2,opencv/opencv,C_raw,bm25,core,ok,19.721199991181493
O-S2:A_ko_symptom,O-S2,opencv/opencv,C_raw,hybrid,core,ok,100.5874999682419
O-S2:A_ko_symptom,O-S2,opencv/opencv,C_raw,semantic,core,ok,79.2733000125736
O-S2:A_ko_symptom,O-S2,opencv/opencv,C_bug,bm25,core,ok,14.050400000996888
O-S2:A_ko_symptom,O-S2,opencv/opencv,C_bug,hybrid,core,ok,97.11189998779446
O-S2:A_ko_symptom,O-S2,opencv/opencv,C_bug,semantic,core,ok,73.65200005006045
O-S2:B_ko_context,O-S2,opencv/opencv,C_raw,hybrid,core,ok,116.84769997373223
O-S2:B_ko_context,O-S2,opencv/opencv,C_raw,semantic,core,ok,106.67569999350235
O-S2:B_ko_context,O-S2,opencv/opencv,C_raw,bm25,core,ok,29.165100015234202
O-S2:B_ko_context,O-S2,opencv/opencv,C_bug,hybrid,core,ok,140.97349997609854
O-S2:B_ko_context,O-S2,opencv/opencv,C_bug,semantic,core,ok,134.8856000113301
O-S2:B_ko_context,O-S2,opencv/opencv,C_bug,bm25,core,ok,32.55810000700876
O-S2:C_en_context,O-S2,opencv/opencv,C_raw,semantic,core,ok,150.25760000571609
O-S2:C_en_context,O-S2,opencv/opencv,C_raw,hybrid,core,ok,207.30899996124208
O-S2:C_en_context,O-S2,opencv/opencv,C_raw,bm25,core,ok,49.92369998944923
O-S2:C_en_context,O-S2,opencv/opencv,C_bug,semantic,core,ok,178.07649995665997
O-S2:C_en_context,O-S2,opencv/opencv,C_bug,hybrid,core,ok,211.1121999914758
O-S2:C_en_context,O-S2,opencv/opencv,C_bug,bm25,core,ok,25.029200012795627
O-C1:A_ko_symptom,O-C1,opencv/opencv,C_raw,semantic,core,ok,108.17010002210736
O-C1:A_ko_symptom,O-C1,opencv/opencv,C_raw,bm25,core,ok,24.176100036129355
O-C1:A_ko_symptom,O-C1,opencv/opencv,C_raw,hybrid,core,ok,127.24489998072386
O-C1:A_ko_symptom,O-C1,opencv/opencv,C_bug,semantic,core,ok,85.81640000920743
O-C1:A_ko_symptom,O-C1,opencv/opencv,C_bug,bm25,core,ok,14.15529998484999
O-C1:A_ko_symptom,O-C1,opencv/opencv,C_bug,hybrid,core,ok,97.43899997556582
O-C1:B_ko_context,O-C1,opencv/opencv,C_raw,bm25,core,ok,38.06380002060905
O-C1:B_ko_context,O-C1,opencv/opencv,C_raw,semantic,core,ok,167.49190003611147
O-C1:B_ko_context,O-C1,opencv/opencv,C_raw,hybrid,core,ok,172.4083000444807
O-C1:B_ko_context,O-C1,opencv/opencv,C_bug,bm25,core,ok,20.747900009155273
O-C1:B_ko_context,O-C1,opencv/opencv,C_bug,semantic,core,ok,140.70430002175272
O-C1:B_ko_context,O-C1,opencv/opencv,C_bug,hybrid,core,ok,148.69220001855865
O-C1:C_en_context,O-C1,opencv/opencv,C_raw,bm25,core,ok,33.51239999756217
O-C1:C_en_context,O-C1,opencv/opencv,C_raw,hybrid,core,ok,154.91510002175346
O-C1:C_en_context,O-C1,opencv/opencv,C_raw,semantic,core,ok,133.06880003074184
O-C1:C_en_context,O-C1,opencv/opencv,C_bug,bm25,core,ok,24.585000006482005
O-C1:C_en_context,O-C1,opencv/opencv,C_bug,hybrid,core,ok,145.81519999774173
O-C1:C_en_context,O-C1,opencv/opencv,C_bug,semantic,core,ok,128.51720000617206
O-C2:A_ko_symptom,O-C2,opencv/opencv,C_raw,hybrid,core,ok,115.30609999317676
O-C2:A_ko_symptom,O-C2,opencv/opencv,C_raw,semantic,core,ok,89.20370001578704
O-C2:A_ko_symptom,O-C2,opencv/opencv,C_raw,bm25,core,ok,15.440099989064038
O-C2:A_ko_symptom,O-C2,opencv/opencv,C_bug,hybrid,core,ok,94.38159997807816
O-C2:A_ko_symptom,O-C2,opencv/opencv,C_bug,semantic,core,ok,85.41230001719669
O-C2:A_ko_symptom,O-C2,opencv/opencv,C_bug,bm25,core,ok,13.355900009628385
O-C2:B_ko_context,O-C2,opencv/opencv,C_raw,hybrid,core,ok,183.43069998081774
O-C2:B_ko_context,O-C2,opencv/opencv,C_raw,bm25,core,ok,30.523499997798353
O-C2:B_ko_context,O-C2,opencv/opencv,C_raw,semantic,core,ok,159.59890000522137
O-C2:B_ko_context,O-C2,opencv/opencv,C_bug,hybrid,core,ok,190.90340001275763
O-C2:B_ko_context,O-C2,opencv/opencv,C_bug,bm25,core,ok,23.510699975304306
O-C2:B_ko_context,O-C2,opencv/opencv,C_bug,semantic,core,ok,158.79060002043843
O-C2:C_en_context,O-C2,opencv/opencv,C_raw,bm25,core,ok,32.30240003904328
O-C2:C_en_context,O-C2,opencv/opencv,C_raw,hybrid,core,ok,178.64450003253296
O-C2:C_en_context,O-C2,opencv/opencv,C_raw,semantic,core,ok,133.8246000232175
O-C2:C_en_context,O-C2,opencv/opencv,C_bug,bm25,core,ok,22.331300016958266
O-C2:C_en_context,O-C2,opencv/opencv,C_bug,hybrid,core,ok,141.58429997041821
O-C2:C_en_context,O-C2,opencv/opencv,C_bug,semantic,core,ok,126.91669998457655
T-E1:A_ko_symptom,T-E1,huggingface/transformers,C_raw,bm25,core,no_lexical_match,16.558699950110167
T-E1:A_ko_symptom,T-E1,huggingface/transformers,C_raw,semantic,core,ok,5320.034199976362
T-E1:A_ko_symptom,T-E1,huggingface/transformers,C_raw,hybrid,core,ok,82.35460001742467
T-E1:A_ko_symptom,T-E1,huggingface/transformers,C_bug,bm25,core,no_lexical_match,4.46849997388199
T-E1:A_ko_symptom,T-E1,huggingface/transformers,C_bug,semantic,core,ok,156.99400001903996
T-E1:A_ko_symptom,T-E1,huggingface/transformers,C_bug,hybrid,core,ok,78.31670000450686
T-E1:B_ko_context,T-E1,huggingface/transformers,C_raw,semantic,core,ok,150.1206000102684
T-E1:B_ko_context,T-E1,huggingface/transformers,C_raw,hybrid,core,ok,174.5307000237517
T-E1:B_ko_context,T-E1,huggingface/transformers,C_raw,bm25,core,ok,34.06470001209527
T-E1:B_ko_context,T-E1,huggingface/transformers,C_bug,semantic,core,ok,139.7725999704562
T-E1:B_ko_context,T-E1,huggingface/transformers,C_bug,hybrid,core,ok,139.82570002553985
T-E1:B_ko_context,T-E1,huggingface/transformers,C_bug,bm25,core,ok,11.494499980472028
T-E1:C_en_context,T-E1,huggingface/transformers,C_raw,bm25,core,ok,33.71230000630021
T-E1:C_en_context,T-E1,huggingface/transformers,C_raw,semantic,core,ok,139.75839997874573
T-E1:C_en_context,T-E1,huggingface/transformers,C_raw,hybrid,core,ok,167.75919997598976
T-E1:C_en_context,T-E1,huggingface/transformers,C_bug,bm25,core,ok,10.638299980200827
T-E1:C_en_context,T-E1,huggingface/transformers,C_bug,semantic,core,ok,131.52710004942492
T-E1:C_en_context,T-E1,huggingface/transformers,C_bug,hybrid,core,ok,142.15030003106222
T-E2:A_ko_symptom,T-E2,huggingface/transformers,C_raw,hybrid,core,ok,110.94140005297959
T-E2:A_ko_symptom,T-E2,huggingface/transformers,C_raw,bm25,core,ok,17.663199978414923
T-E2:A_ko_symptom,T-E2,huggingface/transformers,C_raw,semantic,core,ok,88.85709999594837
T-E2:A_ko_symptom,T-E2,huggingface/transformers,C_bug,hybrid,core,ok,91.05519996955991
T-E2:A_ko_symptom,T-E2,huggingface/transformers,C_bug,bm25,core,no_lexical_match,5.898099974729121
T-E2:A_ko_symptom,T-E2,huggingface/transformers,C_bug,semantic,core,ok,98.23430003598332
T-E2:B_ko_context,T-E2,huggingface/transformers,C_raw,hybrid,core,ok,237.70100000547245
T-E2:B_ko_context,T-E2,huggingface/transformers,C_raw,bm25,core,ok,40.92820000369102
T-E2:B_ko_context,T-E2,huggingface/transformers,C_raw,semantic,core,ok,185.95979997189716
T-E2:B_ko_context,T-E2,huggingface/transformers,C_bug,hybrid,core,ok,179.39470004057512
T-E2:B_ko_context,T-E2,huggingface/transformers,C_bug,bm25,core,ok,10.367500013671815
T-E2:B_ko_context,T-E2,huggingface/transformers,C_bug,semantic,core,ok,158.8798000011593
T-E2:C_en_context,T-E2,huggingface/transformers,C_raw,bm25,core,ok,44.4172999705188
T-E2:C_en_context,T-E2,huggingface/transformers,C_raw,semantic,core,ok,158.15889998339117
T-E2:C_en_context,T-E2,huggingface/transformers,C_raw,hybrid,core,ok,223.9207000238821
T-E2:C_en_context,T-E2,huggingface/transformers,C_bug,bm25,core,ok,14.474899973720312
T-E2:C_en_context,T-E2,huggingface/transformers,C_bug,semantic,core,ok,162.8908999846317
T-E2:C_en_context,T-E2,huggingface/transformers,C_bug,hybrid,core,ok,171.20929999509826
T-S1:A_ko_symptom,T-S1,huggingface/transformers,C_raw,hybrid,core,ok,107.61180002009496
T-S1:A_ko_symptom,T-S1,huggingface/transformers,C_raw,semantic,core,ok,98.35670003667474
T-S1:A_ko_symptom,T-S1,huggingface/transformers,C_raw,bm25,core,ok,21.128199994564056
T-S1:A_ko_symptom,T-S1,huggingface/transformers,C_bug,hybrid,core,ok,110.84119998849928
T-S1:A_ko_symptom,T-S1,huggingface/transformers,C_bug,semantic,core,ok,92.94820000650361
T-S1:A_ko_symptom,T-S1,huggingface/transformers,C_bug,bm25,core,ok,6.574500002898276
T-S1:B_ko_context,T-S1,huggingface/transformers,C_raw,hybrid,core,ok,214.08480004174635
T-S1:B_ko_context,T-S1,huggingface/transformers,C_raw,bm25,core,ok,48.26709994813427
T-S1:B_ko_context,T-S1,huggingface/transformers,C_raw,semantic,core,ok,189.80870000086725
T-S1:B_ko_context,T-S1,huggingface/transformers,C_bug,hybrid,core,ok,285.1997999823652
T-S1:B_ko_context,T-S1,huggingface/transformers,C_bug,bm25,core,ok,29.194000002462417
T-S1:B_ko_context,T-S1,huggingface/transformers,C_bug,semantic,core,ok,688.7089000083506
T-S1:C_en_context,T-S1,huggingface/transformers,C_raw,semantic,core,ok,361.45179998129606
T-S1:C_en_context,T-S1,huggingface/transformers,C_raw,bm25,core,ok,90.08729999186471
T-S1:C_en_context,T-S1,huggingface/transformers,C_raw,hybrid,core,ok,419.73560000769794
T-S1:C_en_context,T-S1,huggingface/transformers,C_bug,semantic,core,ok,273.0205000261776
T-S1:C_en_context,T-S1,huggingface/transformers,C_bug,bm25,core,ok,23.770399973727763
T-S1:C_en_context,T-S1,huggingface/transformers,C_bug,hybrid,core,ok,284.2572000226937
T-S2:A_ko_symptom,T-S2,huggingface/transformers,C_raw,bm25,core,ok,22.90689997607842
T-S2:A_ko_symptom,T-S2,huggingface/transformers,C_raw,hybrid,core,ok,162.91420004563406
T-S2:A_ko_symptom,T-S2,huggingface/transformers,C_raw,semantic,core,ok,553.692499990575
T-S2:A_ko_symptom,T-S2,huggingface/transformers,C_bug,bm25,core,ok,7.066599966492504
T-S2:A_ko_symptom,T-S2,huggingface/transformers,C_bug,hybrid,core,ok,157.48220001114532
T-S2:A_ko_symptom,T-S2,huggingface/transformers,C_bug,semantic,core,ok,125.78020000364631
T-S2:B_ko_context,T-S2,huggingface/transformers,C_raw,hybrid,core,ok,285.96519998973235
T-S2:B_ko_context,T-S2,huggingface/transformers,C_raw,semantic,core,ok,174.48839999269694
T-S2:B_ko_context,T-S2,huggingface/transformers,C_raw,bm25,core,ok,29.482699988875538
T-S2:B_ko_context,T-S2,huggingface/transformers,C_bug,hybrid,core,ok,165.4164000065066
T-S2:B_ko_context,T-S2,huggingface/transformers,C_bug,semantic,core,ok,126.79619999835268
T-S2:B_ko_context,T-S2,huggingface/transformers,C_bug,bm25,core,ok,9.854300005827099
T-S2:C_en_context,T-S2,huggingface/transformers,C_raw,bm25,core,ok,48.926300019957125
T-S2:C_en_context,T-S2,huggingface/transformers,C_raw,semantic,core,ok,163.9819000265561
T-S2:C_en_context,T-S2,huggingface/transformers,C_raw,hybrid,core,ok,177.15689999749884
T-S2:C_en_context,T-S2,huggingface/transformers,C_bug,bm25,core,ok,12.521299999207258
T-S2:C_en_context,T-S2,huggingface/transformers,C_bug,semantic,core,ok,157.4848999734968
T-S2:C_en_context,T-S2,huggingface/transformers,C_bug,hybrid,core,ok,156.17209998890758
T-C1:A_ko_symptom,T-C1,huggingface/transformers,C_raw,semantic,core,ok,110.98739999579266
T-C1:A_ko_symptom,T-C1,huggingface/transformers,C_raw,bm25,core,no_lexical_match,14.853700005915016
T-C1:A_ko_symptom,T-C1,huggingface/transformers,C_raw,hybrid,core,ok,114.88360003568232
T-C1:A_ko_symptom,T-C1,huggingface/transformers,C_bug,semantic,core,ok,93.63320004194975
T-C1:A_ko_symptom,T-C1,huggingface/transformers,C_bug,bm25,core,no_lexical_match,4.5603999751619995
T-C1:A_ko_symptom,T-C1,huggingface/transformers,C_bug,hybrid,core,ok,92.59479999309406
T-C1:B_ko_context,T-C1,huggingface/transformers,C_raw,semantic,core,ok,185.8871000004001
T-C1:B_ko_context,T-C1,huggingface/transformers,C_raw,hybrid,core,ok,235.93520000576973
T-C1:B_ko_context,T-C1,huggingface/transformers,C_raw,bm25,core,ok,51.04109999956563
T-C1:B_ko_context,T-C1,huggingface/transformers,C_bug,semantic,core,ok,174.7343000024557
T-C1:B_ko_context,T-C1,huggingface/transformers,C_bug,hybrid,core,ok,188.99180000880733
T-C1:B_ko_context,T-C1,huggingface/transformers,C_bug,bm25,core,ok,13.879299978725612
T-C1:C_en_context,T-C1,huggingface/transformers,C_raw,semantic,core,ok,164.14000000804663
T-C1:C_en_context,T-C1,huggingface/transformers,C_raw,hybrid,core,ok,213.3140999940224
T-C1:C_en_context,T-C1,huggingface/transformers,C_raw,bm25,core,ok,49.70969998976216
T-C1:C_en_context,T-C1,huggingface/transformers,C_bug,semantic,core,ok,184.5918000326492
T-C1:C_en_context,T-C1,huggingface/transformers,C_bug,hybrid,core,ok,273.470800020732
T-C1:C_en_context,T-C1,huggingface/transformers,C_bug,bm25,core,ok,21.51730004698038
T-C2:A_ko_symptom,T-C2,huggingface/transformers,C_raw,semantic,core,ok,120.36199995782226
T-C2:A_ko_symptom,T-C2,huggingface/transformers,C_raw,hybrid,core,ok,163.8597000273876
T-C2:A_ko_symptom,T-C2,huggingface/transformers,C_raw,bm25,core,ok,32.51640003873035
T-C2:A_ko_symptom,T-C2,huggingface/transformers,C_bug,semantic,core,ok,178.74579998897389
T-C2:A_ko_symptom,T-C2,huggingface/transformers,C_bug,hybrid,core,ok,208.8468000292778
T-C2:A_ko_symptom,T-C2,huggingface/transformers,C_bug,bm25,core,ok,9.957499976735562
T-C2:B_ko_context,T-C2,huggingface/transformers,C_raw,bm25,core,ok,68.88360000448301
T-C2:B_ko_context,T-C2,huggingface/transformers,C_raw,semantic,core,ok,262.0050000259653
T-C2:B_ko_context,T-C2,huggingface/transformers,C_raw,hybrid,core,ok,317.56970001151785
T-C2:B_ko_context,T-C2,huggingface/transformers,C_bug,bm25,core,ok,14.58040002034977
T-C2:B_ko_context,T-C2,huggingface/transformers,C_bug,semantic,core,ok,287.07289998419583
T-C2:B_ko_context,T-C2,huggingface/transformers,C_bug,hybrid,core,ok,268.7510999967344
T-C2:C_en_context,T-C2,huggingface/transformers,C_raw,hybrid,core,ok,310.62379997456446
T-C2:C_en_context,T-C2,huggingface/transformers,C_raw,semantic,core,ok,208.12079997267574
T-C2:C_en_context,T-C2,huggingface/transformers,C_raw,bm25,core,ok,60.55670004570857
T-C2:C_en_context,T-C2,huggingface/transformers,C_bug,hybrid,core,ok,256.37290003942326
T-C2:C_en_context,T-C2,huggingface/transformers,C_bug,semantic,core,ok,237.2404999914579
T-C2:C_en_context,T-C2,huggingface/transformers,C_bug,bm25,core,ok,26.980500028003007
H-O:B_ko_context,H-O,opencv/opencv,C_raw,hybrid,historical,ok,221.72580001642928
H-O:B_ko_context,H-O,opencv/opencv,C_raw,semantic,historical,ok,204.16219998151064
H-O:B_ko_context,H-O,opencv/opencv,C_raw,bm25,historical,ok,40.13370000757277
H-O:B_ko_context,H-O,opencv/opencv,C_bug,hybrid,historical,ok,245.4697999637574
H-O:B_ko_context,H-O,opencv/opencv,C_bug,semantic,historical,ok,258.91069998033345
H-O:B_ko_context,H-O,opencv/opencv,C_bug,bm25,historical,ok,24.816499964799732
H-T:B_ko_context,H-T,huggingface/transformers,C_raw,hybrid,historical,ok,215.15839995117858
H-T:B_ko_context,H-T,huggingface/transformers,C_raw,bm25,historical,ok,34.94510002201423
H-T:B_ko_context,H-T,huggingface/transformers,C_raw,semantic,historical,ok,193.75819998094812
H-T:B_ko_context,H-T,huggingface/transformers,C_bug,hybrid,historical,ok,154.26969999680296
H-T:B_ko_context,H-T,huggingface/transformers,C_bug,bm25,historical,ok,7.605799997691065
H-T:B_ko_context,H-T,huggingface/transformers,C_bug,semantic,historical,ok,127.35979998251423
O-E1:B_ko_context,O-E1,opencv/opencv,C_raw,hybrid,warm_timing,ok,241.6104999720119
O-E1:B_ko_context,O-E1,opencv/opencv,C_raw,semantic,warm_timing,ok,150.81120003014803
O-E1:B_ko_context,O-E1,opencv/opencv,C_raw,bm25,warm_timing,ok,33.06829999201
O-E1:B_ko_context,O-E1,opencv/opencv,C_raw,bm25,warm_timing,ok,34.83499999856576
O-E1:B_ko_context,O-E1,opencv/opencv,C_raw,semantic,warm_timing,ok,162.00529999332502
O-E1:B_ko_context,O-E1,opencv/opencv,C_raw,hybrid,warm_timing,ok,215.86660004686564
O-E1:B_ko_context,O-E1,opencv/opencv,C_raw,bm25,warm_timing,ok,42.58529999060556
O-E1:B_ko_context,O-E1,opencv/opencv,C_raw,hybrid,warm_timing,ok,217.00699999928474
O-E1:B_ko_context,O-E1,opencv/opencv,C_raw,semantic,warm_timing,ok,175.4559999681078
O-S1:B_ko_context,O-S1,opencv/opencv,C_raw,bm25,warm_timing,ok,35.991600016132
O-S1:B_ko_context,O-S1,opencv/opencv,C_raw,hybrid,warm_timing,ok,198.359000030905
O-S1:B_ko_context,O-S1,opencv/opencv,C_raw,semantic,warm_timing,ok,182.49540001852438
O-S1:B_ko_context,O-S1,opencv/opencv,C_raw,semantic,warm_timing,ok,167.71539999172091
O-S1:B_ko_context,O-S1,opencv/opencv,C_raw,bm25,warm_timing,ok,24.365300021599978
O-S1:B_ko_context,O-S1,opencv/opencv,C_raw,hybrid,warm_timing,ok,308.75620001461357
O-S1:B_ko_context,O-S1,opencv/opencv,C_raw,hybrid,warm_timing,ok,253.06239997735247
O-S1:B_ko_context,O-S1,opencv/opencv,C_raw,semantic,warm_timing,ok,311.7532000178471
O-S1:B_ko_context,O-S1,opencv/opencv,C_raw,bm25,warm_timing,ok,45.22149998228997
O-C1:B_ko_context,O-C1,opencv/opencv,C_raw,hybrid,warm_timing,ok,494.2352999933064
O-C1:B_ko_context,O-C1,opencv/opencv,C_raw,bm25,warm_timing,ok,55.28610001783818
O-C1:B_ko_context,O-C1,opencv/opencv,C_raw,semantic,warm_timing,ok,263.7901999987662
O-C1:B_ko_context,O-C1,opencv/opencv,C_raw,hybrid,warm_timing,ok,280.1991000305861
O-C1:B_ko_context,O-C1,opencv/opencv,C_raw,bm25,warm_timing,ok,40.227700024843216
O-C1:B_ko_context,O-C1,opencv/opencv,C_raw,semantic,warm_timing,ok,206.10180002404377
O-C1:B_ko_context,O-C1,opencv/opencv,C_raw,semantic,warm_timing,ok,178.21209999965504
O-C1:B_ko_context,O-C1,opencv/opencv,C_raw,hybrid,warm_timing,ok,243.37839998770505
O-C1:B_ko_context,O-C1,opencv/opencv,C_raw,bm25,warm_timing,ok,35.48560000490397
T-E1:B_ko_context,T-E1,huggingface/transformers,C_raw,bm25,warm_timing,ok,35.49300000304356
T-E1:B_ko_context,T-E1,huggingface/transformers,C_raw,semantic,warm_timing,ok,167.9535000002943
T-E1:B_ko_context,T-E1,huggingface/transformers,C_raw,hybrid,warm_timing,ok,221.98710002703592
T-E1:B_ko_context,T-E1,huggingface/transformers,C_raw,hybrid,warm_timing,ok,206.32100000511855
T-E1:B_ko_context,T-E1,huggingface/transformers,C_raw,bm25,warm_timing,ok,31.14039998035878
T-E1:B_ko_context,T-E1,huggingface/transformers,C_raw,semantic,warm_timing,ok,144.7889999835752
T-E1:B_ko_context,T-E1,huggingface/transformers,C_raw,semantic,warm_timing,ok,154.38459999859333
T-E1:B_ko_context,T-E1,huggingface/transformers,C_raw,hybrid,warm_timing,ok,194.48150001699105
T-E1:B_ko_context,T-E1,huggingface/transformers,C_raw,bm25,warm_timing,ok,33.89370004879311
T-S1:B_ko_context,T-S1,huggingface/transformers,C_raw,hybrid,warm_timing,ok,215.2553999912925
T-S1:B_ko_context,T-S1,huggingface/transformers,C_raw,semantic,warm_timing,ok,219.9553000391461
T-S1:B_ko_context,T-S1,huggingface/transformers,C_raw,bm25,warm_timing,ok,48.90880000311881
T-S1:B_ko_context,T-S1,huggingface/transformers,C_raw,bm25,warm_timing,ok,44.88510004011914
T-S1:B_ko_context,T-S1,huggingface/transformers,C_raw,semantic,warm_timing,ok,204.89219995215535
T-S1:B_ko_context,T-S1,huggingface/transformers,C_raw,hybrid,warm_timing,ok,362.17520001810044
T-S1:B_ko_context,T-S1,huggingface/transformers,C_raw,semantic,warm_timing,ok,224.06490001594648
T-S1:B_ko_context,T-S1,huggingface/transformers,C_raw,hybrid,warm_timing,ok,283.99319999152794
T-S1:B_ko_context,T-S1,huggingface/transformers,C_raw,bm25,warm_timing,ok,39.16939999908209
T-C1:B_ko_context,T-C1,huggingface/transformers,C_raw,hybrid,warm_timing,ok,245.2589999884367
T-C1:B_ko_context,T-C1,huggingface/transformers,C_raw,semantic,warm_timing,ok,182.86669999361038
T-C1:B_ko_context,T-C1,huggingface/transformers,C_raw,bm25,warm_timing,ok,44.17800001101568
T-C1:B_ko_context,T-C1,huggingface/transformers,C_raw,hybrid,warm_timing,ok,230.18119996413589
T-C1:B_ko_context,T-C1,huggingface/transformers,C_raw,bm25,warm_timing,ok,47.585299995262176
T-C1:B_ko_context,T-C1,huggingface/transformers,C_raw,semantic,warm_timing,ok,217.09709998685867
T-C1:B_ko_context,T-C1,huggingface/transformers,C_raw,semantic,warm_timing,ok,219.2135999794118
T-C1:B_ko_context,T-C1,huggingface/transformers,C_raw,bm25,warm_timing,ok,51.13629996776581
T-C1:B_ko_context,T-C1,huggingface/transformers,C_raw,hybrid,warm_timing,ok,253.80730000324547
