query_id,query_sha256,symptom_faithful,no_solution_leakage,information_change_checked,exposure,reviewer_type,reviewer_id,reviewed_at,review_status,reason
O-E1:A_ko_symptom,c61f16ced5a9fb5874959769397cff94a19cac84981d037be27a968c4c81046d,,,,,,,,unreviewed,
O-E1:B_ko_context,645807dbe2b0d7744981f2554f3e5688d8395e4014c37bedbfd2cb93be4c4be3,,,,,,,,unreviewed,
O-E1:C_en_context,f1f8a981698c11c09d2b894fb9ad4857b201c534532ef9a78af96e4195b85f71,,,,,,,,unreviewed,
O-E2:A_ko_symptom,f1385d42aeb2bd224b9d384b2895c9c0105ff556297983fb38508312ffe9ddbc,,,,,,,,unreviewed,
O-E2:B_ko_context,dbb67fde588978c493a177b12b28643d394165fcb9fd40c26d3a42a3f1bd85aa,,,,,,,,unreviewed,
O-E2:C_en_context,674c5648aeafd84d3e7f5cc3ee7dbb5990c583b9daf4b58bd1a21c2abaf0f6c1,,,,,,,,unreviewed,
O-S1:A_ko_symptom,a340a4d4640ab711a7d407a1b04b58b45063a2ee2080359b296ec7ba7eaae09c,,,,,,,,unreviewed,
O-S1:B_ko_context,8ad9a8815f4900e9b856c5b64f9f6258ab3e4882de0fa4bd1c69c510422895c7,,,,,,,,unreviewed,
O-S1:C_en_context,6c2dedf66feba80798f8f0bc856584dfcedc5f7f59588ba8ea7a77783027e0d0,,,,,,,,unreviewed,
O-S2:A_ko_symptom,3d7117850fe9ddf202bab25cb60a4b6f1d1f0a246d7004cce3122016657fa90f,,,,,,,,unreviewed,
O-S2:B_ko_context,51727030ad0700bc0f5b036121eabb0f83c1279cc57992cc733f74f6e31374b1,,,,,,,,unreviewed,
O-S2:C_en_context,b5f1cd755c213858d7338b9209d617d9f1741c2f749f8584fd459bdcdeb851ca,,,,,,,,unreviewed,
O-C1:A_ko_symptom,74965f96ab82544b1390f5338587b1afff0001727f09c9465834f77db98eacba,,,,,,,,unreviewed,
O-C1:B_ko_context,8ed66576a8d0e0c8aad8a9198553949ef6b2cb6079bcce397589e78eac36b6e1,,,,,,,,unreviewed,
O-C1:C_en_context,a75ef6d20c688c91395b5ff5f270f91f1a17ee8b827fe8db5cc466c2edc39ae6,,,,,,,,unreviewed,
O-C2:A_ko_symptom,7d4f5c544b177d9afeb26acf52be9c97b0535f8f82b50893cef3440d73baa5c6,,,,,,,,unreviewed,
O-C2:B_ko_context,884d34da7ae91a0acf8f0667333094ce69a7e9c5a2797832db4ac1de6fb25203,,,,,,,,unreviewed,
O-C2:C_en_context,59f567cc3d63ea625db722d6e27ba9ad376beb6edbb0b42859175bd3721acae5,,,,,,,,unreviewed,
T-E1:A_ko_symptom,8dc9273a2cb0d3313ec05d6cc9777473768336e1747a7878bcb818ec5f5a0494,,,,,,,,unreviewed,
T-E1:B_ko_context,af17c35898fef9b353bcdeebcfe4ded264e59d0cb9d8b6de336053e97285f2c6,,,,,,,,unreviewed,
T-E1:C_en_context,e02f041f9cce25daa8b00b80bcf233110a114e299b77e08207338570c41e8aa3,,,,,,,,unreviewed,
T-E2:A_ko_symptom,dcd3313fe25cc06d6aad51b62fe53ed594d3f72fe73f875de8556e0fa969234a,,,,,,,,unreviewed,
T-E2:B_ko_context,97ce418c2efeb738502464c3e2ea7f7e192d3f0bc0b597c6bc9ca55a910b1744,,,,,,,,unreviewed,
T-E2:C_en_context,4f992f47b75ffacfcf6e443adbea9ed36f26cef591cd8a73ecf3ac29b98c7d96,,,,,,,,unreviewed,
T-S1:A_ko_symptom,1dd2898b136f6a3b5507666596321c30540d2f237761bfe5d4fda891ac0f832a,,,,,,,,unreviewed,
T-S1:B_ko_context,64c8b60e9d51a7521bee4655c821bfaf9694277f2f78ab3aaa69f46937153478,,,,,,,,unreviewed,
T-S1:C_en_context,385ca67150b9eca22e18923afe0534a9c3b5cd85a1aaec3bb5b4fcd049675130,,,,,,,,unreviewed,
T-S2:A_ko_symptom,5d626107a9e2326d53333a4c4cca170ca70df744b62bb2a3d82f47870dde3c09,,,,,,,,unreviewed,
T-S2:B_ko_context,27476b92ccd392cc10227a7376f46100c84ed67e64645d94a84f8965a6ac0dc6,,,,,,,,unreviewed,
T-S2:C_en_context,65f2530d16787c27f07cc3ff2fb740be85d24cd3b49b13336a5af13f75fc7cfe,,,,,,,,unreviewed,
T-C1:A_ko_symptom,8a09a59f56a9590f1c32248ef97fc824daf10ac11871a46ad75148180a00f35b,,,,,,,,unreviewed,
T-C1:B_ko_context,9971a350ad4b6cd8a46a06c19fb42891b09aced5ff4c485a09e14e60397248ba,,,,,,,,unreviewed,
T-C1:C_en_context,eb4690319aec18202bef4832c0c922c7394983d5f36aa7df4269a70994b809e8,,,,,,,,unreviewed,
T-C2:A_ko_symptom,bc3574a284c83fd6a8e09b3dd237a195c53c7e781f374c1be41616523d4f016a,,,,,,,,unreviewed,
T-C2:B_ko_context,c361660e90d5a1990ed281862ad5d3f3468f18d68f0e9a6ab479a3281f595f33,,,,,,,,unreviewed,
T-C2:C_en_context,191f26d45dbb809ee00ac1fcde1768ed8c1677775325637760163d8d8f192c1f,,,,,,,,unreviewed,
H-O:B_ko_context,f62d46c14310cec34bf59f595b28b8b6dc9eedce8f57fcef938fc48e172909b0,,,,,,,,unreviewed,
H-T:B_ko_context,7048572e0d19f9635cf981d73b6abf2712a506f32f4a286992f21f07b6f392ee,,,,,,,,unreviewed,
