case_id,query_id,method,scope,reference_doc_id,in_C_raw,in_C_bug,reference_rank,retrieval_status,mechanical_observation,human_relevance,cause_confirmed
O-E1,O-E1:A_ko_symptom,hybrid,C_raw,opencv/opencv#29350,True,True,20,ok,rank_recorded,,False
O-E1,O-E1:A_ko_symptom,semantic,C_raw,opencv/opencv#29350,True,True,2,ok,rank_recorded,,False
O-E1,O-E1:A_ko_symptom,bm25,C_raw,opencv/opencv#29350,True,True,103,ok,rank_recorded,,False
O-E1,O-E1:A_ko_symptom,hybrid,C_bug,opencv/opencv#29350,True,True,25,ok,rank_recorded,,False
O-E1,O-E1:A_ko_symptom,semantic,C_bug,opencv/opencv#29350,True,True,2,ok,rank_recorded,,False
O-E1,O-E1:A_ko_symptom,bm25,C_bug,opencv/opencv#29350,True,True,73,ok,rank_recorded,,False
O-E1,O-E1:B_ko_context,bm25,C_raw,opencv/opencv#29350,True,True,1,ok,rank_recorded,,False
O-E1,O-E1:B_ko_context,hybrid,C_raw,opencv/opencv#29350,True,True,1,ok,rank_recorded,,False
O-E1,O-E1:B_ko_context,semantic,C_raw,opencv/opencv#29350,True,True,1,ok,rank_recorded,,False
O-E1,O-E1:B_ko_context,bm25,C_bug,opencv/opencv#29350,True,True,1,ok,rank_recorded,,False
O-E1,O-E1:B_ko_context,hybrid,C_bug,opencv/opencv#29350,True,True,1,ok,rank_recorded,,False
O-E1,O-E1:B_ko_context,semantic,C_bug,opencv/opencv#29350,True,True,1,ok,rank_recorded,,False
O-E1,O-E1:C_en_context,semantic,C_raw,opencv/opencv#29350,True,True,1,ok,rank_recorded,,False
O-E1,O-E1:C_en_context,hybrid,C_raw,opencv/opencv#29350,True,True,1,ok,rank_recorded,,False
O-E1,O-E1:C_en_context,bm25,C_raw,opencv/opencv#29350,True,True,1,ok,rank_recorded,,False
O-E1,O-E1:C_en_context,semantic,C_bug,opencv/opencv#29350,True,True,1,ok,rank_recorded,,False
O-E1,O-E1:C_en_context,hybrid,C_bug,opencv/opencv#29350,True,True,1,ok,rank_recorded,,False
O-E1,O-E1:C_en_context,bm25,C_bug,opencv/opencv#29350,True,True,1,ok,rank_recorded,,False
O-E2,O-E2:A_ko_symptom,semantic,C_raw,opencv/opencv#28525,True,True,4,ok,rank_recorded,,False
O-E2,O-E2:A_ko_symptom,hybrid,C_raw,opencv/opencv#28525,True,True,2,ok,rank_recorded,,False
O-E2,O-E2:A_ko_symptom,bm25,C_raw,opencv/opencv#28525,True,True,1,ok,rank_recorded,,False
O-E2,O-E2:A_ko_symptom,semantic,C_bug,opencv/opencv#28525,True,True,4,ok,rank_recorded,,False
O-E2,O-E2:A_ko_symptom,hybrid,C_bug,opencv/opencv#28525,True,True,2,ok,rank_recorded,,False
O-E2,O-E2:A_ko_symptom,bm25,C_bug,opencv/opencv#28525,True,True,1,ok,rank_recorded,,False
O-E2,O-E2:B_ko_context,semantic,C_raw,opencv/opencv#28525,True,True,1,ok,rank_recorded,,False
O-E2,O-E2:B_ko_context,bm25,C_raw,opencv/opencv#28525,True,True,1,ok,rank_recorded,,False
O-E2,O-E2:B_ko_context,hybrid,C_raw,opencv/opencv#28525,True,True,1,ok,rank_recorded,,False
O-E2,O-E2:B_ko_context,semantic,C_bug,opencv/opencv#28525,True,True,1,ok,rank_recorded,,False
O-E2,O-E2:B_ko_context,bm25,C_bug,opencv/opencv#28525,True,True,1,ok,rank_recorded,,False
O-E2,O-E2:B_ko_context,hybrid,C_bug,opencv/opencv#28525,True,True,1,ok,rank_recorded,,False
O-E2,O-E2:C_en_context,semantic,C_raw,opencv/opencv#28525,True,True,1,ok,rank_recorded,,False
O-E2,O-E2:C_en_context,hybrid,C_raw,opencv/opencv#28525,True,True,1,ok,rank_recorded,,False
O-E2,O-E2:C_en_context,bm25,C_raw,opencv/opencv#28525,True,True,1,ok,rank_recorded,,False
O-E2,O-E2:C_en_context,semantic,C_bug,opencv/opencv#28525,True,True,1,ok,rank_recorded,,False
O-E2,O-E2:C_en_context,hybrid,C_bug,opencv/opencv#28525,True,True,1,ok,rank_recorded,,False
O-E2,O-E2:C_en_context,bm25,C_bug,opencv/opencv#28525,True,True,1,ok,rank_recorded,,False
O-S1,O-S1:A_ko_symptom,bm25,C_raw,opencv/opencv#29565,True,True,1,ok,rank_recorded,,False
O-S1,O-S1:A_ko_symptom,hybrid,C_raw,opencv/opencv#29565,True,True,1,ok,rank_recorded,,False
O-S1,O-S1:A_ko_symptom,semantic,C_raw,opencv/opencv#29565,True,True,1,ok,rank_recorded,,False
O-S1,O-S1:A_ko_symptom,bm25,C_bug,opencv/opencv#29565,True,True,1,ok,rank_recorded,,False
O-S1,O-S1:A_ko_symptom,hybrid,C_bug,opencv/opencv#29565,True,True,1,ok,rank_recorded,,False
O-S1,O-S1:A_ko_symptom,semantic,C_bug,opencv/opencv#29565,True,True,1,ok,rank_recorded,,False
O-S1,O-S1:B_ko_context,hybrid,C_raw,opencv/opencv#29565,True,True,1,ok,rank_recorded,,False
O-S1,O-S1:B_ko_context,semantic,C_raw,opencv/opencv#29565,True,True,1,ok,rank_recorded,,False
O-S1,O-S1:B_ko_context,bm25,C_raw,opencv/opencv#29565,True,True,1,ok,rank_recorded,,False
O-S1,O-S1:B_ko_context,hybrid,C_bug,opencv/opencv#29565,True,True,1,ok,rank_recorded,,False
O-S1,O-S1:B_ko_context,semantic,C_bug,opencv/opencv#29565,True,True,1,ok,rank_recorded,,False
O-S1,O-S1:B_ko_context,bm25,C_bug,opencv/opencv#29565,True,True,1,ok,rank_recorded,,False
O-S1,O-S1:C_en_context,hybrid,C_raw,opencv/opencv#29565,True,True,1,ok,rank_recorded,,False
O-S1,O-S1:C_en_context,semantic,C_raw,opencv/opencv#29565,True,True,1,ok,rank_recorded,,False
O-S1,O-S1:C_en_context,bm25,C_raw,opencv/opencv#29565,True,True,1,ok,rank_recorded,,False
O-S1,O-S1:C_en_context,hybrid,C_bug,opencv/opencv#29565,True,True,1,ok,rank_recorded,,False
O-S1,O-S1:C_en_context,semantic,C_bug,opencv/opencv#29565,True,True,1,ok,rank_recorded,,False
O-S1,O-S1:C_en_context,bm25,C_bug,opencv/opencv#29565,True,True,1,ok,rank_recorded,,False
O-S2,O-S2:A_ko_symptom,bm25,C_raw,opencv/opencv#30090,True,False,44,ok,rank_recorded,,False
O-S2,O-S2:A_ko_symptom,hybrid,C_raw,opencv/opencv#30090,True,False,71,ok,rank_recorded,,False
O-S2,O-S2:A_ko_symptom,semantic,C_raw,opencv/opencv#30090,True,False,116,ok,rank_recorded,,False
O-S2,O-S2:A_ko_symptom,bm25,C_bug,opencv/opencv#30090,True,False,,ok,excluded_by_bug_filter,,False
O-S2,O-S2:A_ko_symptom,hybrid,C_bug,opencv/opencv#30090,True,False,,ok,excluded_by_bug_filter,,False
O-S2,O-S2:A_ko_symptom,semantic,C_bug,opencv/opencv#30090,True,False,,ok,excluded_by_bug_filter,,False
O-S2,O-S2:B_ko_context,hybrid,C_raw,opencv/opencv#30090,True,False,1,ok,rank_recorded,,False
O-S2,O-S2:B_ko_context,semantic,C_raw,opencv/opencv#30090,True,False,2,ok,rank_recorded,,False
O-S2,O-S2:B_ko_context,bm25,C_raw,opencv/opencv#30090,True,False,1,ok,rank_recorded,,False
O-S2,O-S2:B_ko_context,hybrid,C_bug,opencv/opencv#30090,True,False,,ok,excluded_by_bug_filter,,False
O-S2,O-S2:B_ko_context,semantic,C_bug,opencv/opencv#30090,True,False,,ok,excluded_by_bug_filter,,False
O-S2,O-S2:B_ko_context,bm25,C_bug,opencv/opencv#30090,True,False,,ok,excluded_by_bug_filter,,False
O-S2,O-S2:C_en_context,semantic,C_raw,opencv/opencv#30090,True,False,1,ok,rank_recorded,,False
O-S2,O-S2:C_en_context,hybrid,C_raw,opencv/opencv#30090,True,False,1,ok,rank_recorded,,False
O-S2,O-S2:C_en_context,bm25,C_raw,opencv/opencv#30090,True,False,1,ok,rank_recorded,,False
O-S2,O-S2:C_en_context,semantic,C_bug,opencv/opencv#30090,True,False,,ok,excluded_by_bug_filter,,False
O-S2,O-S2:C_en_context,hybrid,C_bug,opencv/opencv#30090,True,False,,ok,excluded_by_bug_filter,,False
O-S2,O-S2:C_en_context,bm25,C_bug,opencv/opencv#30090,True,False,,ok,excluded_by_bug_filter,,False
O-C1,O-C1:A_ko_symptom,semantic,C_raw,opencv/opencv#28207,True,True,2,ok,rank_recorded,,False
O-C1,O-C1:A_ko_symptom,bm25,C_raw,opencv/opencv#28207,True,True,4,ok,rank_recorded,,False
O-C1,O-C1:A_ko_symptom,hybrid,C_raw,opencv/opencv#28207,True,True,1,ok,rank_recorded,,False
O-C1,O-C1:A_ko_symptom,semantic,C_bug,opencv/opencv#28207,True,True,2,ok,rank_recorded,,False
O-C1,O-C1:A_ko_symptom,bm25,C_bug,opencv/opencv#28207,True,True,2,ok,rank_recorded,,False
O-C1,O-C1:A_ko_symptom,hybrid,C_bug,opencv/opencv#28207,True,True,1,ok,rank_recorded,,False
O-C1,O-C1:B_ko_context,bm25,C_raw,opencv/opencv#28207,True,True,1,ok,rank_recorded,,False
O-C1,O-C1:B_ko_context,semantic,C_raw,opencv/opencv#28207,True,True,1,ok,rank_recorded,,False
O-C1,O-C1:B_ko_context,hybrid,C_raw,opencv/opencv#28207,True,True,1,ok,rank_recorded,,False
O-C1,O-C1:B_ko_context,bm25,C_bug,opencv/opencv#28207,True,True,1,ok,rank_recorded,,False
O-C1,O-C1:B_ko_context,semantic,C_bug,opencv/opencv#28207,True,True,1,ok,rank_recorded,,False
O-C1,O-C1:B_ko_context,hybrid,C_bug,opencv/opencv#28207,True,True,1,ok,rank_recorded,,False
O-C1,O-C1:C_en_context,bm25,C_raw,opencv/opencv#28207,True,True,1,ok,rank_recorded,,False
O-C1,O-C1:C_en_context,hybrid,C_raw,opencv/opencv#28207,True,True,1,ok,rank_recorded,,False
O-C1,O-C1:C_en_context,semantic,C_raw,opencv/opencv#28207,True,True,1,ok,rank_recorded,,False
O-C1,O-C1:C_en_context,bm25,C_bug,opencv/opencv#28207,True,True,1,ok,rank_recorded,,False
O-C1,O-C1:C_en_context,hybrid,C_bug,opencv/opencv#28207,True,True,1,ok,rank_recorded,,False
O-C1,O-C1:C_en_context,semantic,C_bug,opencv/opencv#28207,True,True,1,ok,rank_recorded,,False
O-C2,O-C2:A_ko_symptom,hybrid,C_raw,opencv/opencv#29636,True,True,1,ok,rank_recorded,,False
O-C2,O-C2:A_ko_symptom,semantic,C_raw,opencv/opencv#29636,True,True,2,ok,rank_recorded,,False
O-C2,O-C2:A_ko_symptom,bm25,C_raw,opencv/opencv#29636,True,True,1,ok,rank_recorded,,False
O-C2,O-C2:A_ko_symptom,hybrid,C_bug,opencv/opencv#29636,True,True,1,ok,rank_recorded,,False
O-C2,O-C2:A_ko_symptom,semantic,C_bug,opencv/opencv#29636,True,True,2,ok,rank_recorded,,False
O-C2,O-C2:A_ko_symptom,bm25,C_bug,opencv/opencv#29636,True,True,1,ok,rank_recorded,,False
O-C2,O-C2:B_ko_context,hybrid,C_raw,opencv/opencv#29636,True,True,1,ok,rank_recorded,,False
O-C2,O-C2:B_ko_context,bm25,C_raw,opencv/opencv#29636,True,True,1,ok,rank_recorded,,False
O-C2,O-C2:B_ko_context,semantic,C_raw,opencv/opencv#29636,True,True,1,ok,rank_recorded,,False
O-C2,O-C2:B_ko_context,hybrid,C_bug,opencv/opencv#29636,True,True,1,ok,rank_recorded,,False
O-C2,O-C2:B_ko_context,bm25,C_bug,opencv/opencv#29636,True,True,1,ok,rank_recorded,,False
O-C2,O-C2:B_ko_context,semantic,C_bug,opencv/opencv#29636,True,True,1,ok,rank_recorded,,False
O-C2,O-C2:C_en_context,bm25,C_raw,opencv/opencv#29636,True,True,1,ok,rank_recorded,,False
O-C2,O-C2:C_en_context,hybrid,C_raw,opencv/opencv#29636,True,True,1,ok,rank_recorded,,False
O-C2,O-C2:C_en_context,semantic,C_raw,opencv/opencv#29636,True,True,1,ok,rank_recorded,,False
O-C2,O-C2:C_en_context,bm25,C_bug,opencv/opencv#29636,True,True,1,ok,rank_recorded,,False
O-C2,O-C2:C_en_context,hybrid,C_bug,opencv/opencv#29636,True,True,1,ok,rank_recorded,,False
O-C2,O-C2:C_en_context,semantic,C_bug,opencv/opencv#29636,True,True,1,ok,rank_recorded,,False
T-E1,T-E1:A_ko_symptom,bm25,C_raw,huggingface/transformers#47879,True,True,,no_lexical_match,no_lexical_match,,False
T-E1,T-E1:A_ko_symptom,semantic,C_raw,huggingface/transformers#47879,True,True,1,ok,rank_recorded,,False
T-E1,T-E1:A_ko_symptom,hybrid,C_raw,huggingface/transformers#47879,True,True,1,ok,rank_recorded,,False
T-E1,T-E1:A_ko_symptom,bm25,C_bug,huggingface/transformers#47879,True,True,,no_lexical_match,no_lexical_match,,False
T-E1,T-E1:A_ko_symptom,semantic,C_bug,huggingface/transformers#47879,True,True,1,ok,rank_recorded,,False
T-E1,T-E1:A_ko_symptom,hybrid,C_bug,huggingface/transformers#47879,True,True,1,ok,rank_recorded,,False
T-E1,T-E1:B_ko_context,semantic,C_raw,huggingface/transformers#47879,True,True,1,ok,rank_recorded,,False
T-E1,T-E1:B_ko_context,hybrid,C_raw,huggingface/transformers#47879,True,True,1,ok,rank_recorded,,False
T-E1,T-E1:B_ko_context,bm25,C_raw,huggingface/transformers#47879,True,True,1,ok,rank_recorded,,False
T-E1,T-E1:B_ko_context,semantic,C_bug,huggingface/transformers#47879,True,True,1,ok,rank_recorded,,False
T-E1,T-E1:B_ko_context,hybrid,C_bug,huggingface/transformers#47879,True,True,1,ok,rank_recorded,,False
T-E1,T-E1:B_ko_context,bm25,C_bug,huggingface/transformers#47879,True,True,1,ok,rank_recorded,,False
T-E1,T-E1:C_en_context,bm25,C_raw,huggingface/transformers#47879,True,True,1,ok,rank_recorded,,False
T-E1,T-E1:C_en_context,semantic,C_raw,huggingface/transformers#47879,True,True,1,ok,rank_recorded,,False
T-E1,T-E1:C_en_context,hybrid,C_raw,huggingface/transformers#47879,True,True,1,ok,rank_recorded,,False
T-E1,T-E1:C_en_context,bm25,C_bug,huggingface/transformers#47879,True,True,1,ok,rank_recorded,,False
T-E1,T-E1:C_en_context,semantic,C_bug,huggingface/transformers#47879,True,True,1,ok,rank_recorded,,False
T-E1,T-E1:C_en_context,hybrid,C_bug,huggingface/transformers#47879,True,True,1,ok,rank_recorded,,False
T-E2,T-E2:A_ko_symptom,hybrid,C_raw,huggingface/transformers#48346,True,False,2,ok,rank_recorded,,False
T-E2,T-E2:A_ko_symptom,bm25,C_raw,huggingface/transformers#48346,True,False,4,ok,rank_recorded,,False
T-E2,T-E2:A_ko_symptom,semantic,C_raw,huggingface/transformers#48346,True,False,12,ok,rank_recorded,,False
T-E2,T-E2:A_ko_symptom,hybrid,C_bug,huggingface/transformers#48346,True,False,,ok,excluded_by_bug_filter,,False
T-E2,T-E2:A_ko_symptom,bm25,C_bug,huggingface/transformers#48346,True,False,,no_lexical_match,excluded_by_bug_filter,,False
T-E2,T-E2:A_ko_symptom,semantic,C_bug,huggingface/transformers#48346,True,False,,ok,excluded_by_bug_filter,,False
T-E2,T-E2:B_ko_context,hybrid,C_raw,huggingface/transformers#48346,True,False,1,ok,rank_recorded,,False
T-E2,T-E2:B_ko_context,bm25,C_raw,huggingface/transformers#48346,True,False,1,ok,rank_recorded,,False
T-E2,T-E2:B_ko_context,semantic,C_raw,huggingface/transformers#48346,True,False,1,ok,rank_recorded,,False
T-E2,T-E2:B_ko_context,hybrid,C_bug,huggingface/transformers#48346,True,False,,ok,excluded_by_bug_filter,,False
T-E2,T-E2:B_ko_context,bm25,C_bug,huggingface/transformers#48346,True,False,,ok,excluded_by_bug_filter,,False
T-E2,T-E2:B_ko_context,semantic,C_bug,huggingface/transformers#48346,True,False,,ok,excluded_by_bug_filter,,False
T-E2,T-E2:C_en_context,bm25,C_raw,huggingface/transformers#48346,True,False,1,ok,rank_recorded,,False
T-E2,T-E2:C_en_context,semantic,C_raw,huggingface/transformers#48346,True,False,1,ok,rank_recorded,,False
T-E2,T-E2:C_en_context,hybrid,C_raw,huggingface/transformers#48346,True,False,1,ok,rank_recorded,,False
T-E2,T-E2:C_en_context,bm25,C_bug,huggingface/transformers#48346,True,False,,ok,excluded_by_bug_filter,,False
T-E2,T-E2:C_en_context,semantic,C_bug,huggingface/transformers#48346,True,False,,ok,excluded_by_bug_filter,,False
T-E2,T-E2:C_en_context,hybrid,C_bug,huggingface/transformers#48346,True,False,,ok,excluded_by_bug_filter,,False
T-S1,T-S1:A_ko_symptom,hybrid,C_raw,huggingface/transformers#47752,True,True,1,ok,rank_recorded,,False
T-S1,T-S1:A_ko_symptom,semantic,C_raw,huggingface/transformers#47752,True,True,6,ok,rank_recorded,,False
T-S1,T-S1:A_ko_symptom,bm25,C_raw,huggingface/transformers#47752,True,True,1,ok,rank_recorded,,False
T-S1,T-S1:A_ko_symptom,hybrid,C_bug,huggingface/transformers#47752,True,True,1,ok,rank_recorded,,False
T-S1,T-S1:A_ko_symptom,semantic,C_bug,huggingface/transformers#47752,True,True,1,ok,rank_recorded,,False
T-S1,T-S1:A_ko_symptom,bm25,C_bug,huggingface/transformers#47752,True,True,1,ok,rank_recorded,,False
T-S1,T-S1:B_ko_context,hybrid,C_raw,huggingface/transformers#47752,True,True,1,ok,rank_recorded,,False
T-S1,T-S1:B_ko_context,bm25,C_raw,huggingface/transformers#47752,True,True,1,ok,rank_recorded,,False
T-S1,T-S1:B_ko_context,semantic,C_raw,huggingface/transformers#47752,True,True,1,ok,rank_recorded,,False
T-S1,T-S1:B_ko_context,hybrid,C_bug,huggingface/transformers#47752,True,True,1,ok,rank_recorded,,False
T-S1,T-S1:B_ko_context,bm25,C_bug,huggingface/transformers#47752,True,True,1,ok,rank_recorded,,False
T-S1,T-S1:B_ko_context,semantic,C_bug,huggingface/transformers#47752,True,True,1,ok,rank_recorded,,False
T-S1,T-S1:C_en_context,semantic,C_raw,huggingface/transformers#47752,True,True,1,ok,rank_recorded,,False
T-S1,T-S1:C_en_context,bm25,C_raw,huggingface/transformers#47752,True,True,1,ok,rank_recorded,,False
T-S1,T-S1:C_en_context,hybrid,C_raw,huggingface/transformers#47752,True,True,1,ok,rank_recorded,,False
T-S1,T-S1:C_en_context,semantic,C_bug,huggingface/transformers#47752,True,True,1,ok,rank_recorded,,False
T-S1,T-S1:C_en_context,bm25,C_bug,huggingface/transformers#47752,True,True,1,ok,rank_recorded,,False
T-S1,T-S1:C_en_context,hybrid,C_bug,huggingface/transformers#47752,True,True,1,ok,rank_recorded,,False
T-S2,T-S2:A_ko_symptom,bm25,C_raw,huggingface/transformers#48826,True,True,1,ok,rank_recorded,,False
T-S2,T-S2:A_ko_symptom,hybrid,C_raw,huggingface/transformers#48826,True,True,1,ok,rank_recorded,,False
T-S2,T-S2:A_ko_symptom,semantic,C_raw,huggingface/transformers#48826,True,True,1,ok,rank_recorded,,False
T-S2,T-S2:A_ko_symptom,bm25,C_bug,huggingface/transformers#48826,True,True,1,ok,rank_recorded,,False
T-S2,T-S2:A_ko_symptom,hybrid,C_bug,huggingface/transformers#48826,True,True,1,ok,rank_recorded,,False
T-S2,T-S2:A_ko_symptom,semantic,C_bug,huggingface/transformers#48826,True,True,1,ok,rank_recorded,,False
T-S2,T-S2:B_ko_context,hybrid,C_raw,huggingface/transformers#48826,True,True,1,ok,rank_recorded,,False
T-S2,T-S2:B_ko_context,semantic,C_raw,huggingface/transformers#48826,True,True,2,ok,rank_recorded,,False
T-S2,T-S2:B_ko_context,bm25,C_raw,huggingface/transformers#48826,True,True,1,ok,rank_recorded,,False
T-S2,T-S2:B_ko_context,hybrid,C_bug,huggingface/transformers#48826,True,True,1,ok,rank_recorded,,False
T-S2,T-S2:B_ko_context,semantic,C_bug,huggingface/transformers#48826,True,True,2,ok,rank_recorded,,False
T-S2,T-S2:B_ko_context,bm25,C_bug,huggingface/transformers#48826,True,True,1,ok,rank_recorded,,False
T-S2,T-S2:C_en_context,bm25,C_raw,huggingface/transformers#48826,True,True,1,ok,rank_recorded,,False
T-S2,T-S2:C_en_context,semantic,C_raw,huggingface/transformers#48826,True,True,1,ok,rank_recorded,,False
T-S2,T-S2:C_en_context,hybrid,C_raw,huggingface/transformers#48826,True,True,1,ok,rank_recorded,,False
T-S2,T-S2:C_en_context,bm25,C_bug,huggingface/transformers#48826,True,True,1,ok,rank_recorded,,False
T-S2,T-S2:C_en_context,semantic,C_bug,huggingface/transformers#48826,True,True,1,ok,rank_recorded,,False
T-S2,T-S2:C_en_context,hybrid,C_bug,huggingface/transformers#48826,True,True,1,ok,rank_recorded,,False
T-C1,T-C1:A_ko_symptom,semantic,C_raw,huggingface/transformers#48501,True,True,3,ok,rank_recorded,,False
T-C1,T-C1:A_ko_symptom,bm25,C_raw,huggingface/transformers#48501,True,True,,no_lexical_match,no_lexical_match,,False
T-C1,T-C1:A_ko_symptom,hybrid,C_raw,huggingface/transformers#48501,True,True,3,ok,rank_recorded,,False
T-C1,T-C1:A_ko_symptom,semantic,C_bug,huggingface/transformers#48501,True,True,2,ok,rank_recorded,,False
T-C1,T-C1:A_ko_symptom,bm25,C_bug,huggingface/transformers#48501,True,True,,no_lexical_match,no_lexical_match,,False
T-C1,T-C1:A_ko_symptom,hybrid,C_bug,huggingface/transformers#48501,True,True,2,ok,rank_recorded,,False
T-C1,T-C1:B_ko_context,semantic,C_raw,huggingface/transformers#48501,True,True,1,ok,rank_recorded,,False
T-C1,T-C1:B_ko_context,hybrid,C_raw,huggingface/transformers#48501,True,True,1,ok,rank_recorded,,False
T-C1,T-C1:B_ko_context,bm25,C_raw,huggingface/transformers#48501,True,True,1,ok,rank_recorded,,False
T-C1,T-C1:B_ko_context,semantic,C_bug,huggingface/transformers#48501,True,True,1,ok,rank_recorded,,False
T-C1,T-C1:B_ko_context,hybrid,C_bug,huggingface/transformers#48501,True,True,1,ok,rank_recorded,,False
T-C1,T-C1:B_ko_context,bm25,C_bug,huggingface/transformers#48501,True,True,1,ok,rank_recorded,,False
T-C1,T-C1:C_en_context,semantic,C_raw,huggingface/transformers#48501,True,True,1,ok,rank_recorded,,False
T-C1,T-C1:C_en_context,hybrid,C_raw,huggingface/transformers#48501,True,True,1,ok,rank_recorded,,False
T-C1,T-C1:C_en_context,bm25,C_raw,huggingface/transformers#48501,True,True,1,ok,rank_recorded,,False
T-C1,T-C1:C_en_context,semantic,C_bug,huggingface/transformers#48501,True,True,1,ok,rank_recorded,,False
T-C1,T-C1:C_en_context,hybrid,C_bug,huggingface/transformers#48501,True,True,1,ok,rank_recorded,,False
T-C1,T-C1:C_en_context,bm25,C_bug,huggingface/transformers#48501,True,True,1,ok,rank_recorded,,False
T-C2,T-C2:A_ko_symptom,semantic,C_raw,huggingface/transformers#48315,True,False,1,ok,rank_recorded,,False
T-C2,T-C2:A_ko_symptom,hybrid,C_raw,huggingface/transformers#48315,True,False,1,ok,rank_recorded,,False
T-C2,T-C2:A_ko_symptom,bm25,C_raw,huggingface/transformers#48315,True,False,4,ok,rank_recorded,,False
T-C2,T-C2:A_ko_symptom,semantic,C_bug,huggingface/transformers#48315,True,False,,ok,excluded_by_bug_filter,,False
T-C2,T-C2:A_ko_symptom,hybrid,C_bug,huggingface/transformers#48315,True,False,,ok,excluded_by_bug_filter,,False
T-C2,T-C2:A_ko_symptom,bm25,C_bug,huggingface/transformers#48315,True,False,,ok,excluded_by_bug_filter,,False
T-C2,T-C2:B_ko_context,bm25,C_raw,huggingface/transformers#48315,True,False,1,ok,rank_recorded,,False
T-C2,T-C2:B_ko_context,semantic,C_raw,huggingface/transformers#48315,True,False,1,ok,rank_recorded,,False
T-C2,T-C2:B_ko_context,hybrid,C_raw,huggingface/transformers#48315,True,False,1,ok,rank_recorded,,False
T-C2,T-C2:B_ko_context,bm25,C_bug,huggingface/transformers#48315,True,False,,ok,excluded_by_bug_filter,,False
T-C2,T-C2:B_ko_context,semantic,C_bug,huggingface/transformers#48315,True,False,,ok,excluded_by_bug_filter,,False
T-C2,T-C2:B_ko_context,hybrid,C_bug,huggingface/transformers#48315,True,False,,ok,excluded_by_bug_filter,,False
T-C2,T-C2:C_en_context,hybrid,C_raw,huggingface/transformers#48315,True,False,1,ok,rank_recorded,,False
T-C2,T-C2:C_en_context,semantic,C_raw,huggingface/transformers#48315,True,False,1,ok,rank_recorded,,False
T-C2,T-C2:C_en_context,bm25,C_raw,huggingface/transformers#48315,True,False,1,ok,rank_recorded,,False
T-C2,T-C2:C_en_context,hybrid,C_bug,huggingface/transformers#48315,True,False,,ok,excluded_by_bug_filter,,False
T-C2,T-C2:C_en_context,semantic,C_bug,huggingface/transformers#48315,True,False,,ok,excluded_by_bug_filter,,False
T-C2,T-C2:C_en_context,bm25,C_bug,huggingface/transformers#48315,True,False,,ok,excluded_by_bug_filter,,False
H-O,H-O:B_ko_context,hybrid,C_raw,opencv/opencv#17687,False,False,,ok,outside_collection,,False
H-O,H-O:B_ko_context,semantic,C_raw,opencv/opencv#17687,False,False,,ok,outside_collection,,False
H-O,H-O:B_ko_context,bm25,C_raw,opencv/opencv#17687,False,False,,ok,outside_collection,,False
H-O,H-O:B_ko_context,hybrid,C_bug,opencv/opencv#17687,False,False,,ok,outside_collection,,False
H-O,H-O:B_ko_context,semantic,C_bug,opencv/opencv#17687,False,False,,ok,outside_collection,,False
H-O,H-O:B_ko_context,bm25,C_bug,opencv/opencv#17687,False,False,,ok,outside_collection,,False
H-T,H-T:B_ko_context,hybrid,C_raw,huggingface/transformers#24694,False,False,,ok,outside_collection,,False
H-T,H-T:B_ko_context,bm25,C_raw,huggingface/transformers#24694,False,False,,ok,outside_collection,,False
H-T,H-T:B_ko_context,semantic,C_raw,huggingface/transformers#24694,False,False,,ok,outside_collection,,False
H-T,H-T:B_ko_context,hybrid,C_bug,huggingface/transformers#24694,False,False,,ok,outside_collection,,False
H-T,H-T:B_ko_context,bm25,C_bug,huggingface/transformers#24694,False,False,,ok,outside_collection,,False
H-T,H-T:B_ko_context,semantic,C_bug,huggingface/transformers#24694,False,False,,ok,outside_collection,,False
