query_id,case_id,method,repository,corpus_scope,status,variant,stratum,query_approved,common_comparison_eligible,pool_version,qrels_version,confirmed_hit,pool_complete,hit_at_5,pooled_ndcg_at_5,reason
O-E1:A_ko_symptom,O-E1,hybrid,opencv/opencv,C_raw,ok,A_ko_symptom,error_literal,False,False,7eb48ab75a68688a12748a65c2f6860228428b1175e7fe316b5bfc3e9d65e1a6,3d32cd2ea5d156046c3863ade23183c25877a9e6f329d4f3009e99bcfd5d71ae,,False,,,query_not_approved
O-E1:A_ko_symptom,O-E1,semantic,opencv/opencv,C_raw,ok,A_ko_symptom,error_literal,False,False,7eb48ab75a68688a12748a65c2f6860228428b1175e7fe316b5bfc3e9d65e1a6,3d32cd2ea5d156046c3863ade23183c25877a9e6f329d4f3009e99bcfd5d71ae,,False,,,query_not_approved
O-E1:A_ko_symptom,O-E1,bm25,opencv/opencv,C_raw,ok,A_ko_symptom,error_literal,False,False,7eb48ab75a68688a12748a65c2f6860228428b1175e7fe316b5bfc3e9d65e1a6,3d32cd2ea5d156046c3863ade23183c25877a9e6f329d4f3009e99bcfd5d71ae,,False,,,query_not_approved
O-E1:A_ko_symptom,O-E1,hybrid,opencv/opencv,C_bug,ok,A_ko_symptom,error_literal,False,False,7eb48ab75a68688a12748a65c2f6860228428b1175e7fe316b5bfc3e9d65e1a6,3d32cd2ea5d156046c3863ade23183c25877a9e6f329d4f3009e99bcfd5d71ae,,False,,,query_not_approved
O-E1:A_ko_symptom,O-E1,semantic,opencv/opencv,C_bug,ok,A_ko_symptom,error_literal,False,False,7eb48ab75a68688a12748a65c2f6860228428b1175e7fe316b5bfc3e9d65e1a6,3d32cd2ea5d156046c3863ade23183c25877a9e6f329d4f3009e99bcfd5d71ae,,False,,,query_not_approved
O-E1:A_ko_symptom,O-E1,bm25,opencv/opencv,C_bug,ok,A_ko_symptom,error_literal,False,False,7eb48ab75a68688a12748a65c2f6860228428b1175e7fe316b5bfc3e9d65e1a6,3d32cd2ea5d156046c3863ade23183c25877a9e6f329d4f3009e99bcfd5d71ae,,False,,,query_not_approved
O-E1:B_ko_context,O-E1,bm25,opencv/opencv,C_raw,ok,B_ko_context,error_literal,False,False,7eb48ab75a68688a12748a65c2f6860228428b1175e7fe316b5bfc3e9d65e1a6,3d32cd2ea5d156046c3863ade23183c25877a9e6f329d4f3009e99bcfd5d71ae,,False,,,query_not_approved
O-E1:B_ko_context,O-E1,hybrid,opencv/opencv,C_raw,ok,B_ko_context,error_literal,False,False,7eb48ab75a68688a12748a65c2f6860228428b1175e7fe316b5bfc3e9d65e1a6,3d32cd2ea5d156046c3863ade23183c25877a9e6f329d4f3009e99bcfd5d71ae,,False,,,query_not_approved
O-E1:B_ko_context,O-E1,semantic,opencv/opencv,C_raw,ok,B_ko_context,error_literal,False,False,7eb48ab75a68688a12748a65c2f6860228428b1175e7fe316b5bfc3e9d65e1a6,3d32cd2ea5d156046c3863ade23183c25877a9e6f329d4f3009e99bcfd5d71ae,,False,,,query_not_approved
O-E1:B_ko_context,O-E1,bm25,opencv/opencv,C_bug,ok,B_ko_context,error_literal,False,False,7eb48ab75a68688a12748a65c2f6860228428b1175e7fe316b5bfc3e9d65e1a6,3d32cd2ea5d156046c3863ade23183c25877a9e6f329d4f3009e99bcfd5d71ae,,False,,,query_not_approved
O-E1:B_ko_context,O-E1,hybrid,opencv/opencv,C_bug,ok,B_ko_context,error_literal,False,False,7eb48ab75a68688a12748a65c2f6860228428b1175e7fe316b5bfc3e9d65e1a6,3d32cd2ea5d156046c3863ade23183c25877a9e6f329d4f3009e99bcfd5d71ae,,False,,,query_not_approved
O-E1:B_ko_context,O-E1,semantic,opencv/opencv,C_bug,ok,B_ko_context,error_literal,False,False,7eb48ab75a68688a12748a65c2f6860228428b1175e7fe316b5bfc3e9d65e1a6,3d32cd2ea5d156046c3863ade23183c25877a9e6f329d4f3009e99bcfd5d71ae,,False,,,query_not_approved
O-E1:C_en_context,O-E1,semantic,opencv/opencv,C_raw,ok,C_en_context,error_literal,False,False,7eb48ab75a68688a12748a65c2f6860228428b1175e7fe316b5bfc3e9d65e1a6,3d32cd2ea5d156046c3863ade23183c25877a9e6f329d4f3009e99bcfd5d71ae,,False,,,query_not_approved
O-E1:C_en_context,O-E1,hybrid,opencv/opencv,C_raw,ok,C_en_context,error_literal,False,False,7eb48ab75a68688a12748a65c2f6860228428b1175e7fe316b5bfc3e9d65e1a6,3d32cd2ea5d156046c3863ade23183c25877a9e6f329d4f3009e99bcfd5d71ae,,False,,,query_not_approved
O-E1:C_en_context,O-E1,bm25,opencv/opencv,C_raw,ok,C_en_context,error_literal,False,False,7eb48ab75a68688a12748a65c2f6860228428b1175e7fe316b5bfc3e9d65e1a6,3d32cd2ea5d156046c3863ade23183c25877a9e6f329d4f3009e99bcfd5d71ae,,False,,,query_not_approved
O-E1:C_en_context,O-E1,semantic,opencv/opencv,C_bug,ok,C_en_context,error_literal,False,False,7eb48ab75a68688a12748a65c2f6860228428b1175e7fe316b5bfc3e9d65e1a6,3d32cd2ea5d156046c3863ade23183c25877a9e6f329d4f3009e99bcfd5d71ae,,False,,,query_not_approved
O-E1:C_en_context,O-E1,hybrid,opencv/opencv,C_bug,ok,C_en_context,error_literal,False,False,7eb48ab75a68688a12748a65c2f6860228428b1175e7fe316b5bfc3e9d65e1a6,3d32cd2ea5d156046c3863ade23183c25877a9e6f329d4f3009e99bcfd5d71ae,,False,,,query_not_approved
O-E1:C_en_context,O-E1,bm25,opencv/opencv,C_bug,ok,C_en_context,error_literal,False,False,7eb48ab75a68688a12748a65c2f6860228428b1175e7fe316b5bfc3e9d65e1a6,3d32cd2ea5d156046c3863ade23183c25877a9e6f329d4f3009e99bcfd5d71ae,,False,,,query_not_approved
O-E2:A_ko_symptom,O-E2,semantic,opencv/opencv,C_raw,ok,A_ko_symptom,error_literal,False,False,7eb48ab75a68688a12748a65c2f6860228428b1175e7fe316b5bfc3e9d65e1a6,3d32cd2ea5d156046c3863ade23183c25877a9e6f329d4f3009e99bcfd5d71ae,,False,,,query_not_approved
O-E2:A_ko_symptom,O-E2,hybrid,opencv/opencv,C_raw,ok,A_ko_symptom,error_literal,False,False,7eb48ab75a68688a12748a65c2f6860228428b1175e7fe316b5bfc3e9d65e1a6,3d32cd2ea5d156046c3863ade23183c25877a9e6f329d4f3009e99bcfd5d71ae,,False,,,query_not_approved
O-E2:A_ko_symptom,O-E2,bm25,opencv/opencv,C_raw,ok,A_ko_symptom,error_literal,False,False,7eb48ab75a68688a12748a65c2f6860228428b1175e7fe316b5bfc3e9d65e1a6,3d32cd2ea5d156046c3863ade23183c25877a9e6f329d4f3009e99bcfd5d71ae,,False,,,query_not_approved
O-E2:A_ko_symptom,O-E2,semantic,opencv/opencv,C_bug,ok,A_ko_symptom,error_literal,False,False,7eb48ab75a68688a12748a65c2f6860228428b1175e7fe316b5bfc3e9d65e1a6,3d32cd2ea5d156046c3863ade23183c25877a9e6f329d4f3009e99bcfd5d71ae,,False,,,query_not_approved
O-E2:A_ko_symptom,O-E2,hybrid,opencv/opencv,C_bug,ok,A_ko_symptom,error_literal,False,False,7eb48ab75a68688a12748a65c2f6860228428b1175e7fe316b5bfc3e9d65e1a6,3d32cd2ea5d156046c3863ade23183c25877a9e6f329d4f3009e99bcfd5d71ae,,False,,,query_not_approved
O-E2:A_ko_symptom,O-E2,bm25,opencv/opencv,C_bug,ok,A_ko_symptom,error_literal,False,False,7eb48ab75a68688a12748a65c2f6860228428b1175e7fe316b5bfc3e9d65e1a6,3d32cd2ea5d156046c3863ade23183c25877a9e6f329d4f3009e99bcfd5d71ae,,False,,,query_not_approved
O-E2:B_ko_context,O-E2,semantic,opencv/opencv,C_raw,ok,B_ko_context,error_literal,False,False,7eb48ab75a68688a12748a65c2f6860228428b1175e7fe316b5bfc3e9d65e1a6,3d32cd2ea5d156046c3863ade23183c25877a9e6f329d4f3009e99bcfd5d71ae,,False,,,query_not_approved
O-E2:B_ko_context,O-E2,bm25,opencv/opencv,C_raw,ok,B_ko_context,error_literal,False,False,7eb48ab75a68688a12748a65c2f6860228428b1175e7fe316b5bfc3e9d65e1a6,3d32cd2ea5d156046c3863ade23183c25877a9e6f329d4f3009e99bcfd5d71ae,,False,,,query_not_approved
O-E2:B_ko_context,O-E2,hybrid,opencv/opencv,C_raw,ok,B_ko_context,error_literal,False,False,7eb48ab75a68688a12748a65c2f6860228428b1175e7fe316b5bfc3e9d65e1a6,3d32cd2ea5d156046c3863ade23183c25877a9e6f329d4f3009e99bcfd5d71ae,,False,,,query_not_approved
O-E2:B_ko_context,O-E2,semantic,opencv/opencv,C_bug,ok,B_ko_context,error_literal,False,False,7eb48ab75a68688a12748a65c2f6860228428b1175e7fe316b5bfc3e9d65e1a6,3d32cd2ea5d156046c3863ade23183c25877a9e6f329d4f3009e99bcfd5d71ae,,False,,,query_not_approved
O-E2:B_ko_context,O-E2,bm25,opencv/opencv,C_bug,ok,B_ko_context,error_literal,False,False,7eb48ab75a68688a12748a65c2f6860228428b1175e7fe316b5bfc3e9d65e1a6,3d32cd2ea5d156046c3863ade23183c25877a9e6f329d4f3009e99bcfd5d71ae,,False,,,query_not_approved
O-E2:B_ko_context,O-E2,hybrid,opencv/opencv,C_bug,ok,B_ko_context,error_literal,False,False,7eb48ab75a68688a12748a65c2f6860228428b1175e7fe316b5bfc3e9d65e1a6,3d32cd2ea5d156046c3863ade23183c25877a9e6f329d4f3009e99bcfd5d71ae,,False,,,query_not_approved
O-E2:C_en_context,O-E2,semantic,opencv/opencv,C_raw,ok,C_en_context,error_literal,False,False,7eb48ab75a68688a12748a65c2f6860228428b1175e7fe316b5bfc3e9d65e1a6,3d32cd2ea5d156046c3863ade23183c25877a9e6f329d4f3009e99bcfd5d71ae,,False,,,query_not_approved
O-E2:C_en_context,O-E2,hybrid,opencv/opencv,C_raw,ok,C_en_context,error_literal,False,False,7eb48ab75a68688a12748a65c2f6860228428b1175e7fe316b5bfc3e9d65e1a6,3d32cd2ea5d156046c3863ade23183c25877a9e6f329d4f3009e99bcfd5d71ae,,False,,,query_not_approved
O-E2:C_en_context,O-E2,bm25,opencv/opencv,C_raw,ok,C_en_context,error_literal,False,False,7eb48ab75a68688a12748a65c2f6860228428b1175e7fe316b5bfc3e9d65e1a6,3d32cd2ea5d156046c3863ade23183c25877a9e6f329d4f3009e99bcfd5d71ae,,False,,,query_not_approved
O-E2:C_en_context,O-E2,semantic,opencv/opencv,C_bug,ok,C_en_context,error_literal,False,False,7eb48ab75a68688a12748a65c2f6860228428b1175e7fe316b5bfc3e9d65e1a6,3d32cd2ea5d156046c3863ade23183c25877a9e6f329d4f3009e99bcfd5d71ae,,False,,,query_not_approved
O-E2:C_en_context,O-E2,hybrid,opencv/opencv,C_bug,ok,C_en_context,error_literal,False,False,7eb48ab75a68688a12748a65c2f6860228428b1175e7fe316b5bfc3e9d65e1a6,3d32cd2ea5d156046c3863ade23183c25877a9e6f329d4f3009e99bcfd5d71ae,,False,,,query_not_approved
O-E2:C_en_context,O-E2,bm25,opencv/opencv,C_bug,ok,C_en_context,error_literal,False,False,7eb48ab75a68688a12748a65c2f6860228428b1175e7fe316b5bfc3e9d65e1a6,3d32cd2ea5d156046c3863ade23183c25877a9e6f329d4f3009e99bcfd5d71ae,,False,,,query_not_approved
O-S1:A_ko_symptom,O-S1,bm25,opencv/opencv,C_raw,ok,A_ko_symptom,symptom_without_error,False,False,7eb48ab75a68688a12748a65c2f6860228428b1175e7fe316b5bfc3e9d65e1a6,3d32cd2ea5d156046c3863ade23183c25877a9e6f329d4f3009e99bcfd5d71ae,,False,,,query_not_approved
O-S1:A_ko_symptom,O-S1,hybrid,opencv/opencv,C_raw,ok,A_ko_symptom,symptom_without_error,False,False,7eb48ab75a68688a12748a65c2f6860228428b1175e7fe316b5bfc3e9d65e1a6,3d32cd2ea5d156046c3863ade23183c25877a9e6f329d4f3009e99bcfd5d71ae,,False,,,query_not_approved
O-S1:A_ko_symptom,O-S1,semantic,opencv/opencv,C_raw,ok,A_ko_symptom,symptom_without_error,False,False,7eb48ab75a68688a12748a65c2f6860228428b1175e7fe316b5bfc3e9d65e1a6,3d32cd2ea5d156046c3863ade23183c25877a9e6f329d4f3009e99bcfd5d71ae,,False,,,query_not_approved
O-S1:A_ko_symptom,O-S1,bm25,opencv/opencv,C_bug,ok,A_ko_symptom,symptom_without_error,False,False,7eb48ab75a68688a12748a65c2f6860228428b1175e7fe316b5bfc3e9d65e1a6,3d32cd2ea5d156046c3863ade23183c25877a9e6f329d4f3009e99bcfd5d71ae,,False,,,query_not_approved
O-S1:A_ko_symptom,O-S1,hybrid,opencv/opencv,C_bug,ok,A_ko_symptom,symptom_without_error,False,False,7eb48ab75a68688a12748a65c2f6860228428b1175e7fe316b5bfc3e9d65e1a6,3d32cd2ea5d156046c3863ade23183c25877a9e6f329d4f3009e99bcfd5d71ae,,False,,,query_not_approved
O-S1:A_ko_symptom,O-S1,semantic,opencv/opencv,C_bug,ok,A_ko_symptom,symptom_without_error,False,False,7eb48ab75a68688a12748a65c2f6860228428b1175e7fe316b5bfc3e9d65e1a6,3d32cd2ea5d156046c3863ade23183c25877a9e6f329d4f3009e99bcfd5d71ae,,False,,,query_not_approved
O-S1:B_ko_context,O-S1,hybrid,opencv/opencv,C_raw,ok,B_ko_context,symptom_without_error,False,False,7eb48ab75a68688a12748a65c2f6860228428b1175e7fe316b5bfc3e9d65e1a6,3d32cd2ea5d156046c3863ade23183c25877a9e6f329d4f3009e99bcfd5d71ae,,False,,,query_not_approved
O-S1:B_ko_context,O-S1,semantic,opencv/opencv,C_raw,ok,B_ko_context,symptom_without_error,False,False,7eb48ab75a68688a12748a65c2f6860228428b1175e7fe316b5bfc3e9d65e1a6,3d32cd2ea5d156046c3863ade23183c25877a9e6f329d4f3009e99bcfd5d71ae,,False,,,query_not_approved
O-S1:B_ko_context,O-S1,bm25,opencv/opencv,C_raw,ok,B_ko_context,symptom_without_error,False,False,7eb48ab75a68688a12748a65c2f6860228428b1175e7fe316b5bfc3e9d65e1a6,3d32cd2ea5d156046c3863ade23183c25877a9e6f329d4f3009e99bcfd5d71ae,,False,,,query_not_approved
O-S1:B_ko_context,O-S1,hybrid,opencv/opencv,C_bug,ok,B_ko_context,symptom_without_error,False,False,7eb48ab75a68688a12748a65c2f6860228428b1175e7fe316b5bfc3e9d65e1a6,3d32cd2ea5d156046c3863ade23183c25877a9e6f329d4f3009e99bcfd5d71ae,,False,,,query_not_approved
O-S1:B_ko_context,O-S1,semantic,opencv/opencv,C_bug,ok,B_ko_context,symptom_without_error,False,False,7eb48ab75a68688a12748a65c2f6860228428b1175e7fe316b5bfc3e9d65e1a6,3d32cd2ea5d156046c3863ade23183c25877a9e6f329d4f3009e99bcfd5d71ae,,False,,,query_not_approved
O-S1:B_ko_context,O-S1,bm25,opencv/opencv,C_bug,ok,B_ko_context,symptom_without_error,False,False,7eb48ab75a68688a12748a65c2f6860228428b1175e7fe316b5bfc3e9d65e1a6,3d32cd2ea5d156046c3863ade23183c25877a9e6f329d4f3009e99bcfd5d71ae,,False,,,query_not_approved
O-S1:C_en_context,O-S1,hybrid,opencv/opencv,C_raw,ok,C_en_context,symptom_without_error,False,False,7eb48ab75a68688a12748a65c2f6860228428b1175e7fe316b5bfc3e9d65e1a6,3d32cd2ea5d156046c3863ade23183c25877a9e6f329d4f3009e99bcfd5d71ae,,False,,,query_not_approved
O-S1:C_en_context,O-S1,semantic,opencv/opencv,C_raw,ok,C_en_context,symptom_without_error,False,False,7eb48ab75a68688a12748a65c2f6860228428b1175e7fe316b5bfc3e9d65e1a6,3d32cd2ea5d156046c3863ade23183c25877a9e6f329d4f3009e99bcfd5d71ae,,False,,,query_not_approved
O-S1:C_en_context,O-S1,bm25,opencv/opencv,C_raw,ok,C_en_context,symptom_without_error,False,False,7eb48ab75a68688a12748a65c2f6860228428b1175e7fe316b5bfc3e9d65e1a6,3d32cd2ea5d156046c3863ade23183c25877a9e6f329d4f3009e99bcfd5d71ae,,False,,,query_not_approved
O-S1:C_en_context,O-S1,hybrid,opencv/opencv,C_bug,ok,C_en_context,symptom_without_error,False,False,7eb48ab75a68688a12748a65c2f6860228428b1175e7fe316b5bfc3e9d65e1a6,3d32cd2ea5d156046c3863ade23183c25877a9e6f329d4f3009e99bcfd5d71ae,,False,,,query_not_approved
O-S1:C_en_context,O-S1,semantic,opencv/opencv,C_bug,ok,C_en_context,symptom_without_error,False,False,7eb48ab75a68688a12748a65c2f6860228428b1175e7fe316b5bfc3e9d65e1a6,3d32cd2ea5d156046c3863ade23183c25877a9e6f329d4f3009e99bcfd5d71ae,,False,,,query_not_approved
O-S1:C_en_context,O-S1,bm25,opencv/opencv,C_bug,ok,C_en_context,symptom_without_error,False,False,7eb48ab75a68688a12748a65c2f6860228428b1175e7fe316b5bfc3e9d65e1a6,3d32cd2ea5d156046c3863ade23183c25877a9e6f329d4f3009e99bcfd5d71ae,,False,,,query_not_approved
O-S2:A_ko_symptom,O-S2,bm25,opencv/opencv,C_raw,ok,A_ko_symptom,symptom_without_error,False,False,7eb48ab75a68688a12748a65c2f6860228428b1175e7fe316b5bfc3e9d65e1a6,3d32cd2ea5d156046c3863ade23183c25877a9e6f329d4f3009e99bcfd5d71ae,,False,,,query_not_approved
O-S2:A_ko_symptom,O-S2,hybrid,opencv/opencv,C_raw,ok,A_ko_symptom,symptom_without_error,False,False,7eb48ab75a68688a12748a65c2f6860228428b1175e7fe316b5bfc3e9d65e1a6,3d32cd2ea5d156046c3863ade23183c25877a9e6f329d4f3009e99bcfd5d71ae,,False,,,query_not_approved
O-S2:A_ko_symptom,O-S2,semantic,opencv/opencv,C_raw,ok,A_ko_symptom,symptom_without_error,False,False,7eb48ab75a68688a12748a65c2f6860228428b1175e7fe316b5bfc3e9d65e1a6,3d32cd2ea5d156046c3863ade23183c25877a9e6f329d4f3009e99bcfd5d71ae,,False,,,query_not_approved
O-S2:A_ko_symptom,O-S2,bm25,opencv/opencv,C_bug,ok,A_ko_symptom,symptom_without_error,False,False,7eb48ab75a68688a12748a65c2f6860228428b1175e7fe316b5bfc3e9d65e1a6,3d32cd2ea5d156046c3863ade23183c25877a9e6f329d4f3009e99bcfd5d71ae,,False,,,query_not_approved
O-S2:A_ko_symptom,O-S2,hybrid,opencv/opencv,C_bug,ok,A_ko_symptom,symptom_without_error,False,False,7eb48ab75a68688a12748a65c2f6860228428b1175e7fe316b5bfc3e9d65e1a6,3d32cd2ea5d156046c3863ade23183c25877a9e6f329d4f3009e99bcfd5d71ae,,False,,,query_not_approved
O-S2:A_ko_symptom,O-S2,semantic,opencv/opencv,C_bug,ok,A_ko_symptom,symptom_without_error,False,False,7eb48ab75a68688a12748a65c2f6860228428b1175e7fe316b5bfc3e9d65e1a6,3d32cd2ea5d156046c3863ade23183c25877a9e6f329d4f3009e99bcfd5d71ae,,False,,,query_not_approved
O-S2:B_ko_context,O-S2,hybrid,opencv/opencv,C_raw,ok,B_ko_context,symptom_without_error,False,False,7eb48ab75a68688a12748a65c2f6860228428b1175e7fe316b5bfc3e9d65e1a6,3d32cd2ea5d156046c3863ade23183c25877a9e6f329d4f3009e99bcfd5d71ae,,False,,,query_not_approved
O-S2:B_ko_context,O-S2,semantic,opencv/opencv,C_raw,ok,B_ko_context,symptom_without_error,False,False,7eb48ab75a68688a12748a65c2f6860228428b1175e7fe316b5bfc3e9d65e1a6,3d32cd2ea5d156046c3863ade23183c25877a9e6f329d4f3009e99bcfd5d71ae,,False,,,query_not_approved
O-S2:B_ko_context,O-S2,bm25,opencv/opencv,C_raw,ok,B_ko_context,symptom_without_error,False,False,7eb48ab75a68688a12748a65c2f6860228428b1175e7fe316b5bfc3e9d65e1a6,3d32cd2ea5d156046c3863ade23183c25877a9e6f329d4f3009e99bcfd5d71ae,,False,,,query_not_approved
O-S2:B_ko_context,O-S2,hybrid,opencv/opencv,C_bug,ok,B_ko_context,symptom_without_error,False,False,7eb48ab75a68688a12748a65c2f6860228428b1175e7fe316b5bfc3e9d65e1a6,3d32cd2ea5d156046c3863ade23183c25877a9e6f329d4f3009e99bcfd5d71ae,,False,,,query_not_approved
O-S2:B_ko_context,O-S2,semantic,opencv/opencv,C_bug,ok,B_ko_context,symptom_without_error,False,False,7eb48ab75a68688a12748a65c2f6860228428b1175e7fe316b5bfc3e9d65e1a6,3d32cd2ea5d156046c3863ade23183c25877a9e6f329d4f3009e99bcfd5d71ae,,False,,,query_not_approved
O-S2:B_ko_context,O-S2,bm25,opencv/opencv,C_bug,ok,B_ko_context,symptom_without_error,False,False,7eb48ab75a68688a12748a65c2f6860228428b1175e7fe316b5bfc3e9d65e1a6,3d32cd2ea5d156046c3863ade23183c25877a9e6f329d4f3009e99bcfd5d71ae,,False,,,query_not_approved
O-S2:C_en_context,O-S2,semantic,opencv/opencv,C_raw,ok,C_en_context,symptom_without_error,False,False,7eb48ab75a68688a12748a65c2f6860228428b1175e7fe316b5bfc3e9d65e1a6,3d32cd2ea5d156046c3863ade23183c25877a9e6f329d4f3009e99bcfd5d71ae,,False,,,query_not_approved
O-S2:C_en_context,O-S2,hybrid,opencv/opencv,C_raw,ok,C_en_context,symptom_without_error,False,False,7eb48ab75a68688a12748a65c2f6860228428b1175e7fe316b5bfc3e9d65e1a6,3d32cd2ea5d156046c3863ade23183c25877a9e6f329d4f3009e99bcfd5d71ae,,False,,,query_not_approved
O-S2:C_en_context,O-S2,bm25,opencv/opencv,C_raw,ok,C_en_context,symptom_without_error,False,False,7eb48ab75a68688a12748a65c2f6860228428b1175e7fe316b5bfc3e9d65e1a6,3d32cd2ea5d156046c3863ade23183c25877a9e6f329d4f3009e99bcfd5d71ae,,False,,,query_not_approved
O-S2:C_en_context,O-S2,semantic,opencv/opencv,C_bug,ok,C_en_context,symptom_without_error,False,False,7eb48ab75a68688a12748a65c2f6860228428b1175e7fe316b5bfc3e9d65e1a6,3d32cd2ea5d156046c3863ade23183c25877a9e6f329d4f3009e99bcfd5d71ae,,False,,,query_not_approved
O-S2:C_en_context,O-S2,hybrid,opencv/opencv,C_bug,ok,C_en_context,symptom_without_error,False,False,7eb48ab75a68688a12748a65c2f6860228428b1175e7fe316b5bfc3e9d65e1a6,3d32cd2ea5d156046c3863ade23183c25877a9e6f329d4f3009e99bcfd5d71ae,,False,,,query_not_approved
O-S2:C_en_context,O-S2,bm25,opencv/opencv,C_bug,ok,C_en_context,symptom_without_error,False,False,7eb48ab75a68688a12748a65c2f6860228428b1175e7fe316b5bfc3e9d65e1a6,3d32cd2ea5d156046c3863ade23183c25877a9e6f329d4f3009e99bcfd5d71ae,,False,,,query_not_approved
O-C1:A_ko_symptom,O-C1,semantic,opencv/opencv,C_raw,ok,A_ko_symptom,condition_sensitive,False,False,7eb48ab75a68688a12748a65c2f6860228428b1175e7fe316b5bfc3e9d65e1a6,3d32cd2ea5d156046c3863ade23183c25877a9e6f329d4f3009e99bcfd5d71ae,,False,,,query_not_approved
O-C1:A_ko_symptom,O-C1,bm25,opencv/opencv,C_raw,ok,A_ko_symptom,condition_sensitive,False,False,7eb48ab75a68688a12748a65c2f6860228428b1175e7fe316b5bfc3e9d65e1a6,3d32cd2ea5d156046c3863ade23183c25877a9e6f329d4f3009e99bcfd5d71ae,,False,,,query_not_approved
O-C1:A_ko_symptom,O-C1,hybrid,opencv/opencv,C_raw,ok,A_ko_symptom,condition_sensitive,False,False,7eb48ab75a68688a12748a65c2f6860228428b1175e7fe316b5bfc3e9d65e1a6,3d32cd2ea5d156046c3863ade23183c25877a9e6f329d4f3009e99bcfd5d71ae,,False,,,query_not_approved
O-C1:A_ko_symptom,O-C1,semantic,opencv/opencv,C_bug,ok,A_ko_symptom,condition_sensitive,False,False,7eb48ab75a68688a12748a65c2f6860228428b1175e7fe316b5bfc3e9d65e1a6,3d32cd2ea5d156046c3863ade23183c25877a9e6f329d4f3009e99bcfd5d71ae,,False,,,query_not_approved
O-C1:A_ko_symptom,O-C1,bm25,opencv/opencv,C_bug,ok,A_ko_symptom,condition_sensitive,False,False,7eb48ab75a68688a12748a65c2f6860228428b1175e7fe316b5bfc3e9d65e1a6,3d32cd2ea5d156046c3863ade23183c25877a9e6f329d4f3009e99bcfd5d71ae,,False,,,query_not_approved
O-C1:A_ko_symptom,O-C1,hybrid,opencv/opencv,C_bug,ok,A_ko_symptom,condition_sensitive,False,False,7eb48ab75a68688a12748a65c2f6860228428b1175e7fe316b5bfc3e9d65e1a6,3d32cd2ea5d156046c3863ade23183c25877a9e6f329d4f3009e99bcfd5d71ae,,False,,,query_not_approved
O-C1:B_ko_context,O-C1,bm25,opencv/opencv,C_raw,ok,B_ko_context,condition_sensitive,False,False,7eb48ab75a68688a12748a65c2f6860228428b1175e7fe316b5bfc3e9d65e1a6,3d32cd2ea5d156046c3863ade23183c25877a9e6f329d4f3009e99bcfd5d71ae,,False,,,query_not_approved
O-C1:B_ko_context,O-C1,semantic,opencv/opencv,C_raw,ok,B_ko_context,condition_sensitive,False,False,7eb48ab75a68688a12748a65c2f6860228428b1175e7fe316b5bfc3e9d65e1a6,3d32cd2ea5d156046c3863ade23183c25877a9e6f329d4f3009e99bcfd5d71ae,,False,,,query_not_approved
O-C1:B_ko_context,O-C1,hybrid,opencv/opencv,C_raw,ok,B_ko_context,condition_sensitive,False,False,7eb48ab75a68688a12748a65c2f6860228428b1175e7fe316b5bfc3e9d65e1a6,3d32cd2ea5d156046c3863ade23183c25877a9e6f329d4f3009e99bcfd5d71ae,,False,,,query_not_approved
O-C1:B_ko_context,O-C1,bm25,opencv/opencv,C_bug,ok,B_ko_context,condition_sensitive,False,False,7eb48ab75a68688a12748a65c2f6860228428b1175e7fe316b5bfc3e9d65e1a6,3d32cd2ea5d156046c3863ade23183c25877a9e6f329d4f3009e99bcfd5d71ae,,False,,,query_not_approved
O-C1:B_ko_context,O-C1,semantic,opencv/opencv,C_bug,ok,B_ko_context,condition_sensitive,False,False,7eb48ab75a68688a12748a65c2f6860228428b1175e7fe316b5bfc3e9d65e1a6,3d32cd2ea5d156046c3863ade23183c25877a9e6f329d4f3009e99bcfd5d71ae,,False,,,query_not_approved
O-C1:B_ko_context,O-C1,hybrid,opencv/opencv,C_bug,ok,B_ko_context,condition_sensitive,False,False,7eb48ab75a68688a12748a65c2f6860228428b1175e7fe316b5bfc3e9d65e1a6,3d32cd2ea5d156046c3863ade23183c25877a9e6f329d4f3009e99bcfd5d71ae,,False,,,query_not_approved
O-C1:C_en_context,O-C1,bm25,opencv/opencv,C_raw,ok,C_en_context,condition_sensitive,False,False,7eb48ab75a68688a12748a65c2f6860228428b1175e7fe316b5bfc3e9d65e1a6,3d32cd2ea5d156046c3863ade23183c25877a9e6f329d4f3009e99bcfd5d71ae,,False,,,query_not_approved
O-C1:C_en_context,O-C1,hybrid,opencv/opencv,C_raw,ok,C_en_context,condition_sensitive,False,False,7eb48ab75a68688a12748a65c2f6860228428b1175e7fe316b5bfc3e9d65e1a6,3d32cd2ea5d156046c3863ade23183c25877a9e6f329d4f3009e99bcfd5d71ae,,False,,,query_not_approved
O-C1:C_en_context,O-C1,semantic,opencv/opencv,C_raw,ok,C_en_context,condition_sensitive,False,False,7eb48ab75a68688a12748a65c2f6860228428b1175e7fe316b5bfc3e9d65e1a6,3d32cd2ea5d156046c3863ade23183c25877a9e6f329d4f3009e99bcfd5d71ae,,False,,,query_not_approved
O-C1:C_en_context,O-C1,bm25,opencv/opencv,C_bug,ok,C_en_context,condition_sensitive,False,False,7eb48ab75a68688a12748a65c2f6860228428b1175e7fe316b5bfc3e9d65e1a6,3d32cd2ea5d156046c3863ade23183c25877a9e6f329d4f3009e99bcfd5d71ae,,False,,,query_not_approved
O-C1:C_en_context,O-C1,hybrid,opencv/opencv,C_bug,ok,C_en_context,condition_sensitive,False,False,7eb48ab75a68688a12748a65c2f6860228428b1175e7fe316b5bfc3e9d65e1a6,3d32cd2ea5d156046c3863ade23183c25877a9e6f329d4f3009e99bcfd5d71ae,,False,,,query_not_approved
O-C1:C_en_context,O-C1,semantic,opencv/opencv,C_bug,ok,C_en_context,condition_sensitive,False,False,7eb48ab75a68688a12748a65c2f6860228428b1175e7fe316b5bfc3e9d65e1a6,3d32cd2ea5d156046c3863ade23183c25877a9e6f329d4f3009e99bcfd5d71ae,,False,,,query_not_approved
O-C2:A_ko_symptom,O-C2,hybrid,opencv/opencv,C_raw,ok,A_ko_symptom,condition_sensitive,False,False,7eb48ab75a68688a12748a65c2f6860228428b1175e7fe316b5bfc3e9d65e1a6,3d32cd2ea5d156046c3863ade23183c25877a9e6f329d4f3009e99bcfd5d71ae,,False,,,query_not_approved
O-C2:A_ko_symptom,O-C2,semantic,opencv/opencv,C_raw,ok,A_ko_symptom,condition_sensitive,False,False,7eb48ab75a68688a12748a65c2f6860228428b1175e7fe316b5bfc3e9d65e1a6,3d32cd2ea5d156046c3863ade23183c25877a9e6f329d4f3009e99bcfd5d71ae,,False,,,query_not_approved
O-C2:A_ko_symptom,O-C2,bm25,opencv/opencv,C_raw,ok,A_ko_symptom,condition_sensitive,False,False,7eb48ab75a68688a12748a65c2f6860228428b1175e7fe316b5bfc3e9d65e1a6,3d32cd2ea5d156046c3863ade23183c25877a9e6f329d4f3009e99bcfd5d71ae,,False,,,query_not_approved
O-C2:A_ko_symptom,O-C2,hybrid,opencv/opencv,C_bug,ok,A_ko_symptom,condition_sensitive,False,False,7eb48ab75a68688a12748a65c2f6860228428b1175e7fe316b5bfc3e9d65e1a6,3d32cd2ea5d156046c3863ade23183c25877a9e6f329d4f3009e99bcfd5d71ae,,False,,,query_not_approved
O-C2:A_ko_symptom,O-C2,semantic,opencv/opencv,C_bug,ok,A_ko_symptom,condition_sensitive,False,False,7eb48ab75a68688a12748a65c2f6860228428b1175e7fe316b5bfc3e9d65e1a6,3d32cd2ea5d156046c3863ade23183c25877a9e6f329d4f3009e99bcfd5d71ae,,False,,,query_not_approved
O-C2:A_ko_symptom,O-C2,bm25,opencv/opencv,C_bug,ok,A_ko_symptom,condition_sensitive,False,False,7eb48ab75a68688a12748a65c2f6860228428b1175e7fe316b5bfc3e9d65e1a6,3d32cd2ea5d156046c3863ade23183c25877a9e6f329d4f3009e99bcfd5d71ae,,False,,,query_not_approved
O-C2:B_ko_context,O-C2,hybrid,opencv/opencv,C_raw,ok,B_ko_context,condition_sensitive,False,False,7eb48ab75a68688a12748a65c2f6860228428b1175e7fe316b5bfc3e9d65e1a6,3d32cd2ea5d156046c3863ade23183c25877a9e6f329d4f3009e99bcfd5d71ae,,False,,,query_not_approved
O-C2:B_ko_context,O-C2,bm25,opencv/opencv,C_raw,ok,B_ko_context,condition_sensitive,False,False,7eb48ab75a68688a12748a65c2f6860228428b1175e7fe316b5bfc3e9d65e1a6,3d32cd2ea5d156046c3863ade23183c25877a9e6f329d4f3009e99bcfd5d71ae,,False,,,query_not_approved
O-C2:B_ko_context,O-C2,semantic,opencv/opencv,C_raw,ok,B_ko_context,condition_sensitive,False,False,7eb48ab75a68688a12748a65c2f6860228428b1175e7fe316b5bfc3e9d65e1a6,3d32cd2ea5d156046c3863ade23183c25877a9e6f329d4f3009e99bcfd5d71ae,,False,,,query_not_approved
O-C2:B_ko_context,O-C2,hybrid,opencv/opencv,C_bug,ok,B_ko_context,condition_sensitive,False,False,7eb48ab75a68688a12748a65c2f6860228428b1175e7fe316b5bfc3e9d65e1a6,3d32cd2ea5d156046c3863ade23183c25877a9e6f329d4f3009e99bcfd5d71ae,,False,,,query_not_approved
O-C2:B_ko_context,O-C2,bm25,opencv/opencv,C_bug,ok,B_ko_context,condition_sensitive,False,False,7eb48ab75a68688a12748a65c2f6860228428b1175e7fe316b5bfc3e9d65e1a6,3d32cd2ea5d156046c3863ade23183c25877a9e6f329d4f3009e99bcfd5d71ae,,False,,,query_not_approved
O-C2:B_ko_context,O-C2,semantic,opencv/opencv,C_bug,ok,B_ko_context,condition_sensitive,False,False,7eb48ab75a68688a12748a65c2f6860228428b1175e7fe316b5bfc3e9d65e1a6,3d32cd2ea5d156046c3863ade23183c25877a9e6f329d4f3009e99bcfd5d71ae,,False,,,query_not_approved
O-C2:C_en_context,O-C2,bm25,opencv/opencv,C_raw,ok,C_en_context,condition_sensitive,False,False,7eb48ab75a68688a12748a65c2f6860228428b1175e7fe316b5bfc3e9d65e1a6,3d32cd2ea5d156046c3863ade23183c25877a9e6f329d4f3009e99bcfd5d71ae,,False,,,query_not_approved
O-C2:C_en_context,O-C2,hybrid,opencv/opencv,C_raw,ok,C_en_context,condition_sensitive,False,False,7eb48ab75a68688a12748a65c2f6860228428b1175e7fe316b5bfc3e9d65e1a6,3d32cd2ea5d156046c3863ade23183c25877a9e6f329d4f3009e99bcfd5d71ae,,False,,,query_not_approved
O-C2:C_en_context,O-C2,semantic,opencv/opencv,C_raw,ok,C_en_context,condition_sensitive,False,False,7eb48ab75a68688a12748a65c2f6860228428b1175e7fe316b5bfc3e9d65e1a6,3d32cd2ea5d156046c3863ade23183c25877a9e6f329d4f3009e99bcfd5d71ae,,False,,,query_not_approved
O-C2:C_en_context,O-C2,bm25,opencv/opencv,C_bug,ok,C_en_context,condition_sensitive,False,False,7eb48ab75a68688a12748a65c2f6860228428b1175e7fe316b5bfc3e9d65e1a6,3d32cd2ea5d156046c3863ade23183c25877a9e6f329d4f3009e99bcfd5d71ae,,False,,,query_not_approved
O-C2:C_en_context,O-C2,hybrid,opencv/opencv,C_bug,ok,C_en_context,condition_sensitive,False,False,7eb48ab75a68688a12748a65c2f6860228428b1175e7fe316b5bfc3e9d65e1a6,3d32cd2ea5d156046c3863ade23183c25877a9e6f329d4f3009e99bcfd5d71ae,,False,,,query_not_approved
O-C2:C_en_context,O-C2,semantic,opencv/opencv,C_bug,ok,C_en_context,condition_sensitive,False,False,7eb48ab75a68688a12748a65c2f6860228428b1175e7fe316b5bfc3e9d65e1a6,3d32cd2ea5d156046c3863ade23183c25877a9e6f329d4f3009e99bcfd5d71ae,,False,,,query_not_approved
T-E1:A_ko_symptom,T-E1,bm25,huggingface/transformers,C_raw,no_lexical_match,A_ko_symptom,error_literal,False,False,7eb48ab75a68688a12748a65c2f6860228428b1175e7fe316b5bfc3e9d65e1a6,3d32cd2ea5d156046c3863ade23183c25877a9e6f329d4f3009e99bcfd5d71ae,,False,,,query_not_approved
T-E1:A_ko_symptom,T-E1,semantic,huggingface/transformers,C_raw,ok,A_ko_symptom,error_literal,False,False,7eb48ab75a68688a12748a65c2f6860228428b1175e7fe316b5bfc3e9d65e1a6,3d32cd2ea5d156046c3863ade23183c25877a9e6f329d4f3009e99bcfd5d71ae,,False,,,query_not_approved
T-E1:A_ko_symptom,T-E1,hybrid,huggingface/transformers,C_raw,ok,A_ko_symptom,error_literal,False,False,7eb48ab75a68688a12748a65c2f6860228428b1175e7fe316b5bfc3e9d65e1a6,3d32cd2ea5d156046c3863ade23183c25877a9e6f329d4f3009e99bcfd5d71ae,,False,,,query_not_approved
T-E1:A_ko_symptom,T-E1,bm25,huggingface/transformers,C_bug,no_lexical_match,A_ko_symptom,error_literal,False,False,7eb48ab75a68688a12748a65c2f6860228428b1175e7fe316b5bfc3e9d65e1a6,3d32cd2ea5d156046c3863ade23183c25877a9e6f329d4f3009e99bcfd5d71ae,,False,,,query_not_approved
T-E1:A_ko_symptom,T-E1,semantic,huggingface/transformers,C_bug,ok,A_ko_symptom,error_literal,False,False,7eb48ab75a68688a12748a65c2f6860228428b1175e7fe316b5bfc3e9d65e1a6,3d32cd2ea5d156046c3863ade23183c25877a9e6f329d4f3009e99bcfd5d71ae,,False,,,query_not_approved
T-E1:A_ko_symptom,T-E1,hybrid,huggingface/transformers,C_bug,ok,A_ko_symptom,error_literal,False,False,7eb48ab75a68688a12748a65c2f6860228428b1175e7fe316b5bfc3e9d65e1a6,3d32cd2ea5d156046c3863ade23183c25877a9e6f329d4f3009e99bcfd5d71ae,,False,,,query_not_approved
T-E1:B_ko_context,T-E1,semantic,huggingface/transformers,C_raw,ok,B_ko_context,error_literal,False,False,7eb48ab75a68688a12748a65c2f6860228428b1175e7fe316b5bfc3e9d65e1a6,3d32cd2ea5d156046c3863ade23183c25877a9e6f329d4f3009e99bcfd5d71ae,,False,,,query_not_approved
T-E1:B_ko_context,T-E1,hybrid,huggingface/transformers,C_raw,ok,B_ko_context,error_literal,False,False,7eb48ab75a68688a12748a65c2f6860228428b1175e7fe316b5bfc3e9d65e1a6,3d32cd2ea5d156046c3863ade23183c25877a9e6f329d4f3009e99bcfd5d71ae,,False,,,query_not_approved
T-E1:B_ko_context,T-E1,bm25,huggingface/transformers,C_raw,ok,B_ko_context,error_literal,False,False,7eb48ab75a68688a12748a65c2f6860228428b1175e7fe316b5bfc3e9d65e1a6,3d32cd2ea5d156046c3863ade23183c25877a9e6f329d4f3009e99bcfd5d71ae,,False,,,query_not_approved
T-E1:B_ko_context,T-E1,semantic,huggingface/transformers,C_bug,ok,B_ko_context,error_literal,False,False,7eb48ab75a68688a12748a65c2f6860228428b1175e7fe316b5bfc3e9d65e1a6,3d32cd2ea5d156046c3863ade23183c25877a9e6f329d4f3009e99bcfd5d71ae,,False,,,query_not_approved
T-E1:B_ko_context,T-E1,hybrid,huggingface/transformers,C_bug,ok,B_ko_context,error_literal,False,False,7eb48ab75a68688a12748a65c2f6860228428b1175e7fe316b5bfc3e9d65e1a6,3d32cd2ea5d156046c3863ade23183c25877a9e6f329d4f3009e99bcfd5d71ae,,False,,,query_not_approved
T-E1:B_ko_context,T-E1,bm25,huggingface/transformers,C_bug,ok,B_ko_context,error_literal,False,False,7eb48ab75a68688a12748a65c2f6860228428b1175e7fe316b5bfc3e9d65e1a6,3d32cd2ea5d156046c3863ade23183c25877a9e6f329d4f3009e99bcfd5d71ae,,False,,,query_not_approved
T-E1:C_en_context,T-E1,bm25,huggingface/transformers,C_raw,ok,C_en_context,error_literal,False,False,7eb48ab75a68688a12748a65c2f6860228428b1175e7fe316b5bfc3e9d65e1a6,3d32cd2ea5d156046c3863ade23183c25877a9e6f329d4f3009e99bcfd5d71ae,,False,,,query_not_approved
T-E1:C_en_context,T-E1,semantic,huggingface/transformers,C_raw,ok,C_en_context,error_literal,False,False,7eb48ab75a68688a12748a65c2f6860228428b1175e7fe316b5bfc3e9d65e1a6,3d32cd2ea5d156046c3863ade23183c25877a9e6f329d4f3009e99bcfd5d71ae,,False,,,query_not_approved
T-E1:C_en_context,T-E1,hybrid,huggingface/transformers,C_raw,ok,C_en_context,error_literal,False,False,7eb48ab75a68688a12748a65c2f6860228428b1175e7fe316b5bfc3e9d65e1a6,3d32cd2ea5d156046c3863ade23183c25877a9e6f329d4f3009e99bcfd5d71ae,,False,,,query_not_approved
T-E1:C_en_context,T-E1,bm25,huggingface/transformers,C_bug,ok,C_en_context,error_literal,False,False,7eb48ab75a68688a12748a65c2f6860228428b1175e7fe316b5bfc3e9d65e1a6,3d32cd2ea5d156046c3863ade23183c25877a9e6f329d4f3009e99bcfd5d71ae,,False,,,query_not_approved
T-E1:C_en_context,T-E1,semantic,huggingface/transformers,C_bug,ok,C_en_context,error_literal,False,False,7eb48ab75a68688a12748a65c2f6860228428b1175e7fe316b5bfc3e9d65e1a6,3d32cd2ea5d156046c3863ade23183c25877a9e6f329d4f3009e99bcfd5d71ae,,False,,,query_not_approved
T-E1:C_en_context,T-E1,hybrid,huggingface/transformers,C_bug,ok,C_en_context,error_literal,False,False,7eb48ab75a68688a12748a65c2f6860228428b1175e7fe316b5bfc3e9d65e1a6,3d32cd2ea5d156046c3863ade23183c25877a9e6f329d4f3009e99bcfd5d71ae,,False,,,query_not_approved
T-E2:A_ko_symptom,T-E2,hybrid,huggingface/transformers,C_raw,ok,A_ko_symptom,error_literal,False,False,7eb48ab75a68688a12748a65c2f6860228428b1175e7fe316b5bfc3e9d65e1a6,3d32cd2ea5d156046c3863ade23183c25877a9e6f329d4f3009e99bcfd5d71ae,,False,,,query_not_approved
T-E2:A_ko_symptom,T-E2,bm25,huggingface/transformers,C_raw,ok,A_ko_symptom,error_literal,False,False,7eb48ab75a68688a12748a65c2f6860228428b1175e7fe316b5bfc3e9d65e1a6,3d32cd2ea5d156046c3863ade23183c25877a9e6f329d4f3009e99bcfd5d71ae,,False,,,query_not_approved
T-E2:A_ko_symptom,T-E2,semantic,huggingface/transformers,C_raw,ok,A_ko_symptom,error_literal,False,False,7eb48ab75a68688a12748a65c2f6860228428b1175e7fe316b5bfc3e9d65e1a6,3d32cd2ea5d156046c3863ade23183c25877a9e6f329d4f3009e99bcfd5d71ae,,False,,,query_not_approved
T-E2:A_ko_symptom,T-E2,hybrid,huggingface/transformers,C_bug,ok,A_ko_symptom,error_literal,False,False,7eb48ab75a68688a12748a65c2f6860228428b1175e7fe316b5bfc3e9d65e1a6,3d32cd2ea5d156046c3863ade23183c25877a9e6f329d4f3009e99bcfd5d71ae,,False,,,query_not_approved
T-E2:A_ko_symptom,T-E2,bm25,huggingface/transformers,C_bug,no_lexical_match,A_ko_symptom,error_literal,False,False,7eb48ab75a68688a12748a65c2f6860228428b1175e7fe316b5bfc3e9d65e1a6,3d32cd2ea5d156046c3863ade23183c25877a9e6f329d4f3009e99bcfd5d71ae,,False,,,query_not_approved
T-E2:A_ko_symptom,T-E2,semantic,huggingface/transformers,C_bug,ok,A_ko_symptom,error_literal,False,False,7eb48ab75a68688a12748a65c2f6860228428b1175e7fe316b5bfc3e9d65e1a6,3d32cd2ea5d156046c3863ade23183c25877a9e6f329d4f3009e99bcfd5d71ae,,False,,,query_not_approved
T-E2:B_ko_context,T-E2,hybrid,huggingface/transformers,C_raw,ok,B_ko_context,error_literal,False,False,7eb48ab75a68688a12748a65c2f6860228428b1175e7fe316b5bfc3e9d65e1a6,3d32cd2ea5d156046c3863ade23183c25877a9e6f329d4f3009e99bcfd5d71ae,,False,,,query_not_approved
T-E2:B_ko_context,T-E2,bm25,huggingface/transformers,C_raw,ok,B_ko_context,error_literal,False,False,7eb48ab75a68688a12748a65c2f6860228428b1175e7fe316b5bfc3e9d65e1a6,3d32cd2ea5d156046c3863ade23183c25877a9e6f329d4f3009e99bcfd5d71ae,,False,,,query_not_approved
T-E2:B_ko_context,T-E2,semantic,huggingface/transformers,C_raw,ok,B_ko_context,error_literal,False,False,7eb48ab75a68688a12748a65c2f6860228428b1175e7fe316b5bfc3e9d65e1a6,3d32cd2ea5d156046c3863ade23183c25877a9e6f329d4f3009e99bcfd5d71ae,,False,,,query_not_approved
T-E2:B_ko_context,T-E2,hybrid,huggingface/transformers,C_bug,ok,B_ko_context,error_literal,False,False,7eb48ab75a68688a12748a65c2f6860228428b1175e7fe316b5bfc3e9d65e1a6,3d32cd2ea5d156046c3863ade23183c25877a9e6f329d4f3009e99bcfd5d71ae,,False,,,query_not_approved
T-E2:B_ko_context,T-E2,bm25,huggingface/transformers,C_bug,ok,B_ko_context,error_literal,False,False,7eb48ab75a68688a12748a65c2f6860228428b1175e7fe316b5bfc3e9d65e1a6,3d32cd2ea5d156046c3863ade23183c25877a9e6f329d4f3009e99bcfd5d71ae,,False,,,query_not_approved
T-E2:B_ko_context,T-E2,semantic,huggingface/transformers,C_bug,ok,B_ko_context,error_literal,False,False,7eb48ab75a68688a12748a65c2f6860228428b1175e7fe316b5bfc3e9d65e1a6,3d32cd2ea5d156046c3863ade23183c25877a9e6f329d4f3009e99bcfd5d71ae,,False,,,query_not_approved
T-E2:C_en_context,T-E2,bm25,huggingface/transformers,C_raw,ok,C_en_context,error_literal,False,False,7eb48ab75a68688a12748a65c2f6860228428b1175e7fe316b5bfc3e9d65e1a6,3d32cd2ea5d156046c3863ade23183c25877a9e6f329d4f3009e99bcfd5d71ae,,False,,,query_not_approved
T-E2:C_en_context,T-E2,semantic,huggingface/transformers,C_raw,ok,C_en_context,error_literal,False,False,7eb48ab75a68688a12748a65c2f6860228428b1175e7fe316b5bfc3e9d65e1a6,3d32cd2ea5d156046c3863ade23183c25877a9e6f329d4f3009e99bcfd5d71ae,,False,,,query_not_approved
T-E2:C_en_context,T-E2,hybrid,huggingface/transformers,C_raw,ok,C_en_context,error_literal,False,False,7eb48ab75a68688a12748a65c2f6860228428b1175e7fe316b5bfc3e9d65e1a6,3d32cd2ea5d156046c3863ade23183c25877a9e6f329d4f3009e99bcfd5d71ae,,False,,,query_not_approved
T-E2:C_en_context,T-E2,bm25,huggingface/transformers,C_bug,ok,C_en_context,error_literal,False,False,7eb48ab75a68688a12748a65c2f6860228428b1175e7fe316b5bfc3e9d65e1a6,3d32cd2ea5d156046c3863ade23183c25877a9e6f329d4f3009e99bcfd5d71ae,,False,,,query_not_approved
T-E2:C_en_context,T-E2,semantic,huggingface/transformers,C_bug,ok,C_en_context,error_literal,False,False,7eb48ab75a68688a12748a65c2f6860228428b1175e7fe316b5bfc3e9d65e1a6,3d32cd2ea5d156046c3863ade23183c25877a9e6f329d4f3009e99bcfd5d71ae,,False,,,query_not_approved
T-E2:C_en_context,T-E2,hybrid,huggingface/transformers,C_bug,ok,C_en_context,error_literal,False,False,7eb48ab75a68688a12748a65c2f6860228428b1175e7fe316b5bfc3e9d65e1a6,3d32cd2ea5d156046c3863ade23183c25877a9e6f329d4f3009e99bcfd5d71ae,,False,,,query_not_approved
T-S1:A_ko_symptom,T-S1,hybrid,huggingface/transformers,C_raw,ok,A_ko_symptom,symptom_without_error,False,False,7eb48ab75a68688a12748a65c2f6860228428b1175e7fe316b5bfc3e9d65e1a6,3d32cd2ea5d156046c3863ade23183c25877a9e6f329d4f3009e99bcfd5d71ae,,False,,,query_not_approved
T-S1:A_ko_symptom,T-S1,semantic,huggingface/transformers,C_raw,ok,A_ko_symptom,symptom_without_error,False,False,7eb48ab75a68688a12748a65c2f6860228428b1175e7fe316b5bfc3e9d65e1a6,3d32cd2ea5d156046c3863ade23183c25877a9e6f329d4f3009e99bcfd5d71ae,,False,,,query_not_approved
T-S1:A_ko_symptom,T-S1,bm25,huggingface/transformers,C_raw,ok,A_ko_symptom,symptom_without_error,False,False,7eb48ab75a68688a12748a65c2f6860228428b1175e7fe316b5bfc3e9d65e1a6,3d32cd2ea5d156046c3863ade23183c25877a9e6f329d4f3009e99bcfd5d71ae,,False,,,query_not_approved
T-S1:A_ko_symptom,T-S1,hybrid,huggingface/transformers,C_bug,ok,A_ko_symptom,symptom_without_error,False,False,7eb48ab75a68688a12748a65c2f6860228428b1175e7fe316b5bfc3e9d65e1a6,3d32cd2ea5d156046c3863ade23183c25877a9e6f329d4f3009e99bcfd5d71ae,,False,,,query_not_approved
T-S1:A_ko_symptom,T-S1,semantic,huggingface/transformers,C_bug,ok,A_ko_symptom,symptom_without_error,False,False,7eb48ab75a68688a12748a65c2f6860228428b1175e7fe316b5bfc3e9d65e1a6,3d32cd2ea5d156046c3863ade23183c25877a9e6f329d4f3009e99bcfd5d71ae,,False,,,query_not_approved
T-S1:A_ko_symptom,T-S1,bm25,huggingface/transformers,C_bug,ok,A_ko_symptom,symptom_without_error,False,False,7eb48ab75a68688a12748a65c2f6860228428b1175e7fe316b5bfc3e9d65e1a6,3d32cd2ea5d156046c3863ade23183c25877a9e6f329d4f3009e99bcfd5d71ae,,False,,,query_not_approved
T-S1:B_ko_context,T-S1,hybrid,huggingface/transformers,C_raw,ok,B_ko_context,symptom_without_error,False,False,7eb48ab75a68688a12748a65c2f6860228428b1175e7fe316b5bfc3e9d65e1a6,3d32cd2ea5d156046c3863ade23183c25877a9e6f329d4f3009e99bcfd5d71ae,,False,,,query_not_approved
T-S1:B_ko_context,T-S1,bm25,huggingface/transformers,C_raw,ok,B_ko_context,symptom_without_error,False,False,7eb48ab75a68688a12748a65c2f6860228428b1175e7fe316b5bfc3e9d65e1a6,3d32cd2ea5d156046c3863ade23183c25877a9e6f329d4f3009e99bcfd5d71ae,,False,,,query_not_approved
T-S1:B_ko_context,T-S1,semantic,huggingface/transformers,C_raw,ok,B_ko_context,symptom_without_error,False,False,7eb48ab75a68688a12748a65c2f6860228428b1175e7fe316b5bfc3e9d65e1a6,3d32cd2ea5d156046c3863ade23183c25877a9e6f329d4f3009e99bcfd5d71ae,,False,,,query_not_approved
T-S1:B_ko_context,T-S1,hybrid,huggingface/transformers,C_bug,ok,B_ko_context,symptom_without_error,False,False,7eb48ab75a68688a12748a65c2f6860228428b1175e7fe316b5bfc3e9d65e1a6,3d32cd2ea5d156046c3863ade23183c25877a9e6f329d4f3009e99bcfd5d71ae,,False,,,query_not_approved
T-S1:B_ko_context,T-S1,bm25,huggingface/transformers,C_bug,ok,B_ko_context,symptom_without_error,False,False,7eb48ab75a68688a12748a65c2f6860228428b1175e7fe316b5bfc3e9d65e1a6,3d32cd2ea5d156046c3863ade23183c25877a9e6f329d4f3009e99bcfd5d71ae,,False,,,query_not_approved
T-S1:B_ko_context,T-S1,semantic,huggingface/transformers,C_bug,ok,B_ko_context,symptom_without_error,False,False,7eb48ab75a68688a12748a65c2f6860228428b1175e7fe316b5bfc3e9d65e1a6,3d32cd2ea5d156046c3863ade23183c25877a9e6f329d4f3009e99bcfd5d71ae,,False,,,query_not_approved
T-S1:C_en_context,T-S1,semantic,huggingface/transformers,C_raw,ok,C_en_context,symptom_without_error,False,False,7eb48ab75a68688a12748a65c2f6860228428b1175e7fe316b5bfc3e9d65e1a6,3d32cd2ea5d156046c3863ade23183c25877a9e6f329d4f3009e99bcfd5d71ae,,False,,,query_not_approved
T-S1:C_en_context,T-S1,bm25,huggingface/transformers,C_raw,ok,C_en_context,symptom_without_error,False,False,7eb48ab75a68688a12748a65c2f6860228428b1175e7fe316b5bfc3e9d65e1a6,3d32cd2ea5d156046c3863ade23183c25877a9e6f329d4f3009e99bcfd5d71ae,,False,,,query_not_approved
T-S1:C_en_context,T-S1,hybrid,huggingface/transformers,C_raw,ok,C_en_context,symptom_without_error,False,False,7eb48ab75a68688a12748a65c2f6860228428b1175e7fe316b5bfc3e9d65e1a6,3d32cd2ea5d156046c3863ade23183c25877a9e6f329d4f3009e99bcfd5d71ae,,False,,,query_not_approved
T-S1:C_en_context,T-S1,semantic,huggingface/transformers,C_bug,ok,C_en_context,symptom_without_error,False,False,7eb48ab75a68688a12748a65c2f6860228428b1175e7fe316b5bfc3e9d65e1a6,3d32cd2ea5d156046c3863ade23183c25877a9e6f329d4f3009e99bcfd5d71ae,,False,,,query_not_approved
T-S1:C_en_context,T-S1,bm25,huggingface/transformers,C_bug,ok,C_en_context,symptom_without_error,False,False,7eb48ab75a68688a12748a65c2f6860228428b1175e7fe316b5bfc3e9d65e1a6,3d32cd2ea5d156046c3863ade23183c25877a9e6f329d4f3009e99bcfd5d71ae,,False,,,query_not_approved
T-S1:C_en_context,T-S1,hybrid,huggingface/transformers,C_bug,ok,C_en_context,symptom_without_error,False,False,7eb48ab75a68688a12748a65c2f6860228428b1175e7fe316b5bfc3e9d65e1a6,3d32cd2ea5d156046c3863ade23183c25877a9e6f329d4f3009e99bcfd5d71ae,,False,,,query_not_approved
T-S2:A_ko_symptom,T-S2,bm25,huggingface/transformers,C_raw,ok,A_ko_symptom,symptom_without_error,False,False,7eb48ab75a68688a12748a65c2f6860228428b1175e7fe316b5bfc3e9d65e1a6,3d32cd2ea5d156046c3863ade23183c25877a9e6f329d4f3009e99bcfd5d71ae,,False,,,query_not_approved
T-S2:A_ko_symptom,T-S2,hybrid,huggingface/transformers,C_raw,ok,A_ko_symptom,symptom_without_error,False,False,7eb48ab75a68688a12748a65c2f6860228428b1175e7fe316b5bfc3e9d65e1a6,3d32cd2ea5d156046c3863ade23183c25877a9e6f329d4f3009e99bcfd5d71ae,,False,,,query_not_approved
T-S2:A_ko_symptom,T-S2,semantic,huggingface/transformers,C_raw,ok,A_ko_symptom,symptom_without_error,False,False,7eb48ab75a68688a12748a65c2f6860228428b1175e7fe316b5bfc3e9d65e1a6,3d32cd2ea5d156046c3863ade23183c25877a9e6f329d4f3009e99bcfd5d71ae,,False,,,query_not_approved
T-S2:A_ko_symptom,T-S2,bm25,huggingface/transformers,C_bug,ok,A_ko_symptom,symptom_without_error,False,False,7eb48ab75a68688a12748a65c2f6860228428b1175e7fe316b5bfc3e9d65e1a6,3d32cd2ea5d156046c3863ade23183c25877a9e6f329d4f3009e99bcfd5d71ae,,False,,,query_not_approved
T-S2:A_ko_symptom,T-S2,hybrid,huggingface/transformers,C_bug,ok,A_ko_symptom,symptom_without_error,False,False,7eb48ab75a68688a12748a65c2f6860228428b1175e7fe316b5bfc3e9d65e1a6,3d32cd2ea5d156046c3863ade23183c25877a9e6f329d4f3009e99bcfd5d71ae,,False,,,query_not_approved
T-S2:A_ko_symptom,T-S2,semantic,huggingface/transformers,C_bug,ok,A_ko_symptom,symptom_without_error,False,False,7eb48ab75a68688a12748a65c2f6860228428b1175e7fe316b5bfc3e9d65e1a6,3d32cd2ea5d156046c3863ade23183c25877a9e6f329d4f3009e99bcfd5d71ae,,False,,,query_not_approved
T-S2:B_ko_context,T-S2,hybrid,huggingface/transformers,C_raw,ok,B_ko_context,symptom_without_error,False,False,7eb48ab75a68688a12748a65c2f6860228428b1175e7fe316b5bfc3e9d65e1a6,3d32cd2ea5d156046c3863ade23183c25877a9e6f329d4f3009e99bcfd5d71ae,,False,,,query_not_approved
T-S2:B_ko_context,T-S2,semantic,huggingface/transformers,C_raw,ok,B_ko_context,symptom_without_error,False,False,7eb48ab75a68688a12748a65c2f6860228428b1175e7fe316b5bfc3e9d65e1a6,3d32cd2ea5d156046c3863ade23183c25877a9e6f329d4f3009e99bcfd5d71ae,,False,,,query_not_approved
T-S2:B_ko_context,T-S2,bm25,huggingface/transformers,C_raw,ok,B_ko_context,symptom_without_error,False,False,7eb48ab75a68688a12748a65c2f6860228428b1175e7fe316b5bfc3e9d65e1a6,3d32cd2ea5d156046c3863ade23183c25877a9e6f329d4f3009e99bcfd5d71ae,,False,,,query_not_approved
T-S2:B_ko_context,T-S2,hybrid,huggingface/transformers,C_bug,ok,B_ko_context,symptom_without_error,False,False,7eb48ab75a68688a12748a65c2f6860228428b1175e7fe316b5bfc3e9d65e1a6,3d32cd2ea5d156046c3863ade23183c25877a9e6f329d4f3009e99bcfd5d71ae,,False,,,query_not_approved
T-S2:B_ko_context,T-S2,semantic,huggingface/transformers,C_bug,ok,B_ko_context,symptom_without_error,False,False,7eb48ab75a68688a12748a65c2f6860228428b1175e7fe316b5bfc3e9d65e1a6,3d32cd2ea5d156046c3863ade23183c25877a9e6f329d4f3009e99bcfd5d71ae,,False,,,query_not_approved
T-S2:B_ko_context,T-S2,bm25,huggingface/transformers,C_bug,ok,B_ko_context,symptom_without_error,False,False,7eb48ab75a68688a12748a65c2f6860228428b1175e7fe316b5bfc3e9d65e1a6,3d32cd2ea5d156046c3863ade23183c25877a9e6f329d4f3009e99bcfd5d71ae,,False,,,query_not_approved
T-S2:C_en_context,T-S2,bm25,huggingface/transformers,C_raw,ok,C_en_context,symptom_without_error,False,False,7eb48ab75a68688a12748a65c2f6860228428b1175e7fe316b5bfc3e9d65e1a6,3d32cd2ea5d156046c3863ade23183c25877a9e6f329d4f3009e99bcfd5d71ae,,False,,,query_not_approved
T-S2:C_en_context,T-S2,semantic,huggingface/transformers,C_raw,ok,C_en_context,symptom_without_error,False,False,7eb48ab75a68688a12748a65c2f6860228428b1175e7fe316b5bfc3e9d65e1a6,3d32cd2ea5d156046c3863ade23183c25877a9e6f329d4f3009e99bcfd5d71ae,,False,,,query_not_approved
T-S2:C_en_context,T-S2,hybrid,huggingface/transformers,C_raw,ok,C_en_context,symptom_without_error,False,False,7eb48ab75a68688a12748a65c2f6860228428b1175e7fe316b5bfc3e9d65e1a6,3d32cd2ea5d156046c3863ade23183c25877a9e6f329d4f3009e99bcfd5d71ae,,False,,,query_not_approved
T-S2:C_en_context,T-S2,bm25,huggingface/transformers,C_bug,ok,C_en_context,symptom_without_error,False,False,7eb48ab75a68688a12748a65c2f6860228428b1175e7fe316b5bfc3e9d65e1a6,3d32cd2ea5d156046c3863ade23183c25877a9e6f329d4f3009e99bcfd5d71ae,,False,,,query_not_approved
T-S2:C_en_context,T-S2,semantic,huggingface/transformers,C_bug,ok,C_en_context,symptom_without_error,False,False,7eb48ab75a68688a12748a65c2f6860228428b1175e7fe316b5bfc3e9d65e1a6,3d32cd2ea5d156046c3863ade23183c25877a9e6f329d4f3009e99bcfd5d71ae,,False,,,query_not_approved
T-S2:C_en_context,T-S2,hybrid,huggingface/transformers,C_bug,ok,C_en_context,symptom_without_error,False,False,7eb48ab75a68688a12748a65c2f6860228428b1175e7fe316b5bfc3e9d65e1a6,3d32cd2ea5d156046c3863ade23183c25877a9e6f329d4f3009e99bcfd5d71ae,,False,,,query_not_approved
T-C1:A_ko_symptom,T-C1,semantic,huggingface/transformers,C_raw,ok,A_ko_symptom,condition_sensitive,False,False,7eb48ab75a68688a12748a65c2f6860228428b1175e7fe316b5bfc3e9d65e1a6,3d32cd2ea5d156046c3863ade23183c25877a9e6f329d4f3009e99bcfd5d71ae,,False,,,query_not_approved
T-C1:A_ko_symptom,T-C1,bm25,huggingface/transformers,C_raw,no_lexical_match,A_ko_symptom,condition_sensitive,False,False,7eb48ab75a68688a12748a65c2f6860228428b1175e7fe316b5bfc3e9d65e1a6,3d32cd2ea5d156046c3863ade23183c25877a9e6f329d4f3009e99bcfd5d71ae,,False,,,query_not_approved
T-C1:A_ko_symptom,T-C1,hybrid,huggingface/transformers,C_raw,ok,A_ko_symptom,condition_sensitive,False,False,7eb48ab75a68688a12748a65c2f6860228428b1175e7fe316b5bfc3e9d65e1a6,3d32cd2ea5d156046c3863ade23183c25877a9e6f329d4f3009e99bcfd5d71ae,,False,,,query_not_approved
T-C1:A_ko_symptom,T-C1,semantic,huggingface/transformers,C_bug,ok,A_ko_symptom,condition_sensitive,False,False,7eb48ab75a68688a12748a65c2f6860228428b1175e7fe316b5bfc3e9d65e1a6,3d32cd2ea5d156046c3863ade23183c25877a9e6f329d4f3009e99bcfd5d71ae,,False,,,query_not_approved
T-C1:A_ko_symptom,T-C1,bm25,huggingface/transformers,C_bug,no_lexical_match,A_ko_symptom,condition_sensitive,False,False,7eb48ab75a68688a12748a65c2f6860228428b1175e7fe316b5bfc3e9d65e1a6,3d32cd2ea5d156046c3863ade23183c25877a9e6f329d4f3009e99bcfd5d71ae,,False,,,query_not_approved
T-C1:A_ko_symptom,T-C1,hybrid,huggingface/transformers,C_bug,ok,A_ko_symptom,condition_sensitive,False,False,7eb48ab75a68688a12748a65c2f6860228428b1175e7fe316b5bfc3e9d65e1a6,3d32cd2ea5d156046c3863ade23183c25877a9e6f329d4f3009e99bcfd5d71ae,,False,,,query_not_approved
T-C1:B_ko_context,T-C1,semantic,huggingface/transformers,C_raw,ok,B_ko_context,condition_sensitive,False,False,7eb48ab75a68688a12748a65c2f6860228428b1175e7fe316b5bfc3e9d65e1a6,3d32cd2ea5d156046c3863ade23183c25877a9e6f329d4f3009e99bcfd5d71ae,,False,,,query_not_approved
T-C1:B_ko_context,T-C1,hybrid,huggingface/transformers,C_raw,ok,B_ko_context,condition_sensitive,False,False,7eb48ab75a68688a12748a65c2f6860228428b1175e7fe316b5bfc3e9d65e1a6,3d32cd2ea5d156046c3863ade23183c25877a9e6f329d4f3009e99bcfd5d71ae,,False,,,query_not_approved
T-C1:B_ko_context,T-C1,bm25,huggingface/transformers,C_raw,ok,B_ko_context,condition_sensitive,False,False,7eb48ab75a68688a12748a65c2f6860228428b1175e7fe316b5bfc3e9d65e1a6,3d32cd2ea5d156046c3863ade23183c25877a9e6f329d4f3009e99bcfd5d71ae,,False,,,query_not_approved
T-C1:B_ko_context,T-C1,semantic,huggingface/transformers,C_bug,ok,B_ko_context,condition_sensitive,False,False,7eb48ab75a68688a12748a65c2f6860228428b1175e7fe316b5bfc3e9d65e1a6,3d32cd2ea5d156046c3863ade23183c25877a9e6f329d4f3009e99bcfd5d71ae,,False,,,query_not_approved
T-C1:B_ko_context,T-C1,hybrid,huggingface/transformers,C_bug,ok,B_ko_context,condition_sensitive,False,False,7eb48ab75a68688a12748a65c2f6860228428b1175e7fe316b5bfc3e9d65e1a6,3d32cd2ea5d156046c3863ade23183c25877a9e6f329d4f3009e99bcfd5d71ae,,False,,,query_not_approved
T-C1:B_ko_context,T-C1,bm25,huggingface/transformers,C_bug,ok,B_ko_context,condition_sensitive,False,False,7eb48ab75a68688a12748a65c2f6860228428b1175e7fe316b5bfc3e9d65e1a6,3d32cd2ea5d156046c3863ade23183c25877a9e6f329d4f3009e99bcfd5d71ae,,False,,,query_not_approved
T-C1:C_en_context,T-C1,semantic,huggingface/transformers,C_raw,ok,C_en_context,condition_sensitive,False,False,7eb48ab75a68688a12748a65c2f6860228428b1175e7fe316b5bfc3e9d65e1a6,3d32cd2ea5d156046c3863ade23183c25877a9e6f329d4f3009e99bcfd5d71ae,,False,,,query_not_approved
T-C1:C_en_context,T-C1,hybrid,huggingface/transformers,C_raw,ok,C_en_context,condition_sensitive,False,False,7eb48ab75a68688a12748a65c2f6860228428b1175e7fe316b5bfc3e9d65e1a6,3d32cd2ea5d156046c3863ade23183c25877a9e6f329d4f3009e99bcfd5d71ae,,False,,,query_not_approved
T-C1:C_en_context,T-C1,bm25,huggingface/transformers,C_raw,ok,C_en_context,condition_sensitive,False,False,7eb48ab75a68688a12748a65c2f6860228428b1175e7fe316b5bfc3e9d65e1a6,3d32cd2ea5d156046c3863ade23183c25877a9e6f329d4f3009e99bcfd5d71ae,,False,,,query_not_approved
T-C1:C_en_context,T-C1,semantic,huggingface/transformers,C_bug,ok,C_en_context,condition_sensitive,False,False,7eb48ab75a68688a12748a65c2f6860228428b1175e7fe316b5bfc3e9d65e1a6,3d32cd2ea5d156046c3863ade23183c25877a9e6f329d4f3009e99bcfd5d71ae,,False,,,query_not_approved
T-C1:C_en_context,T-C1,hybrid,huggingface/transformers,C_bug,ok,C_en_context,condition_sensitive,False,False,7eb48ab75a68688a12748a65c2f6860228428b1175e7fe316b5bfc3e9d65e1a6,3d32cd2ea5d156046c3863ade23183c25877a9e6f329d4f3009e99bcfd5d71ae,,False,,,query_not_approved
T-C1:C_en_context,T-C1,bm25,huggingface/transformers,C_bug,ok,C_en_context,condition_sensitive,False,False,7eb48ab75a68688a12748a65c2f6860228428b1175e7fe316b5bfc3e9d65e1a6,3d32cd2ea5d156046c3863ade23183c25877a9e6f329d4f3009e99bcfd5d71ae,,False,,,query_not_approved
T-C2:A_ko_symptom,T-C2,semantic,huggingface/transformers,C_raw,ok,A_ko_symptom,condition_sensitive,False,False,7eb48ab75a68688a12748a65c2f6860228428b1175e7fe316b5bfc3e9d65e1a6,3d32cd2ea5d156046c3863ade23183c25877a9e6f329d4f3009e99bcfd5d71ae,,False,,,query_not_approved
T-C2:A_ko_symptom,T-C2,hybrid,huggingface/transformers,C_raw,ok,A_ko_symptom,condition_sensitive,False,False,7eb48ab75a68688a12748a65c2f6860228428b1175e7fe316b5bfc3e9d65e1a6,3d32cd2ea5d156046c3863ade23183c25877a9e6f329d4f3009e99bcfd5d71ae,,False,,,query_not_approved
T-C2:A_ko_symptom,T-C2,bm25,huggingface/transformers,C_raw,ok,A_ko_symptom,condition_sensitive,False,False,7eb48ab75a68688a12748a65c2f6860228428b1175e7fe316b5bfc3e9d65e1a6,3d32cd2ea5d156046c3863ade23183c25877a9e6f329d4f3009e99bcfd5d71ae,,False,,,query_not_approved
T-C2:A_ko_symptom,T-C2,semantic,huggingface/transformers,C_bug,ok,A_ko_symptom,condition_sensitive,False,False,7eb48ab75a68688a12748a65c2f6860228428b1175e7fe316b5bfc3e9d65e1a6,3d32cd2ea5d156046c3863ade23183c25877a9e6f329d4f3009e99bcfd5d71ae,,False,,,query_not_approved
T-C2:A_ko_symptom,T-C2,hybrid,huggingface/transformers,C_bug,ok,A_ko_symptom,condition_sensitive,False,False,7eb48ab75a68688a12748a65c2f6860228428b1175e7fe316b5bfc3e9d65e1a6,3d32cd2ea5d156046c3863ade23183c25877a9e6f329d4f3009e99bcfd5d71ae,,False,,,query_not_approved
T-C2:A_ko_symptom,T-C2,bm25,huggingface/transformers,C_bug,ok,A_ko_symptom,condition_sensitive,False,False,7eb48ab75a68688a12748a65c2f6860228428b1175e7fe316b5bfc3e9d65e1a6,3d32cd2ea5d156046c3863ade23183c25877a9e6f329d4f3009e99bcfd5d71ae,,False,,,query_not_approved
T-C2:B_ko_context,T-C2,bm25,huggingface/transformers,C_raw,ok,B_ko_context,condition_sensitive,False,False,7eb48ab75a68688a12748a65c2f6860228428b1175e7fe316b5bfc3e9d65e1a6,3d32cd2ea5d156046c3863ade23183c25877a9e6f329d4f3009e99bcfd5d71ae,,False,,,query_not_approved
T-C2:B_ko_context,T-C2,semantic,huggingface/transformers,C_raw,ok,B_ko_context,condition_sensitive,False,False,7eb48ab75a68688a12748a65c2f6860228428b1175e7fe316b5bfc3e9d65e1a6,3d32cd2ea5d156046c3863ade23183c25877a9e6f329d4f3009e99bcfd5d71ae,,False,,,query_not_approved
T-C2:B_ko_context,T-C2,hybrid,huggingface/transformers,C_raw,ok,B_ko_context,condition_sensitive,False,False,7eb48ab75a68688a12748a65c2f6860228428b1175e7fe316b5bfc3e9d65e1a6,3d32cd2ea5d156046c3863ade23183c25877a9e6f329d4f3009e99bcfd5d71ae,,False,,,query_not_approved
T-C2:B_ko_context,T-C2,bm25,huggingface/transformers,C_bug,ok,B_ko_context,condition_sensitive,False,False,7eb48ab75a68688a12748a65c2f6860228428b1175e7fe316b5bfc3e9d65e1a6,3d32cd2ea5d156046c3863ade23183c25877a9e6f329d4f3009e99bcfd5d71ae,,False,,,query_not_approved
T-C2:B_ko_context,T-C2,semantic,huggingface/transformers,C_bug,ok,B_ko_context,condition_sensitive,False,False,7eb48ab75a68688a12748a65c2f6860228428b1175e7fe316b5bfc3e9d65e1a6,3d32cd2ea5d156046c3863ade23183c25877a9e6f329d4f3009e99bcfd5d71ae,,False,,,query_not_approved
T-C2:B_ko_context,T-C2,hybrid,huggingface/transformers,C_bug,ok,B_ko_context,condition_sensitive,False,False,7eb48ab75a68688a12748a65c2f6860228428b1175e7fe316b5bfc3e9d65e1a6,3d32cd2ea5d156046c3863ade23183c25877a9e6f329d4f3009e99bcfd5d71ae,,False,,,query_not_approved
T-C2:C_en_context,T-C2,hybrid,huggingface/transformers,C_raw,ok,C_en_context,condition_sensitive,False,False,7eb48ab75a68688a12748a65c2f6860228428b1175e7fe316b5bfc3e9d65e1a6,3d32cd2ea5d156046c3863ade23183c25877a9e6f329d4f3009e99bcfd5d71ae,,False,,,query_not_approved
T-C2:C_en_context,T-C2,semantic,huggingface/transformers,C_raw,ok,C_en_context,condition_sensitive,False,False,7eb48ab75a68688a12748a65c2f6860228428b1175e7fe316b5bfc3e9d65e1a6,3d32cd2ea5d156046c3863ade23183c25877a9e6f329d4f3009e99bcfd5d71ae,,False,,,query_not_approved
T-C2:C_en_context,T-C2,bm25,huggingface/transformers,C_raw,ok,C_en_context,condition_sensitive,False,False,7eb48ab75a68688a12748a65c2f6860228428b1175e7fe316b5bfc3e9d65e1a6,3d32cd2ea5d156046c3863ade23183c25877a9e6f329d4f3009e99bcfd5d71ae,,False,,,query_not_approved
T-C2:C_en_context,T-C2,hybrid,huggingface/transformers,C_bug,ok,C_en_context,condition_sensitive,False,False,7eb48ab75a68688a12748a65c2f6860228428b1175e7fe316b5bfc3e9d65e1a6,3d32cd2ea5d156046c3863ade23183c25877a9e6f329d4f3009e99bcfd5d71ae,,False,,,query_not_approved
T-C2:C_en_context,T-C2,semantic,huggingface/transformers,C_bug,ok,C_en_context,condition_sensitive,False,False,7eb48ab75a68688a12748a65c2f6860228428b1175e7fe316b5bfc3e9d65e1a6,3d32cd2ea5d156046c3863ade23183c25877a9e6f329d4f3009e99bcfd5d71ae,,False,,,query_not_approved
T-C2:C_en_context,T-C2,bm25,huggingface/transformers,C_bug,ok,C_en_context,condition_sensitive,False,False,7eb48ab75a68688a12748a65c2f6860228428b1175e7fe316b5bfc3e9d65e1a6,3d32cd2ea5d156046c3863ade23183c25877a9e6f329d4f3009e99bcfd5d71ae,,False,,,query_not_approved
