method,scope,variant,repository,stratum,planned_n,approved_n,pool_complete_n,execution_error_n,comparison_n,common_query_ids_hash,hit_at_5,ndcg_n,pooled_ndcg_at_5,known_positive_n,hit_at_5_known_available,pool_version,qrels_version,reason
bm25,C_bug,A_ko_symptom,ALL,ALL,12,0,0,0,0,4f53cda18c2baa0c0354bb5f9a3ecbe5ed12ab4d8e11ba873c2f11161202b945,,0,,0,,7eb48ab75a68688a12748a65c2f6860228428b1175e7fe316b5bfc3e9d65e1a6,3d32cd2ea5d156046c3863ade23183c25877a9e6f329d4f3009e99bcfd5d71ae,no_common_completed_queries
bm25,C_bug,A_ko_symptom,huggingface/transformers,ALL,6,0,0,0,0,4f53cda18c2baa0c0354bb5f9a3ecbe5ed12ab4d8e11ba873c2f11161202b945,,0,,0,,7eb48ab75a68688a12748a65c2f6860228428b1175e7fe316b5bfc3e9d65e1a6,3d32cd2ea5d156046c3863ade23183c25877a9e6f329d4f3009e99bcfd5d71ae,no_common_completed_queries
bm25,C_bug,A_ko_symptom,huggingface/transformers,condition_sensitive,2,0,0,0,0,4f53cda18c2baa0c0354bb5f9a3ecbe5ed12ab4d8e11ba873c2f11161202b945,,0,,0,,7eb48ab75a68688a12748a65c2f6860228428b1175e7fe316b5bfc3e9d65e1a6,3d32cd2ea5d156046c3863ade23183c25877a9e6f329d4f3009e99bcfd5d71ae,no_common_completed_queries
bm25,C_bug,A_ko_symptom,huggingface/transformers,error_literal,2,0,0,0,0,4f53cda18c2baa0c0354bb5f9a3ecbe5ed12ab4d8e11ba873c2f11161202b945,,0,,0,,7eb48ab75a68688a12748a65c2f6860228428b1175e7fe316b5bfc3e9d65e1a6,3d32cd2ea5d156046c3863ade23183c25877a9e6f329d4f3009e99bcfd5d71ae,no_common_completed_queries
bm25,C_bug,A_ko_symptom,huggingface/transformers,symptom_without_error,2,0,0,0,0,4f53cda18c2baa0c0354bb5f9a3ecbe5ed12ab4d8e11ba873c2f11161202b945,,0,,0,,7eb48ab75a68688a12748a65c2f6860228428b1175e7fe316b5bfc3e9d65e1a6,3d32cd2ea5d156046c3863ade23183c25877a9e6f329d4f3009e99bcfd5d71ae,no_common_completed_queries
bm25,C_bug,A_ko_symptom,opencv/opencv,ALL,6,0,0,0,0,4f53cda18c2baa0c0354bb5f9a3ecbe5ed12ab4d8e11ba873c2f11161202b945,,0,,0,,7eb48ab75a68688a12748a65c2f6860228428b1175e7fe316b5bfc3e9d65e1a6,3d32cd2ea5d156046c3863ade23183c25877a9e6f329d4f3009e99bcfd5d71ae,no_common_completed_queries
bm25,C_bug,A_ko_symptom,opencv/opencv,condition_sensitive,2,0,0,0,0,4f53cda18c2baa0c0354bb5f9a3ecbe5ed12ab4d8e11ba873c2f11161202b945,,0,,0,,7eb48ab75a68688a12748a65c2f6860228428b1175e7fe316b5bfc3e9d65e1a6,3d32cd2ea5d156046c3863ade23183c25877a9e6f329d4f3009e99bcfd5d71ae,no_common_completed_queries
bm25,C_bug,A_ko_symptom,opencv/opencv,error_literal,2,0,0,0,0,4f53cda18c2baa0c0354bb5f9a3ecbe5ed12ab4d8e11ba873c2f11161202b945,,0,,0,,7eb48ab75a68688a12748a65c2f6860228428b1175e7fe316b5bfc3e9d65e1a6,3d32cd2ea5d156046c3863ade23183c25877a9e6f329d4f3009e99bcfd5d71ae,no_common_completed_queries
bm25,C_bug,A_ko_symptom,opencv/opencv,symptom_without_error,2,0,0,0,0,4f53cda18c2baa0c0354bb5f9a3ecbe5ed12ab4d8e11ba873c2f11161202b945,,0,,0,,7eb48ab75a68688a12748a65c2f6860228428b1175e7fe316b5bfc3e9d65e1a6,3d32cd2ea5d156046c3863ade23183c25877a9e6f329d4f3009e99bcfd5d71ae,no_common_completed_queries
bm25,C_bug,B_ko_context,ALL,ALL,12,0,0,0,0,4f53cda18c2baa0c0354bb5f9a3ecbe5ed12ab4d8e11ba873c2f11161202b945,,0,,0,,7eb48ab75a68688a12748a65c2f6860228428b1175e7fe316b5bfc3e9d65e1a6,3d32cd2ea5d156046c3863ade23183c25877a9e6f329d4f3009e99bcfd5d71ae,no_common_completed_queries
bm25,C_bug,B_ko_context,huggingface/transformers,ALL,6,0,0,0,0,4f53cda18c2baa0c0354bb5f9a3ecbe5ed12ab4d8e11ba873c2f11161202b945,,0,,0,,7eb48ab75a68688a12748a65c2f6860228428b1175e7fe316b5bfc3e9d65e1a6,3d32cd2ea5d156046c3863ade23183c25877a9e6f329d4f3009e99bcfd5d71ae,no_common_completed_queries
bm25,C_bug,B_ko_context,huggingface/transformers,condition_sensitive,2,0,0,0,0,4f53cda18c2baa0c0354bb5f9a3ecbe5ed12ab4d8e11ba873c2f11161202b945,,0,,0,,7eb48ab75a68688a12748a65c2f6860228428b1175e7fe316b5bfc3e9d65e1a6,3d32cd2ea5d156046c3863ade23183c25877a9e6f329d4f3009e99bcfd5d71ae,no_common_completed_queries
bm25,C_bug,B_ko_context,huggingface/transformers,error_literal,2,0,0,0,0,4f53cda18c2baa0c0354bb5f9a3ecbe5ed12ab4d8e11ba873c2f11161202b945,,0,,0,,7eb48ab75a68688a12748a65c2f6860228428b1175e7fe316b5bfc3e9d65e1a6,3d32cd2ea5d156046c3863ade23183c25877a9e6f329d4f3009e99bcfd5d71ae,no_common_completed_queries
bm25,C_bug,B_ko_context,huggingface/transformers,symptom_without_error,2,0,0,0,0,4f53cda18c2baa0c0354bb5f9a3ecbe5ed12ab4d8e11ba873c2f11161202b945,,0,,0,,7eb48ab75a68688a12748a65c2f6860228428b1175e7fe316b5bfc3e9d65e1a6,3d32cd2ea5d156046c3863ade23183c25877a9e6f329d4f3009e99bcfd5d71ae,no_common_completed_queries
bm25,C_bug,B_ko_context,opencv/opencv,ALL,6,0,0,0,0,4f53cda18c2baa0c0354bb5f9a3ecbe5ed12ab4d8e11ba873c2f11161202b945,,0,,0,,7eb48ab75a68688a12748a65c2f6860228428b1175e7fe316b5bfc3e9d65e1a6,3d32cd2ea5d156046c3863ade23183c25877a9e6f329d4f3009e99bcfd5d71ae,no_common_completed_queries
bm25,C_bug,B_ko_context,opencv/opencv,condition_sensitive,2,0,0,0,0,4f53cda18c2baa0c0354bb5f9a3ecbe5ed12ab4d8e11ba873c2f11161202b945,,0,,0,,7eb48ab75a68688a12748a65c2f6860228428b1175e7fe316b5bfc3e9d65e1a6,3d32cd2ea5d156046c3863ade23183c25877a9e6f329d4f3009e99bcfd5d71ae,no_common_completed_queries
bm25,C_bug,B_ko_context,opencv/opencv,error_literal,2,0,0,0,0,4f53cda18c2baa0c0354bb5f9a3ecbe5ed12ab4d8e11ba873c2f11161202b945,,0,,0,,7eb48ab75a68688a12748a65c2f6860228428b1175e7fe316b5bfc3e9d65e1a6,3d32cd2ea5d156046c3863ade23183c25877a9e6f329d4f3009e99bcfd5d71ae,no_common_completed_queries
bm25,C_bug,B_ko_context,opencv/opencv,symptom_without_error,2,0,0,0,0,4f53cda18c2baa0c0354bb5f9a3ecbe5ed12ab4d8e11ba873c2f11161202b945,,0,,0,,7eb48ab75a68688a12748a65c2f6860228428b1175e7fe316b5bfc3e9d65e1a6,3d32cd2ea5d156046c3863ade23183c25877a9e6f329d4f3009e99bcfd5d71ae,no_common_completed_queries
bm25,C_bug,C_en_context,ALL,ALL,12,0,0,0,0,4f53cda18c2baa0c0354bb5f9a3ecbe5ed12ab4d8e11ba873c2f11161202b945,,0,,0,,7eb48ab75a68688a12748a65c2f6860228428b1175e7fe316b5bfc3e9d65e1a6,3d32cd2ea5d156046c3863ade23183c25877a9e6f329d4f3009e99bcfd5d71ae,no_common_completed_queries
bm25,C_bug,C_en_context,huggingface/transformers,ALL,6,0,0,0,0,4f53cda18c2baa0c0354bb5f9a3ecbe5ed12ab4d8e11ba873c2f11161202b945,,0,,0,,7eb48ab75a68688a12748a65c2f6860228428b1175e7fe316b5bfc3e9d65e1a6,3d32cd2ea5d156046c3863ade23183c25877a9e6f329d4f3009e99bcfd5d71ae,no_common_completed_queries
bm25,C_bug,C_en_context,huggingface/transformers,condition_sensitive,2,0,0,0,0,4f53cda18c2baa0c0354bb5f9a3ecbe5ed12ab4d8e11ba873c2f11161202b945,,0,,0,,7eb48ab75a68688a12748a65c2f6860228428b1175e7fe316b5bfc3e9d65e1a6,3d32cd2ea5d156046c3863ade23183c25877a9e6f329d4f3009e99bcfd5d71ae,no_common_completed_queries
bm25,C_bug,C_en_context,huggingface/transformers,error_literal,2,0,0,0,0,4f53cda18c2baa0c0354bb5f9a3ecbe5ed12ab4d8e11ba873c2f11161202b945,,0,,0,,7eb48ab75a68688a12748a65c2f6860228428b1175e7fe316b5bfc3e9d65e1a6,3d32cd2ea5d156046c3863ade23183c25877a9e6f329d4f3009e99bcfd5d71ae,no_common_completed_queries
bm25,C_bug,C_en_context,huggingface/transformers,symptom_without_error,2,0,0,0,0,4f53cda18c2baa0c0354bb5f9a3ecbe5ed12ab4d8e11ba873c2f11161202b945,,0,,0,,7eb48ab75a68688a12748a65c2f6860228428b1175e7fe316b5bfc3e9d65e1a6,3d32cd2ea5d156046c3863ade23183c25877a9e6f329d4f3009e99bcfd5d71ae,no_common_completed_queries
bm25,C_bug,C_en_context,opencv/opencv,ALL,6,0,0,0,0,4f53cda18c2baa0c0354bb5f9a3ecbe5ed12ab4d8e11ba873c2f11161202b945,,0,,0,,7eb48ab75a68688a12748a65c2f6860228428b1175e7fe316b5bfc3e9d65e1a6,3d32cd2ea5d156046c3863ade23183c25877a9e6f329d4f3009e99bcfd5d71ae,no_common_completed_queries
bm25,C_bug,C_en_context,opencv/opencv,condition_sensitive,2,0,0,0,0,4f53cda18c2baa0c0354bb5f9a3ecbe5ed12ab4d8e11ba873c2f11161202b945,,0,,0,,7eb48ab75a68688a12748a65c2f6860228428b1175e7fe316b5bfc3e9d65e1a6,3d32cd2ea5d156046c3863ade23183c25877a9e6f329d4f3009e99bcfd5d71ae,no_common_completed_queries
bm25,C_bug,C_en_context,opencv/opencv,error_literal,2,0,0,0,0,4f53cda18c2baa0c0354bb5f9a3ecbe5ed12ab4d8e11ba873c2f11161202b945,,0,,0,,7eb48ab75a68688a12748a65c2f6860228428b1175e7fe316b5bfc3e9d65e1a6,3d32cd2ea5d156046c3863ade23183c25877a9e6f329d4f3009e99bcfd5d71ae,no_common_completed_queries
bm25,C_bug,C_en_context,opencv/opencv,symptom_without_error,2,0,0,0,0,4f53cda18c2baa0c0354bb5f9a3ecbe5ed12ab4d8e11ba873c2f11161202b945,,0,,0,,7eb48ab75a68688a12748a65c2f6860228428b1175e7fe316b5bfc3e9d65e1a6,3d32cd2ea5d156046c3863ade23183c25877a9e6f329d4f3009e99bcfd5d71ae,no_common_completed_queries
bm25,C_raw,A_ko_symptom,ALL,ALL,12,0,0,0,0,4f53cda18c2baa0c0354bb5f9a3ecbe5ed12ab4d8e11ba873c2f11161202b945,,0,,0,,7eb48ab75a68688a12748a65c2f6860228428b1175e7fe316b5bfc3e9d65e1a6,3d32cd2ea5d156046c3863ade23183c25877a9e6f329d4f3009e99bcfd5d71ae,no_common_completed_queries
bm25,C_raw,A_ko_symptom,huggingface/transformers,ALL,6,0,0,0,0,4f53cda18c2baa0c0354bb5f9a3ecbe5ed12ab4d8e11ba873c2f11161202b945,,0,,0,,7eb48ab75a68688a12748a65c2f6860228428b1175e7fe316b5bfc3e9d65e1a6,3d32cd2ea5d156046c3863ade23183c25877a9e6f329d4f3009e99bcfd5d71ae,no_common_completed_queries
bm25,C_raw,A_ko_symptom,huggingface/transformers,condition_sensitive,2,0,0,0,0,4f53cda18c2baa0c0354bb5f9a3ecbe5ed12ab4d8e11ba873c2f11161202b945,,0,,0,,7eb48ab75a68688a12748a65c2f6860228428b1175e7fe316b5bfc3e9d65e1a6,3d32cd2ea5d156046c3863ade23183c25877a9e6f329d4f3009e99bcfd5d71ae,no_common_completed_queries
bm25,C_raw,A_ko_symptom,huggingface/transformers,error_literal,2,0,0,0,0,4f53cda18c2baa0c0354bb5f9a3ecbe5ed12ab4d8e11ba873c2f11161202b945,,0,,0,,7eb48ab75a68688a12748a65c2f6860228428b1175e7fe316b5bfc3e9d65e1a6,3d32cd2ea5d156046c3863ade23183c25877a9e6f329d4f3009e99bcfd5d71ae,no_common_completed_queries
bm25,C_raw,A_ko_symptom,huggingface/transformers,symptom_without_error,2,0,0,0,0,4f53cda18c2baa0c0354bb5f9a3ecbe5ed12ab4d8e11ba873c2f11161202b945,,0,,0,,7eb48ab75a68688a12748a65c2f6860228428b1175e7fe316b5bfc3e9d65e1a6,3d32cd2ea5d156046c3863ade23183c25877a9e6f329d4f3009e99bcfd5d71ae,no_common_completed_queries
bm25,C_raw,A_ko_symptom,opencv/opencv,ALL,6,0,0,0,0,4f53cda18c2baa0c0354bb5f9a3ecbe5ed12ab4d8e11ba873c2f11161202b945,,0,,0,,7eb48ab75a68688a12748a65c2f6860228428b1175e7fe316b5bfc3e9d65e1a6,3d32cd2ea5d156046c3863ade23183c25877a9e6f329d4f3009e99bcfd5d71ae,no_common_completed_queries
bm25,C_raw,A_ko_symptom,opencv/opencv,condition_sensitive,2,0,0,0,0,4f53cda18c2baa0c0354bb5f9a3ecbe5ed12ab4d8e11ba873c2f11161202b945,,0,,0,,7eb48ab75a68688a12748a65c2f6860228428b1175e7fe316b5bfc3e9d65e1a6,3d32cd2ea5d156046c3863ade23183c25877a9e6f329d4f3009e99bcfd5d71ae,no_common_completed_queries
bm25,C_raw,A_ko_symptom,opencv/opencv,error_literal,2,0,0,0,0,4f53cda18c2baa0c0354bb5f9a3ecbe5ed12ab4d8e11ba873c2f11161202b945,,0,,0,,7eb48ab75a68688a12748a65c2f6860228428b1175e7fe316b5bfc3e9d65e1a6,3d32cd2ea5d156046c3863ade23183c25877a9e6f329d4f3009e99bcfd5d71ae,no_common_completed_queries
bm25,C_raw,A_ko_symptom,opencv/opencv,symptom_without_error,2,0,0,0,0,4f53cda18c2baa0c0354bb5f9a3ecbe5ed12ab4d8e11ba873c2f11161202b945,,0,,0,,7eb48ab75a68688a12748a65c2f6860228428b1175e7fe316b5bfc3e9d65e1a6,3d32cd2ea5d156046c3863ade23183c25877a9e6f329d4f3009e99bcfd5d71ae,no_common_completed_queries
bm25,C_raw,B_ko_context,ALL,ALL,12,0,0,0,0,4f53cda18c2baa0c0354bb5f9a3ecbe5ed12ab4d8e11ba873c2f11161202b945,,0,,0,,7eb48ab75a68688a12748a65c2f6860228428b1175e7fe316b5bfc3e9d65e1a6,3d32cd2ea5d156046c3863ade23183c25877a9e6f329d4f3009e99bcfd5d71ae,no_common_completed_queries
bm25,C_raw,B_ko_context,huggingface/transformers,ALL,6,0,0,0,0,4f53cda18c2baa0c0354bb5f9a3ecbe5ed12ab4d8e11ba873c2f11161202b945,,0,,0,,7eb48ab75a68688a12748a65c2f6860228428b1175e7fe316b5bfc3e9d65e1a6,3d32cd2ea5d156046c3863ade23183c25877a9e6f329d4f3009e99bcfd5d71ae,no_common_completed_queries
bm25,C_raw,B_ko_context,huggingface/transformers,condition_sensitive,2,0,0,0,0,4f53cda18c2baa0c0354bb5f9a3ecbe5ed12ab4d8e11ba873c2f11161202b945,,0,,0,,7eb48ab75a68688a12748a65c2f6860228428b1175e7fe316b5bfc3e9d65e1a6,3d32cd2ea5d156046c3863ade23183c25877a9e6f329d4f3009e99bcfd5d71ae,no_common_completed_queries
bm25,C_raw,B_ko_context,huggingface/transformers,error_literal,2,0,0,0,0,4f53cda18c2baa0c0354bb5f9a3ecbe5ed12ab4d8e11ba873c2f11161202b945,,0,,0,,7eb48ab75a68688a12748a65c2f6860228428b1175e7fe316b5bfc3e9d65e1a6,3d32cd2ea5d156046c3863ade23183c25877a9e6f329d4f3009e99bcfd5d71ae,no_common_completed_queries
bm25,C_raw,B_ko_context,huggingface/transformers,symptom_without_error,2,0,0,0,0,4f53cda18c2baa0c0354bb5f9a3ecbe5ed12ab4d8e11ba873c2f11161202b945,,0,,0,,7eb48ab75a68688a12748a65c2f6860228428b1175e7fe316b5bfc3e9d65e1a6,3d32cd2ea5d156046c3863ade23183c25877a9e6f329d4f3009e99bcfd5d71ae,no_common_completed_queries
bm25,C_raw,B_ko_context,opencv/opencv,ALL,6,0,0,0,0,4f53cda18c2baa0c0354bb5f9a3ecbe5ed12ab4d8e11ba873c2f11161202b945,,0,,0,,7eb48ab75a68688a12748a65c2f6860228428b1175e7fe316b5bfc3e9d65e1a6,3d32cd2ea5d156046c3863ade23183c25877a9e6f329d4f3009e99bcfd5d71ae,no_common_completed_queries
bm25,C_raw,B_ko_context,opencv/opencv,condition_sensitive,2,0,0,0,0,4f53cda18c2baa0c0354bb5f9a3ecbe5ed12ab4d8e11ba873c2f11161202b945,,0,,0,,7eb48ab75a68688a12748a65c2f6860228428b1175e7fe316b5bfc3e9d65e1a6,3d32cd2ea5d156046c3863ade23183c25877a9e6f329d4f3009e99bcfd5d71ae,no_common_completed_queries
bm25,C_raw,B_ko_context,opencv/opencv,error_literal,2,0,0,0,0,4f53cda18c2baa0c0354bb5f9a3ecbe5ed12ab4d8e11ba873c2f11161202b945,,0,,0,,7eb48ab75a68688a12748a65c2f6860228428b1175e7fe316b5bfc3e9d65e1a6,3d32cd2ea5d156046c3863ade23183c25877a9e6f329d4f3009e99bcfd5d71ae,no_common_completed_queries
bm25,C_raw,B_ko_context,opencv/opencv,symptom_without_error,2,0,0,0,0,4f53cda18c2baa0c0354bb5f9a3ecbe5ed12ab4d8e11ba873c2f11161202b945,,0,,0,,7eb48ab75a68688a12748a65c2f6860228428b1175e7fe316b5bfc3e9d65e1a6,3d32cd2ea5d156046c3863ade23183c25877a9e6f329d4f3009e99bcfd5d71ae,no_common_completed_queries
bm25,C_raw,C_en_context,ALL,ALL,12,0,0,0,0,4f53cda18c2baa0c0354bb5f9a3ecbe5ed12ab4d8e11ba873c2f11161202b945,,0,,0,,7eb48ab75a68688a12748a65c2f6860228428b1175e7fe316b5bfc3e9d65e1a6,3d32cd2ea5d156046c3863ade23183c25877a9e6f329d4f3009e99bcfd5d71ae,no_common_completed_queries
bm25,C_raw,C_en_context,huggingface/transformers,ALL,6,0,0,0,0,4f53cda18c2baa0c0354bb5f9a3ecbe5ed12ab4d8e11ba873c2f11161202b945,,0,,0,,7eb48ab75a68688a12748a65c2f6860228428b1175e7fe316b5bfc3e9d65e1a6,3d32cd2ea5d156046c3863ade23183c25877a9e6f329d4f3009e99bcfd5d71ae,no_common_completed_queries
bm25,C_raw,C_en_context,huggingface/transformers,condition_sensitive,2,0,0,0,0,4f53cda18c2baa0c0354bb5f9a3ecbe5ed12ab4d8e11ba873c2f11161202b945,,0,,0,,7eb48ab75a68688a12748a65c2f6860228428b1175e7fe316b5bfc3e9d65e1a6,3d32cd2ea5d156046c3863ade23183c25877a9e6f329d4f3009e99bcfd5d71ae,no_common_completed_queries
bm25,C_raw,C_en_context,huggingface/transformers,error_literal,2,0,0,0,0,4f53cda18c2baa0c0354bb5f9a3ecbe5ed12ab4d8e11ba873c2f11161202b945,,0,,0,,7eb48ab75a68688a12748a65c2f6860228428b1175e7fe316b5bfc3e9d65e1a6,3d32cd2ea5d156046c3863ade23183c25877a9e6f329d4f3009e99bcfd5d71ae,no_common_completed_queries
bm25,C_raw,C_en_context,huggingface/transformers,symptom_without_error,2,0,0,0,0,4f53cda18c2baa0c0354bb5f9a3ecbe5ed12ab4d8e11ba873c2f11161202b945,,0,,0,,7eb48ab75a68688a12748a65c2f6860228428b1175e7fe316b5bfc3e9d65e1a6,3d32cd2ea5d156046c3863ade23183c25877a9e6f329d4f3009e99bcfd5d71ae,no_common_completed_queries
bm25,C_raw,C_en_context,opencv/opencv,ALL,6,0,0,0,0,4f53cda18c2baa0c0354bb5f9a3ecbe5ed12ab4d8e11ba873c2f11161202b945,,0,,0,,7eb48ab75a68688a12748a65c2f6860228428b1175e7fe316b5bfc3e9d65e1a6,3d32cd2ea5d156046c3863ade23183c25877a9e6f329d4f3009e99bcfd5d71ae,no_common_completed_queries
bm25,C_raw,C_en_context,opencv/opencv,condition_sensitive,2,0,0,0,0,4f53cda18c2baa0c0354bb5f9a3ecbe5ed12ab4d8e11ba873c2f11161202b945,,0,,0,,7eb48ab75a68688a12748a65c2f6860228428b1175e7fe316b5bfc3e9d65e1a6,3d32cd2ea5d156046c3863ade23183c25877a9e6f329d4f3009e99bcfd5d71ae,no_common_completed_queries
bm25,C_raw,C_en_context,opencv/opencv,error_literal,2,0,0,0,0,4f53cda18c2baa0c0354bb5f9a3ecbe5ed12ab4d8e11ba873c2f11161202b945,,0,,0,,7eb48ab75a68688a12748a65c2f6860228428b1175e7fe316b5bfc3e9d65e1a6,3d32cd2ea5d156046c3863ade23183c25877a9e6f329d4f3009e99bcfd5d71ae,no_common_completed_queries
bm25,C_raw,C_en_context,opencv/opencv,symptom_without_error,2,0,0,0,0,4f53cda18c2baa0c0354bb5f9a3ecbe5ed12ab4d8e11ba873c2f11161202b945,,0,,0,,7eb48ab75a68688a12748a65c2f6860228428b1175e7fe316b5bfc3e9d65e1a6,3d32cd2ea5d156046c3863ade23183c25877a9e6f329d4f3009e99bcfd5d71ae,no_common_completed_queries
hybrid,C_bug,A_ko_symptom,ALL,ALL,12,0,0,0,0,4f53cda18c2baa0c0354bb5f9a3ecbe5ed12ab4d8e11ba873c2f11161202b945,,0,,0,,7eb48ab75a68688a12748a65c2f6860228428b1175e7fe316b5bfc3e9d65e1a6,3d32cd2ea5d156046c3863ade23183c25877a9e6f329d4f3009e99bcfd5d71ae,no_common_completed_queries
hybrid,C_bug,A_ko_symptom,huggingface/transformers,ALL,6,0,0,0,0,4f53cda18c2baa0c0354bb5f9a3ecbe5ed12ab4d8e11ba873c2f11161202b945,,0,,0,,7eb48ab75a68688a12748a65c2f6860228428b1175e7fe316b5bfc3e9d65e1a6,3d32cd2ea5d156046c3863ade23183c25877a9e6f329d4f3009e99bcfd5d71ae,no_common_completed_queries
hybrid,C_bug,A_ko_symptom,huggingface/transformers,condition_sensitive,2,0,0,0,0,4f53cda18c2baa0c0354bb5f9a3ecbe5ed12ab4d8e11ba873c2f11161202b945,,0,,0,,7eb48ab75a68688a12748a65c2f6860228428b1175e7fe316b5bfc3e9d65e1a6,3d32cd2ea5d156046c3863ade23183c25877a9e6f329d4f3009e99bcfd5d71ae,no_common_completed_queries
hybrid,C_bug,A_ko_symptom,huggingface/transformers,error_literal,2,0,0,0,0,4f53cda18c2baa0c0354bb5f9a3ecbe5ed12ab4d8e11ba873c2f11161202b945,,0,,0,,7eb48ab75a68688a12748a65c2f6860228428b1175e7fe316b5bfc3e9d65e1a6,3d32cd2ea5d156046c3863ade23183c25877a9e6f329d4f3009e99bcfd5d71ae,no_common_completed_queries
hybrid,C_bug,A_ko_symptom,huggingface/transformers,symptom_without_error,2,0,0,0,0,4f53cda18c2baa0c0354bb5f9a3ecbe5ed12ab4d8e11ba873c2f11161202b945,,0,,0,,7eb48ab75a68688a12748a65c2f6860228428b1175e7fe316b5bfc3e9d65e1a6,3d32cd2ea5d156046c3863ade23183c25877a9e6f329d4f3009e99bcfd5d71ae,no_common_completed_queries
hybrid,C_bug,A_ko_symptom,opencv/opencv,ALL,6,0,0,0,0,4f53cda18c2baa0c0354bb5f9a3ecbe5ed12ab4d8e11ba873c2f11161202b945,,0,,0,,7eb48ab75a68688a12748a65c2f6860228428b1175e7fe316b5bfc3e9d65e1a6,3d32cd2ea5d156046c3863ade23183c25877a9e6f329d4f3009e99bcfd5d71ae,no_common_completed_queries
hybrid,C_bug,A_ko_symptom,opencv/opencv,condition_sensitive,2,0,0,0,0,4f53cda18c2baa0c0354bb5f9a3ecbe5ed12ab4d8e11ba873c2f11161202b945,,0,,0,,7eb48ab75a68688a12748a65c2f6860228428b1175e7fe316b5bfc3e9d65e1a6,3d32cd2ea5d156046c3863ade23183c25877a9e6f329d4f3009e99bcfd5d71ae,no_common_completed_queries
hybrid,C_bug,A_ko_symptom,opencv/opencv,error_literal,2,0,0,0,0,4f53cda18c2baa0c0354bb5f9a3ecbe5ed12ab4d8e11ba873c2f11161202b945,,0,,0,,7eb48ab75a68688a12748a65c2f6860228428b1175e7fe316b5bfc3e9d65e1a6,3d32cd2ea5d156046c3863ade23183c25877a9e6f329d4f3009e99bcfd5d71ae,no_common_completed_queries
hybrid,C_bug,A_ko_symptom,opencv/opencv,symptom_without_error,2,0,0,0,0,4f53cda18c2baa0c0354bb5f9a3ecbe5ed12ab4d8e11ba873c2f11161202b945,,0,,0,,7eb48ab75a68688a12748a65c2f6860228428b1175e7fe316b5bfc3e9d65e1a6,3d32cd2ea5d156046c3863ade23183c25877a9e6f329d4f3009e99bcfd5d71ae,no_common_completed_queries
hybrid,C_bug,B_ko_context,ALL,ALL,12,0,0,0,0,4f53cda18c2baa0c0354bb5f9a3ecbe5ed12ab4d8e11ba873c2f11161202b945,,0,,0,,7eb48ab75a68688a12748a65c2f6860228428b1175e7fe316b5bfc3e9d65e1a6,3d32cd2ea5d156046c3863ade23183c25877a9e6f329d4f3009e99bcfd5d71ae,no_common_completed_queries
hybrid,C_bug,B_ko_context,huggingface/transformers,ALL,6,0,0,0,0,4f53cda18c2baa0c0354bb5f9a3ecbe5ed12ab4d8e11ba873c2f11161202b945,,0,,0,,7eb48ab75a68688a12748a65c2f6860228428b1175e7fe316b5bfc3e9d65e1a6,3d32cd2ea5d156046c3863ade23183c25877a9e6f329d4f3009e99bcfd5d71ae,no_common_completed_queries
hybrid,C_bug,B_ko_context,huggingface/transformers,condition_sensitive,2,0,0,0,0,4f53cda18c2baa0c0354bb5f9a3ecbe5ed12ab4d8e11ba873c2f11161202b945,,0,,0,,7eb48ab75a68688a12748a65c2f6860228428b1175e7fe316b5bfc3e9d65e1a6,3d32cd2ea5d156046c3863ade23183c25877a9e6f329d4f3009e99bcfd5d71ae,no_common_completed_queries
hybrid,C_bug,B_ko_context,huggingface/transformers,error_literal,2,0,0,0,0,4f53cda18c2baa0c0354bb5f9a3ecbe5ed12ab4d8e11ba873c2f11161202b945,,0,,0,,7eb48ab75a68688a12748a65c2f6860228428b1175e7fe316b5bfc3e9d65e1a6,3d32cd2ea5d156046c3863ade23183c25877a9e6f329d4f3009e99bcfd5d71ae,no_common_completed_queries
hybrid,C_bug,B_ko_context,huggingface/transformers,symptom_without_error,2,0,0,0,0,4f53cda18c2baa0c0354bb5f9a3ecbe5ed12ab4d8e11ba873c2f11161202b945,,0,,0,,7eb48ab75a68688a12748a65c2f6860228428b1175e7fe316b5bfc3e9d65e1a6,3d32cd2ea5d156046c3863ade23183c25877a9e6f329d4f3009e99bcfd5d71ae,no_common_completed_queries
hybrid,C_bug,B_ko_context,opencv/opencv,ALL,6,0,0,0,0,4f53cda18c2baa0c0354bb5f9a3ecbe5ed12ab4d8e11ba873c2f11161202b945,,0,,0,,7eb48ab75a68688a12748a65c2f6860228428b1175e7fe316b5bfc3e9d65e1a6,3d32cd2ea5d156046c3863ade23183c25877a9e6f329d4f3009e99bcfd5d71ae,no_common_completed_queries
hybrid,C_bug,B_ko_context,opencv/opencv,condition_sensitive,2,0,0,0,0,4f53cda18c2baa0c0354bb5f9a3ecbe5ed12ab4d8e11ba873c2f11161202b945,,0,,0,,7eb48ab75a68688a12748a65c2f6860228428b1175e7fe316b5bfc3e9d65e1a6,3d32cd2ea5d156046c3863ade23183c25877a9e6f329d4f3009e99bcfd5d71ae,no_common_completed_queries
hybrid,C_bug,B_ko_context,opencv/opencv,error_literal,2,0,0,0,0,4f53cda18c2baa0c0354bb5f9a3ecbe5ed12ab4d8e11ba873c2f11161202b945,,0,,0,,7eb48ab75a68688a12748a65c2f6860228428b1175e7fe316b5bfc3e9d65e1a6,3d32cd2ea5d156046c3863ade23183c25877a9e6f329d4f3009e99bcfd5d71ae,no_common_completed_queries
hybrid,C_bug,B_ko_context,opencv/opencv,symptom_without_error,2,0,0,0,0,4f53cda18c2baa0c0354bb5f9a3ecbe5ed12ab4d8e11ba873c2f11161202b945,,0,,0,,7eb48ab75a68688a12748a65c2f6860228428b1175e7fe316b5bfc3e9d65e1a6,3d32cd2ea5d156046c3863ade23183c25877a9e6f329d4f3009e99bcfd5d71ae,no_common_completed_queries
hybrid,C_bug,C_en_context,ALL,ALL,12,0,0,0,0,4f53cda18c2baa0c0354bb5f9a3ecbe5ed12ab4d8e11ba873c2f11161202b945,,0,,0,,7eb48ab75a68688a12748a65c2f6860228428b1175e7fe316b5bfc3e9d65e1a6,3d32cd2ea5d156046c3863ade23183c25877a9e6f329d4f3009e99bcfd5d71ae,no_common_completed_queries
hybrid,C_bug,C_en_context,huggingface/transformers,ALL,6,0,0,0,0,4f53cda18c2baa0c0354bb5f9a3ecbe5ed12ab4d8e11ba873c2f11161202b945,,0,,0,,7eb48ab75a68688a12748a65c2f6860228428b1175e7fe316b5bfc3e9d65e1a6,3d32cd2ea5d156046c3863ade23183c25877a9e6f329d4f3009e99bcfd5d71ae,no_common_completed_queries
hybrid,C_bug,C_en_context,huggingface/transformers,condition_sensitive,2,0,0,0,0,4f53cda18c2baa0c0354bb5f9a3ecbe5ed12ab4d8e11ba873c2f11161202b945,,0,,0,,7eb48ab75a68688a12748a65c2f6860228428b1175e7fe316b5bfc3e9d65e1a6,3d32cd2ea5d156046c3863ade23183c25877a9e6f329d4f3009e99bcfd5d71ae,no_common_completed_queries
hybrid,C_bug,C_en_context,huggingface/transformers,error_literal,2,0,0,0,0,4f53cda18c2baa0c0354bb5f9a3ecbe5ed12ab4d8e11ba873c2f11161202b945,,0,,0,,7eb48ab75a68688a12748a65c2f6860228428b1175e7fe316b5bfc3e9d65e1a6,3d32cd2ea5d156046c3863ade23183c25877a9e6f329d4f3009e99bcfd5d71ae,no_common_completed_queries
hybrid,C_bug,C_en_context,huggingface/transformers,symptom_without_error,2,0,0,0,0,4f53cda18c2baa0c0354bb5f9a3ecbe5ed12ab4d8e11ba873c2f11161202b945,,0,,0,,7eb48ab75a68688a12748a65c2f6860228428b1175e7fe316b5bfc3e9d65e1a6,3d32cd2ea5d156046c3863ade23183c25877a9e6f329d4f3009e99bcfd5d71ae,no_common_completed_queries
hybrid,C_bug,C_en_context,opencv/opencv,ALL,6,0,0,0,0,4f53cda18c2baa0c0354bb5f9a3ecbe5ed12ab4d8e11ba873c2f11161202b945,,0,,0,,7eb48ab75a68688a12748a65c2f6860228428b1175e7fe316b5bfc3e9d65e1a6,3d32cd2ea5d156046c3863ade23183c25877a9e6f329d4f3009e99bcfd5d71ae,no_common_completed_queries
hybrid,C_bug,C_en_context,opencv/opencv,condition_sensitive,2,0,0,0,0,4f53cda18c2baa0c0354bb5f9a3ecbe5ed12ab4d8e11ba873c2f11161202b945,,0,,0,,7eb48ab75a68688a12748a65c2f6860228428b1175e7fe316b5bfc3e9d65e1a6,3d32cd2ea5d156046c3863ade23183c25877a9e6f329d4f3009e99bcfd5d71ae,no_common_completed_queries
hybrid,C_bug,C_en_context,opencv/opencv,error_literal,2,0,0,0,0,4f53cda18c2baa0c0354bb5f9a3ecbe5ed12ab4d8e11ba873c2f11161202b945,,0,,0,,7eb48ab75a68688a12748a65c2f6860228428b1175e7fe316b5bfc3e9d65e1a6,3d32cd2ea5d156046c3863ade23183c25877a9e6f329d4f3009e99bcfd5d71ae,no_common_completed_queries
hybrid,C_bug,C_en_context,opencv/opencv,symptom_without_error,2,0,0,0,0,4f53cda18c2baa0c0354bb5f9a3ecbe5ed12ab4d8e11ba873c2f11161202b945,,0,,0,,7eb48ab75a68688a12748a65c2f6860228428b1175e7fe316b5bfc3e9d65e1a6,3d32cd2ea5d156046c3863ade23183c25877a9e6f329d4f3009e99bcfd5d71ae,no_common_completed_queries
hybrid,C_raw,A_ko_symptom,ALL,ALL,12,0,0,0,0,4f53cda18c2baa0c0354bb5f9a3ecbe5ed12ab4d8e11ba873c2f11161202b945,,0,,0,,7eb48ab75a68688a12748a65c2f6860228428b1175e7fe316b5bfc3e9d65e1a6,3d32cd2ea5d156046c3863ade23183c25877a9e6f329d4f3009e99bcfd5d71ae,no_common_completed_queries
hybrid,C_raw,A_ko_symptom,huggingface/transformers,ALL,6,0,0,0,0,4f53cda18c2baa0c0354bb5f9a3ecbe5ed12ab4d8e11ba873c2f11161202b945,,0,,0,,7eb48ab75a68688a12748a65c2f6860228428b1175e7fe316b5bfc3e9d65e1a6,3d32cd2ea5d156046c3863ade23183c25877a9e6f329d4f3009e99bcfd5d71ae,no_common_completed_queries
hybrid,C_raw,A_ko_symptom,huggingface/transformers,condition_sensitive,2,0,0,0,0,4f53cda18c2baa0c0354bb5f9a3ecbe5ed12ab4d8e11ba873c2f11161202b945,,0,,0,,7eb48ab75a68688a12748a65c2f6860228428b1175e7fe316b5bfc3e9d65e1a6,3d32cd2ea5d156046c3863ade23183c25877a9e6f329d4f3009e99bcfd5d71ae,no_common_completed_queries
hybrid,C_raw,A_ko_symptom,huggingface/transformers,error_literal,2,0,0,0,0,4f53cda18c2baa0c0354bb5f9a3ecbe5ed12ab4d8e11ba873c2f11161202b945,,0,,0,,7eb48ab75a68688a12748a65c2f6860228428b1175e7fe316b5bfc3e9d65e1a6,3d32cd2ea5d156046c3863ade23183c25877a9e6f329d4f3009e99bcfd5d71ae,no_common_completed_queries
hybrid,C_raw,A_ko_symptom,huggingface/transformers,symptom_without_error,2,0,0,0,0,4f53cda18c2baa0c0354bb5f9a3ecbe5ed12ab4d8e11ba873c2f11161202b945,,0,,0,,7eb48ab75a68688a12748a65c2f6860228428b1175e7fe316b5bfc3e9d65e1a6,3d32cd2ea5d156046c3863ade23183c25877a9e6f329d4f3009e99bcfd5d71ae,no_common_completed_queries
hybrid,C_raw,A_ko_symptom,opencv/opencv,ALL,6,0,0,0,0,4f53cda18c2baa0c0354bb5f9a3ecbe5ed12ab4d8e11ba873c2f11161202b945,,0,,0,,7eb48ab75a68688a12748a65c2f6860228428b1175e7fe316b5bfc3e9d65e1a6,3d32cd2ea5d156046c3863ade23183c25877a9e6f329d4f3009e99bcfd5d71ae,no_common_completed_queries
hybrid,C_raw,A_ko_symptom,opencv/opencv,condition_sensitive,2,0,0,0,0,4f53cda18c2baa0c0354bb5f9a3ecbe5ed12ab4d8e11ba873c2f11161202b945,,0,,0,,7eb48ab75a68688a12748a65c2f6860228428b1175e7fe316b5bfc3e9d65e1a6,3d32cd2ea5d156046c3863ade23183c25877a9e6f329d4f3009e99bcfd5d71ae,no_common_completed_queries
hybrid,C_raw,A_ko_symptom,opencv/opencv,error_literal,2,0,0,0,0,4f53cda18c2baa0c0354bb5f9a3ecbe5ed12ab4d8e11ba873c2f11161202b945,,0,,0,,7eb48ab75a68688a12748a65c2f6860228428b1175e7fe316b5bfc3e9d65e1a6,3d32cd2ea5d156046c3863ade23183c25877a9e6f329d4f3009e99bcfd5d71ae,no_common_completed_queries
hybrid,C_raw,A_ko_symptom,opencv/opencv,symptom_without_error,2,0,0,0,0,4f53cda18c2baa0c0354bb5f9a3ecbe5ed12ab4d8e11ba873c2f11161202b945,,0,,0,,7eb48ab75a68688a12748a65c2f6860228428b1175e7fe316b5bfc3e9d65e1a6,3d32cd2ea5d156046c3863ade23183c25877a9e6f329d4f3009e99bcfd5d71ae,no_common_completed_queries
hybrid,C_raw,B_ko_context,ALL,ALL,12,0,0,0,0,4f53cda18c2baa0c0354bb5f9a3ecbe5ed12ab4d8e11ba873c2f11161202b945,,0,,0,,7eb48ab75a68688a12748a65c2f6860228428b1175e7fe316b5bfc3e9d65e1a6,3d32cd2ea5d156046c3863ade23183c25877a9e6f329d4f3009e99bcfd5d71ae,no_common_completed_queries
hybrid,C_raw,B_ko_context,huggingface/transformers,ALL,6,0,0,0,0,4f53cda18c2baa0c0354bb5f9a3ecbe5ed12ab4d8e11ba873c2f11161202b945,,0,,0,,7eb48ab75a68688a12748a65c2f6860228428b1175e7fe316b5bfc3e9d65e1a6,3d32cd2ea5d156046c3863ade23183c25877a9e6f329d4f3009e99bcfd5d71ae,no_common_completed_queries
hybrid,C_raw,B_ko_context,huggingface/transformers,condition_sensitive,2,0,0,0,0,4f53cda18c2baa0c0354bb5f9a3ecbe5ed12ab4d8e11ba873c2f11161202b945,,0,,0,,7eb48ab75a68688a12748a65c2f6860228428b1175e7fe316b5bfc3e9d65e1a6,3d32cd2ea5d156046c3863ade23183c25877a9e6f329d4f3009e99bcfd5d71ae,no_common_completed_queries
hybrid,C_raw,B_ko_context,huggingface/transformers,error_literal,2,0,0,0,0,4f53cda18c2baa0c0354bb5f9a3ecbe5ed12ab4d8e11ba873c2f11161202b945,,0,,0,,7eb48ab75a68688a12748a65c2f6860228428b1175e7fe316b5bfc3e9d65e1a6,3d32cd2ea5d156046c3863ade23183c25877a9e6f329d4f3009e99bcfd5d71ae,no_common_completed_queries
hybrid,C_raw,B_ko_context,huggingface/transformers,symptom_without_error,2,0,0,0,0,4f53cda18c2baa0c0354bb5f9a3ecbe5ed12ab4d8e11ba873c2f11161202b945,,0,,0,,7eb48ab75a68688a12748a65c2f6860228428b1175e7fe316b5bfc3e9d65e1a6,3d32cd2ea5d156046c3863ade23183c25877a9e6f329d4f3009e99bcfd5d71ae,no_common_completed_queries
hybrid,C_raw,B_ko_context,opencv/opencv,ALL,6,0,0,0,0,4f53cda18c2baa0c0354bb5f9a3ecbe5ed12ab4d8e11ba873c2f11161202b945,,0,,0,,7eb48ab75a68688a12748a65c2f6860228428b1175e7fe316b5bfc3e9d65e1a6,3d32cd2ea5d156046c3863ade23183c25877a9e6f329d4f3009e99bcfd5d71ae,no_common_completed_queries
hybrid,C_raw,B_ko_context,opencv/opencv,condition_sensitive,2,0,0,0,0,4f53cda18c2baa0c0354bb5f9a3ecbe5ed12ab4d8e11ba873c2f11161202b945,,0,,0,,7eb48ab75a68688a12748a65c2f6860228428b1175e7fe316b5bfc3e9d65e1a6,3d32cd2ea5d156046c3863ade23183c25877a9e6f329d4f3009e99bcfd5d71ae,no_common_completed_queries
hybrid,C_raw,B_ko_context,opencv/opencv,error_literal,2,0,0,0,0,4f53cda18c2baa0c0354bb5f9a3ecbe5ed12ab4d8e11ba873c2f11161202b945,,0,,0,,7eb48ab75a68688a12748a65c2f6860228428b1175e7fe316b5bfc3e9d65e1a6,3d32cd2ea5d156046c3863ade23183c25877a9e6f329d4f3009e99bcfd5d71ae,no_common_completed_queries
hybrid,C_raw,B_ko_context,opencv/opencv,symptom_without_error,2,0,0,0,0,4f53cda18c2baa0c0354bb5f9a3ecbe5ed12ab4d8e11ba873c2f11161202b945,,0,,0,,7eb48ab75a68688a12748a65c2f6860228428b1175e7fe316b5bfc3e9d65e1a6,3d32cd2ea5d156046c3863ade23183c25877a9e6f329d4f3009e99bcfd5d71ae,no_common_completed_queries
hybrid,C_raw,C_en_context,ALL,ALL,12,0,0,0,0,4f53cda18c2baa0c0354bb5f9a3ecbe5ed12ab4d8e11ba873c2f11161202b945,,0,,0,,7eb48ab75a68688a12748a65c2f6860228428b1175e7fe316b5bfc3e9d65e1a6,3d32cd2ea5d156046c3863ade23183c25877a9e6f329d4f3009e99bcfd5d71ae,no_common_completed_queries
hybrid,C_raw,C_en_context,huggingface/transformers,ALL,6,0,0,0,0,4f53cda18c2baa0c0354bb5f9a3ecbe5ed12ab4d8e11ba873c2f11161202b945,,0,,0,,7eb48ab75a68688a12748a65c2f6860228428b1175e7fe316b5bfc3e9d65e1a6,3d32cd2ea5d156046c3863ade23183c25877a9e6f329d4f3009e99bcfd5d71ae,no_common_completed_queries
hybrid,C_raw,C_en_context,huggingface/transformers,condition_sensitive,2,0,0,0,0,4f53cda18c2baa0c0354bb5f9a3ecbe5ed12ab4d8e11ba873c2f11161202b945,,0,,0,,7eb48ab75a68688a12748a65c2f6860228428b1175e7fe316b5bfc3e9d65e1a6,3d32cd2ea5d156046c3863ade23183c25877a9e6f329d4f3009e99bcfd5d71ae,no_common_completed_queries
hybrid,C_raw,C_en_context,huggingface/transformers,error_literal,2,0,0,0,0,4f53cda18c2baa0c0354bb5f9a3ecbe5ed12ab4d8e11ba873c2f11161202b945,,0,,0,,7eb48ab75a68688a12748a65c2f6860228428b1175e7fe316b5bfc3e9d65e1a6,3d32cd2ea5d156046c3863ade23183c25877a9e6f329d4f3009e99bcfd5d71ae,no_common_completed_queries
hybrid,C_raw,C_en_context,huggingface/transformers,symptom_without_error,2,0,0,0,0,4f53cda18c2baa0c0354bb5f9a3ecbe5ed12ab4d8e11ba873c2f11161202b945,,0,,0,,7eb48ab75a68688a12748a65c2f6860228428b1175e7fe316b5bfc3e9d65e1a6,3d32cd2ea5d156046c3863ade23183c25877a9e6f329d4f3009e99bcfd5d71ae,no_common_completed_queries
hybrid,C_raw,C_en_context,opencv/opencv,ALL,6,0,0,0,0,4f53cda18c2baa0c0354bb5f9a3ecbe5ed12ab4d8e11ba873c2f11161202b945,,0,,0,,7eb48ab75a68688a12748a65c2f6860228428b1175e7fe316b5bfc3e9d65e1a6,3d32cd2ea5d156046c3863ade23183c25877a9e6f329d4f3009e99bcfd5d71ae,no_common_completed_queries
hybrid,C_raw,C_en_context,opencv/opencv,condition_sensitive,2,0,0,0,0,4f53cda18c2baa0c0354bb5f9a3ecbe5ed12ab4d8e11ba873c2f11161202b945,,0,,0,,7eb48ab75a68688a12748a65c2f6860228428b1175e7fe316b5bfc3e9d65e1a6,3d32cd2ea5d156046c3863ade23183c25877a9e6f329d4f3009e99bcfd5d71ae,no_common_completed_queries
hybrid,C_raw,C_en_context,opencv/opencv,error_literal,2,0,0,0,0,4f53cda18c2baa0c0354bb5f9a3ecbe5ed12ab4d8e11ba873c2f11161202b945,,0,,0,,7eb48ab75a68688a12748a65c2f6860228428b1175e7fe316b5bfc3e9d65e1a6,3d32cd2ea5d156046c3863ade23183c25877a9e6f329d4f3009e99bcfd5d71ae,no_common_completed_queries
hybrid,C_raw,C_en_context,opencv/opencv,symptom_without_error,2,0,0,0,0,4f53cda18c2baa0c0354bb5f9a3ecbe5ed12ab4d8e11ba873c2f11161202b945,,0,,0,,7eb48ab75a68688a12748a65c2f6860228428b1175e7fe316b5bfc3e9d65e1a6,3d32cd2ea5d156046c3863ade23183c25877a9e6f329d4f3009e99bcfd5d71ae,no_common_completed_queries
semantic,C_bug,A_ko_symptom,ALL,ALL,12,0,0,0,0,4f53cda18c2baa0c0354bb5f9a3ecbe5ed12ab4d8e11ba873c2f11161202b945,,0,,0,,7eb48ab75a68688a12748a65c2f6860228428b1175e7fe316b5bfc3e9d65e1a6,3d32cd2ea5d156046c3863ade23183c25877a9e6f329d4f3009e99bcfd5d71ae,no_common_completed_queries
semantic,C_bug,A_ko_symptom,huggingface/transformers,ALL,6,0,0,0,0,4f53cda18c2baa0c0354bb5f9a3ecbe5ed12ab4d8e11ba873c2f11161202b945,,0,,0,,7eb48ab75a68688a12748a65c2f6860228428b1175e7fe316b5bfc3e9d65e1a6,3d32cd2ea5d156046c3863ade23183c25877a9e6f329d4f3009e99bcfd5d71ae,no_common_completed_queries
semantic,C_bug,A_ko_symptom,huggingface/transformers,condition_sensitive,2,0,0,0,0,4f53cda18c2baa0c0354bb5f9a3ecbe5ed12ab4d8e11ba873c2f11161202b945,,0,,0,,7eb48ab75a68688a12748a65c2f6860228428b1175e7fe316b5bfc3e9d65e1a6,3d32cd2ea5d156046c3863ade23183c25877a9e6f329d4f3009e99bcfd5d71ae,no_common_completed_queries
semantic,C_bug,A_ko_symptom,huggingface/transformers,error_literal,2,0,0,0,0,4f53cda18c2baa0c0354bb5f9a3ecbe5ed12ab4d8e11ba873c2f11161202b945,,0,,0,,7eb48ab75a68688a12748a65c2f6860228428b1175e7fe316b5bfc3e9d65e1a6,3d32cd2ea5d156046c3863ade23183c25877a9e6f329d4f3009e99bcfd5d71ae,no_common_completed_queries
semantic,C_bug,A_ko_symptom,huggingface/transformers,symptom_without_error,2,0,0,0,0,4f53cda18c2baa0c0354bb5f9a3ecbe5ed12ab4d8e11ba873c2f11161202b945,,0,,0,,7eb48ab75a68688a12748a65c2f6860228428b1175e7fe316b5bfc3e9d65e1a6,3d32cd2ea5d156046c3863ade23183c25877a9e6f329d4f3009e99bcfd5d71ae,no_common_completed_queries
semantic,C_bug,A_ko_symptom,opencv/opencv,ALL,6,0,0,0,0,4f53cda18c2baa0c0354bb5f9a3ecbe5ed12ab4d8e11ba873c2f11161202b945,,0,,0,,7eb48ab75a68688a12748a65c2f6860228428b1175e7fe316b5bfc3e9d65e1a6,3d32cd2ea5d156046c3863ade23183c25877a9e6f329d4f3009e99bcfd5d71ae,no_common_completed_queries
semantic,C_bug,A_ko_symptom,opencv/opencv,condition_sensitive,2,0,0,0,0,4f53cda18c2baa0c0354bb5f9a3ecbe5ed12ab4d8e11ba873c2f11161202b945,,0,,0,,7eb48ab75a68688a12748a65c2f6860228428b1175e7fe316b5bfc3e9d65e1a6,3d32cd2ea5d156046c3863ade23183c25877a9e6f329d4f3009e99bcfd5d71ae,no_common_completed_queries
semantic,C_bug,A_ko_symptom,opencv/opencv,error_literal,2,0,0,0,0,4f53cda18c2baa0c0354bb5f9a3ecbe5ed12ab4d8e11ba873c2f11161202b945,,0,,0,,7eb48ab75a68688a12748a65c2f6860228428b1175e7fe316b5bfc3e9d65e1a6,3d32cd2ea5d156046c3863ade23183c25877a9e6f329d4f3009e99bcfd5d71ae,no_common_completed_queries
semantic,C_bug,A_ko_symptom,opencv/opencv,symptom_without_error,2,0,0,0,0,4f53cda18c2baa0c0354bb5f9a3ecbe5ed12ab4d8e11ba873c2f11161202b945,,0,,0,,7eb48ab75a68688a12748a65c2f6860228428b1175e7fe316b5bfc3e9d65e1a6,3d32cd2ea5d156046c3863ade23183c25877a9e6f329d4f3009e99bcfd5d71ae,no_common_completed_queries
semantic,C_bug,B_ko_context,ALL,ALL,12,0,0,0,0,4f53cda18c2baa0c0354bb5f9a3ecbe5ed12ab4d8e11ba873c2f11161202b945,,0,,0,,7eb48ab75a68688a12748a65c2f6860228428b1175e7fe316b5bfc3e9d65e1a6,3d32cd2ea5d156046c3863ade23183c25877a9e6f329d4f3009e99bcfd5d71ae,no_common_completed_queries
semantic,C_bug,B_ko_context,huggingface/transformers,ALL,6,0,0,0,0,4f53cda18c2baa0c0354bb5f9a3ecbe5ed12ab4d8e11ba873c2f11161202b945,,0,,0,,7eb48ab75a68688a12748a65c2f6860228428b1175e7fe316b5bfc3e9d65e1a6,3d32cd2ea5d156046c3863ade23183c25877a9e6f329d4f3009e99bcfd5d71ae,no_common_completed_queries
semantic,C_bug,B_ko_context,huggingface/transformers,condition_sensitive,2,0,0,0,0,4f53cda18c2baa0c0354bb5f9a3ecbe5ed12ab4d8e11ba873c2f11161202b945,,0,,0,,7eb48ab75a68688a12748a65c2f6860228428b1175e7fe316b5bfc3e9d65e1a6,3d32cd2ea5d156046c3863ade23183c25877a9e6f329d4f3009e99bcfd5d71ae,no_common_completed_queries
semantic,C_bug,B_ko_context,huggingface/transformers,error_literal,2,0,0,0,0,4f53cda18c2baa0c0354bb5f9a3ecbe5ed12ab4d8e11ba873c2f11161202b945,,0,,0,,7eb48ab75a68688a12748a65c2f6860228428b1175e7fe316b5bfc3e9d65e1a6,3d32cd2ea5d156046c3863ade23183c25877a9e6f329d4f3009e99bcfd5d71ae,no_common_completed_queries
semantic,C_bug,B_ko_context,huggingface/transformers,symptom_without_error,2,0,0,0,0,4f53cda18c2baa0c0354bb5f9a3ecbe5ed12ab4d8e11ba873c2f11161202b945,,0,,0,,7eb48ab75a68688a12748a65c2f6860228428b1175e7fe316b5bfc3e9d65e1a6,3d32cd2ea5d156046c3863ade23183c25877a9e6f329d4f3009e99bcfd5d71ae,no_common_completed_queries
semantic,C_bug,B_ko_context,opencv/opencv,ALL,6,0,0,0,0,4f53cda18c2baa0c0354bb5f9a3ecbe5ed12ab4d8e11ba873c2f11161202b945,,0,,0,,7eb48ab75a68688a12748a65c2f6860228428b1175e7fe316b5bfc3e9d65e1a6,3d32cd2ea5d156046c3863ade23183c25877a9e6f329d4f3009e99bcfd5d71ae,no_common_completed_queries
semantic,C_bug,B_ko_context,opencv/opencv,condition_sensitive,2,0,0,0,0,4f53cda18c2baa0c0354bb5f9a3ecbe5ed12ab4d8e11ba873c2f11161202b945,,0,,0,,7eb48ab75a68688a12748a65c2f6860228428b1175e7fe316b5bfc3e9d65e1a6,3d32cd2ea5d156046c3863ade23183c25877a9e6f329d4f3009e99bcfd5d71ae,no_common_completed_queries
semantic,C_bug,B_ko_context,opencv/opencv,error_literal,2,0,0,0,0,4f53cda18c2baa0c0354bb5f9a3ecbe5ed12ab4d8e11ba873c2f11161202b945,,0,,0,,7eb48ab75a68688a12748a65c2f6860228428b1175e7fe316b5bfc3e9d65e1a6,3d32cd2ea5d156046c3863ade23183c25877a9e6f329d4f3009e99bcfd5d71ae,no_common_completed_queries
semantic,C_bug,B_ko_context,opencv/opencv,symptom_without_error,2,0,0,0,0,4f53cda18c2baa0c0354bb5f9a3ecbe5ed12ab4d8e11ba873c2f11161202b945,,0,,0,,7eb48ab75a68688a12748a65c2f6860228428b1175e7fe316b5bfc3e9d65e1a6,3d32cd2ea5d156046c3863ade23183c25877a9e6f329d4f3009e99bcfd5d71ae,no_common_completed_queries
semantic,C_bug,C_en_context,ALL,ALL,12,0,0,0,0,4f53cda18c2baa0c0354bb5f9a3ecbe5ed12ab4d8e11ba873c2f11161202b945,,0,,0,,7eb48ab75a68688a12748a65c2f6860228428b1175e7fe316b5bfc3e9d65e1a6,3d32cd2ea5d156046c3863ade23183c25877a9e6f329d4f3009e99bcfd5d71ae,no_common_completed_queries
semantic,C_bug,C_en_context,huggingface/transformers,ALL,6,0,0,0,0,4f53cda18c2baa0c0354bb5f9a3ecbe5ed12ab4d8e11ba873c2f11161202b945,,0,,0,,7eb48ab75a68688a12748a65c2f6860228428b1175e7fe316b5bfc3e9d65e1a6,3d32cd2ea5d156046c3863ade23183c25877a9e6f329d4f3009e99bcfd5d71ae,no_common_completed_queries
semantic,C_bug,C_en_context,huggingface/transformers,condition_sensitive,2,0,0,0,0,4f53cda18c2baa0c0354bb5f9a3ecbe5ed12ab4d8e11ba873c2f11161202b945,,0,,0,,7eb48ab75a68688a12748a65c2f6860228428b1175e7fe316b5bfc3e9d65e1a6,3d32cd2ea5d156046c3863ade23183c25877a9e6f329d4f3009e99bcfd5d71ae,no_common_completed_queries
semantic,C_bug,C_en_context,huggingface/transformers,error_literal,2,0,0,0,0,4f53cda18c2baa0c0354bb5f9a3ecbe5ed12ab4d8e11ba873c2f11161202b945,,0,,0,,7eb48ab75a68688a12748a65c2f6860228428b1175e7fe316b5bfc3e9d65e1a6,3d32cd2ea5d156046c3863ade23183c25877a9e6f329d4f3009e99bcfd5d71ae,no_common_completed_queries
semantic,C_bug,C_en_context,huggingface/transformers,symptom_without_error,2,0,0,0,0,4f53cda18c2baa0c0354bb5f9a3ecbe5ed12ab4d8e11ba873c2f11161202b945,,0,,0,,7eb48ab75a68688a12748a65c2f6860228428b1175e7fe316b5bfc3e9d65e1a6,3d32cd2ea5d156046c3863ade23183c25877a9e6f329d4f3009e99bcfd5d71ae,no_common_completed_queries
semantic,C_bug,C_en_context,opencv/opencv,ALL,6,0,0,0,0,4f53cda18c2baa0c0354bb5f9a3ecbe5ed12ab4d8e11ba873c2f11161202b945,,0,,0,,7eb48ab75a68688a12748a65c2f6860228428b1175e7fe316b5bfc3e9d65e1a6,3d32cd2ea5d156046c3863ade23183c25877a9e6f329d4f3009e99bcfd5d71ae,no_common_completed_queries
semantic,C_bug,C_en_context,opencv/opencv,condition_sensitive,2,0,0,0,0,4f53cda18c2baa0c0354bb5f9a3ecbe5ed12ab4d8e11ba873c2f11161202b945,,0,,0,,7eb48ab75a68688a12748a65c2f6860228428b1175e7fe316b5bfc3e9d65e1a6,3d32cd2ea5d156046c3863ade23183c25877a9e6f329d4f3009e99bcfd5d71ae,no_common_completed_queries
semantic,C_bug,C_en_context,opencv/opencv,error_literal,2,0,0,0,0,4f53cda18c2baa0c0354bb5f9a3ecbe5ed12ab4d8e11ba873c2f11161202b945,,0,,0,,7eb48ab75a68688a12748a65c2f6860228428b1175e7fe316b5bfc3e9d65e1a6,3d32cd2ea5d156046c3863ade23183c25877a9e6f329d4f3009e99bcfd5d71ae,no_common_completed_queries
semantic,C_bug,C_en_context,opencv/opencv,symptom_without_error,2,0,0,0,0,4f53cda18c2baa0c0354bb5f9a3ecbe5ed12ab4d8e11ba873c2f11161202b945,,0,,0,,7eb48ab75a68688a12748a65c2f6860228428b1175e7fe316b5bfc3e9d65e1a6,3d32cd2ea5d156046c3863ade23183c25877a9e6f329d4f3009e99bcfd5d71ae,no_common_completed_queries
semantic,C_raw,A_ko_symptom,ALL,ALL,12,0,0,0,0,4f53cda18c2baa0c0354bb5f9a3ecbe5ed12ab4d8e11ba873c2f11161202b945,,0,,0,,7eb48ab75a68688a12748a65c2f6860228428b1175e7fe316b5bfc3e9d65e1a6,3d32cd2ea5d156046c3863ade23183c25877a9e6f329d4f3009e99bcfd5d71ae,no_common_completed_queries
semantic,C_raw,A_ko_symptom,huggingface/transformers,ALL,6,0,0,0,0,4f53cda18c2baa0c0354bb5f9a3ecbe5ed12ab4d8e11ba873c2f11161202b945,,0,,0,,7eb48ab75a68688a12748a65c2f6860228428b1175e7fe316b5bfc3e9d65e1a6,3d32cd2ea5d156046c3863ade23183c25877a9e6f329d4f3009e99bcfd5d71ae,no_common_completed_queries
semantic,C_raw,A_ko_symptom,huggingface/transformers,condition_sensitive,2,0,0,0,0,4f53cda18c2baa0c0354bb5f9a3ecbe5ed12ab4d8e11ba873c2f11161202b945,,0,,0,,7eb48ab75a68688a12748a65c2f6860228428b1175e7fe316b5bfc3e9d65e1a6,3d32cd2ea5d156046c3863ade23183c25877a9e6f329d4f3009e99bcfd5d71ae,no_common_completed_queries
semantic,C_raw,A_ko_symptom,huggingface/transformers,error_literal,2,0,0,0,0,4f53cda18c2baa0c0354bb5f9a3ecbe5ed12ab4d8e11ba873c2f11161202b945,,0,,0,,7eb48ab75a68688a12748a65c2f6860228428b1175e7fe316b5bfc3e9d65e1a6,3d32cd2ea5d156046c3863ade23183c25877a9e6f329d4f3009e99bcfd5d71ae,no_common_completed_queries
semantic,C_raw,A_ko_symptom,huggingface/transformers,symptom_without_error,2,0,0,0,0,4f53cda18c2baa0c0354bb5f9a3ecbe5ed12ab4d8e11ba873c2f11161202b945,,0,,0,,7eb48ab75a68688a12748a65c2f6860228428b1175e7fe316b5bfc3e9d65e1a6,3d32cd2ea5d156046c3863ade23183c25877a9e6f329d4f3009e99bcfd5d71ae,no_common_completed_queries
semantic,C_raw,A_ko_symptom,opencv/opencv,ALL,6,0,0,0,0,4f53cda18c2baa0c0354bb5f9a3ecbe5ed12ab4d8e11ba873c2f11161202b945,,0,,0,,7eb48ab75a68688a12748a65c2f6860228428b1175e7fe316b5bfc3e9d65e1a6,3d32cd2ea5d156046c3863ade23183c25877a9e6f329d4f3009e99bcfd5d71ae,no_common_completed_queries
semantic,C_raw,A_ko_symptom,opencv/opencv,condition_sensitive,2,0,0,0,0,4f53cda18c2baa0c0354bb5f9a3ecbe5ed12ab4d8e11ba873c2f11161202b945,,0,,0,,7eb48ab75a68688a12748a65c2f6860228428b1175e7fe316b5bfc3e9d65e1a6,3d32cd2ea5d156046c3863ade23183c25877a9e6f329d4f3009e99bcfd5d71ae,no_common_completed_queries
semantic,C_raw,A_ko_symptom,opencv/opencv,error_literal,2,0,0,0,0,4f53cda18c2baa0c0354bb5f9a3ecbe5ed12ab4d8e11ba873c2f11161202b945,,0,,0,,7eb48ab75a68688a12748a65c2f6860228428b1175e7fe316b5bfc3e9d65e1a6,3d32cd2ea5d156046c3863ade23183c25877a9e6f329d4f3009e99bcfd5d71ae,no_common_completed_queries
semantic,C_raw,A_ko_symptom,opencv/opencv,symptom_without_error,2,0,0,0,0,4f53cda18c2baa0c0354bb5f9a3ecbe5ed12ab4d8e11ba873c2f11161202b945,,0,,0,,7eb48ab75a68688a12748a65c2f6860228428b1175e7fe316b5bfc3e9d65e1a6,3d32cd2ea5d156046c3863ade23183c25877a9e6f329d4f3009e99bcfd5d71ae,no_common_completed_queries
semantic,C_raw,B_ko_context,ALL,ALL,12,0,0,0,0,4f53cda18c2baa0c0354bb5f9a3ecbe5ed12ab4d8e11ba873c2f11161202b945,,0,,0,,7eb48ab75a68688a12748a65c2f6860228428b1175e7fe316b5bfc3e9d65e1a6,3d32cd2ea5d156046c3863ade23183c25877a9e6f329d4f3009e99bcfd5d71ae,no_common_completed_queries
semantic,C_raw,B_ko_context,huggingface/transformers,ALL,6,0,0,0,0,4f53cda18c2baa0c0354bb5f9a3ecbe5ed12ab4d8e11ba873c2f11161202b945,,0,,0,,7eb48ab75a68688a12748a65c2f6860228428b1175e7fe316b5bfc3e9d65e1a6,3d32cd2ea5d156046c3863ade23183c25877a9e6f329d4f3009e99bcfd5d71ae,no_common_completed_queries
semantic,C_raw,B_ko_context,huggingface/transformers,condition_sensitive,2,0,0,0,0,4f53cda18c2baa0c0354bb5f9a3ecbe5ed12ab4d8e11ba873c2f11161202b945,,0,,0,,7eb48ab75a68688a12748a65c2f6860228428b1175e7fe316b5bfc3e9d65e1a6,3d32cd2ea5d156046c3863ade23183c25877a9e6f329d4f3009e99bcfd5d71ae,no_common_completed_queries
semantic,C_raw,B_ko_context,huggingface/transformers,error_literal,2,0,0,0,0,4f53cda18c2baa0c0354bb5f9a3ecbe5ed12ab4d8e11ba873c2f11161202b945,,0,,0,,7eb48ab75a68688a12748a65c2f6860228428b1175e7fe316b5bfc3e9d65e1a6,3d32cd2ea5d156046c3863ade23183c25877a9e6f329d4f3009e99bcfd5d71ae,no_common_completed_queries
semantic,C_raw,B_ko_context,huggingface/transformers,symptom_without_error,2,0,0,0,0,4f53cda18c2baa0c0354bb5f9a3ecbe5ed12ab4d8e11ba873c2f11161202b945,,0,,0,,7eb48ab75a68688a12748a65c2f6860228428b1175e7fe316b5bfc3e9d65e1a6,3d32cd2ea5d156046c3863ade23183c25877a9e6f329d4f3009e99bcfd5d71ae,no_common_completed_queries
semantic,C_raw,B_ko_context,opencv/opencv,ALL,6,0,0,0,0,4f53cda18c2baa0c0354bb5f9a3ecbe5ed12ab4d8e11ba873c2f11161202b945,,0,,0,,7eb48ab75a68688a12748a65c2f6860228428b1175e7fe316b5bfc3e9d65e1a6,3d32cd2ea5d156046c3863ade23183c25877a9e6f329d4f3009e99bcfd5d71ae,no_common_completed_queries
semantic,C_raw,B_ko_context,opencv/opencv,condition_sensitive,2,0,0,0,0,4f53cda18c2baa0c0354bb5f9a3ecbe5ed12ab4d8e11ba873c2f11161202b945,,0,,0,,7eb48ab75a68688a12748a65c2f6860228428b1175e7fe316b5bfc3e9d65e1a6,3d32cd2ea5d156046c3863ade23183c25877a9e6f329d4f3009e99bcfd5d71ae,no_common_completed_queries
semantic,C_raw,B_ko_context,opencv/opencv,error_literal,2,0,0,0,0,4f53cda18c2baa0c0354bb5f9a3ecbe5ed12ab4d8e11ba873c2f11161202b945,,0,,0,,7eb48ab75a68688a12748a65c2f6860228428b1175e7fe316b5bfc3e9d65e1a6,3d32cd2ea5d156046c3863ade23183c25877a9e6f329d4f3009e99bcfd5d71ae,no_common_completed_queries
semantic,C_raw,B_ko_context,opencv/opencv,symptom_without_error,2,0,0,0,0,4f53cda18c2baa0c0354bb5f9a3ecbe5ed12ab4d8e11ba873c2f11161202b945,,0,,0,,7eb48ab75a68688a12748a65c2f6860228428b1175e7fe316b5bfc3e9d65e1a6,3d32cd2ea5d156046c3863ade23183c25877a9e6f329d4f3009e99bcfd5d71ae,no_common_completed_queries
semantic,C_raw,C_en_context,ALL,ALL,12,0,0,0,0,4f53cda18c2baa0c0354bb5f9a3ecbe5ed12ab4d8e11ba873c2f11161202b945,,0,,0,,7eb48ab75a68688a12748a65c2f6860228428b1175e7fe316b5bfc3e9d65e1a6,3d32cd2ea5d156046c3863ade23183c25877a9e6f329d4f3009e99bcfd5d71ae,no_common_completed_queries
semantic,C_raw,C_en_context,huggingface/transformers,ALL,6,0,0,0,0,4f53cda18c2baa0c0354bb5f9a3ecbe5ed12ab4d8e11ba873c2f11161202b945,,0,,0,,7eb48ab75a68688a12748a65c2f6860228428b1175e7fe316b5bfc3e9d65e1a6,3d32cd2ea5d156046c3863ade23183c25877a9e6f329d4f3009e99bcfd5d71ae,no_common_completed_queries
semantic,C_raw,C_en_context,huggingface/transformers,condition_sensitive,2,0,0,0,0,4f53cda18c2baa0c0354bb5f9a3ecbe5ed12ab4d8e11ba873c2f11161202b945,,0,,0,,7eb48ab75a68688a12748a65c2f6860228428b1175e7fe316b5bfc3e9d65e1a6,3d32cd2ea5d156046c3863ade23183c25877a9e6f329d4f3009e99bcfd5d71ae,no_common_completed_queries
semantic,C_raw,C_en_context,huggingface/transformers,error_literal,2,0,0,0,0,4f53cda18c2baa0c0354bb5f9a3ecbe5ed12ab4d8e11ba873c2f11161202b945,,0,,0,,7eb48ab75a68688a12748a65c2f6860228428b1175e7fe316b5bfc3e9d65e1a6,3d32cd2ea5d156046c3863ade23183c25877a9e6f329d4f3009e99bcfd5d71ae,no_common_completed_queries
semantic,C_raw,C_en_context,huggingface/transformers,symptom_without_error,2,0,0,0,0,4f53cda18c2baa0c0354bb5f9a3ecbe5ed12ab4d8e11ba873c2f11161202b945,,0,,0,,7eb48ab75a68688a12748a65c2f6860228428b1175e7fe316b5bfc3e9d65e1a6,3d32cd2ea5d156046c3863ade23183c25877a9e6f329d4f3009e99bcfd5d71ae,no_common_completed_queries
semantic,C_raw,C_en_context,opencv/opencv,ALL,6,0,0,0,0,4f53cda18c2baa0c0354bb5f9a3ecbe5ed12ab4d8e11ba873c2f11161202b945,,0,,0,,7eb48ab75a68688a12748a65c2f6860228428b1175e7fe316b5bfc3e9d65e1a6,3d32cd2ea5d156046c3863ade23183c25877a9e6f329d4f3009e99bcfd5d71ae,no_common_completed_queries
semantic,C_raw,C_en_context,opencv/opencv,condition_sensitive,2,0,0,0,0,4f53cda18c2baa0c0354bb5f9a3ecbe5ed12ab4d8e11ba873c2f11161202b945,,0,,0,,7eb48ab75a68688a12748a65c2f6860228428b1175e7fe316b5bfc3e9d65e1a6,3d32cd2ea5d156046c3863ade23183c25877a9e6f329d4f3009e99bcfd5d71ae,no_common_completed_queries
semantic,C_raw,C_en_context,opencv/opencv,error_literal,2,0,0,0,0,4f53cda18c2baa0c0354bb5f9a3ecbe5ed12ab4d8e11ba873c2f11161202b945,,0,,0,,7eb48ab75a68688a12748a65c2f6860228428b1175e7fe316b5bfc3e9d65e1a6,3d32cd2ea5d156046c3863ade23183c25877a9e6f329d4f3009e99bcfd5d71ae,no_common_completed_queries
semantic,C_raw,C_en_context,opencv/opencv,symptom_without_error,2,0,0,0,0,4f53cda18c2baa0c0354bb5f9a3ecbe5ed12ab4d8e11ba873c2f11161202b945,,0,,0,,7eb48ab75a68688a12748a65c2f6860228428b1175e7fe316b5bfc3e9d65e1a6,3d32cd2ea5d156046c3863ade23183c25877a9e6f329d4f3009e99bcfd5d71ae,no_common_completed_queries
