query_id,scope,doc_id,bm25_rank,semantic_rank,in_lexical_window,in_semantic_window,lexical_rrf_term,semantic_rrf_term,fused_score,fused_rank,quality_status,is_reference
O-E1:A_ko_symptom,C_raw,opencv/opencv#28241,8,14,True,True,0.014705882352941176,0.013513513513513514,0.02821939586645469,4,UNJUDGED,False
O-E1:A_ko_symptom,C_raw,opencv/opencv#28254,249,4,False,True,0.0,0.015625,0.015625,21,UNJUDGED,False
O-E1:A_ko_symptom,C_raw,opencv/opencv#28784,5,31,True,True,0.015384615384615385,0.01098901098901099,0.026373626373626377,6,UNJUDGED,False
O-E1:A_ko_symptom,C_raw,opencv/opencv#28952,12,9,True,True,0.013888888888888888,0.014492753623188406,0.028381642512077296,3,UNJUDGED,False
O-E1:A_ko_symptom,C_raw,opencv/opencv#29265,4,35,True,True,0.015625,0.010526315789473684,0.026151315789473682,9,UNJUDGED,False
O-E1:A_ko_symptom,C_raw,opencv/opencv#29278,109,1,False,True,0.0,0.01639344262295082,0.01639344262295082,18,UNJUDGED,False
O-E1:A_ko_symptom,C_raw,opencv/opencv#29325,21,3,True,True,0.012345679012345678,0.015873015873015872,0.02821869488536155,5,UNJUDGED,False
O-E1:A_ko_symptom,C_raw,opencv/opencv#29342,2,171,True,False,0.016129032258064516,0.0,0.016129032258064516,19,UNJUDGED,False
O-E1:A_ko_symptom,C_raw,opencv/opencv#29350,103,2,False,True,0.0,0.016129032258064516,0.016129032258064516,20,UNJUDGED,True
O-E1:A_ko_symptom,C_raw,opencv/opencv#29761,3,5,True,True,0.015873015873015872,0.015384615384615385,0.03125763125763126,1,UNJUDGED,False
O-E1:A_ko_symptom,C_raw,opencv/opencv#29763,7,8,True,True,0.014925373134328358,0.014705882352941176,0.029631255487269532,2,UNJUDGED,False
O-E1:A_ko_symptom,C_raw,opencv/opencv#30095,1,47,True,True,0.01639344262295082,0.009345794392523364,0.025739237015474183,10,UNJUDGED,False
O-E1:A_ko_symptom,C_bug,opencv/opencv#28241,8,13,True,True,0.014705882352941176,0.0136986301369863,0.028404512489927477,5,UNJUDGED,False
O-E1:A_ko_symptom,C_bug,opencv/opencv#28254,179,4,False,True,0.0,0.015625,0.015625,26,UNJUDGED,False
O-E1:A_ko_symptom,C_bug,opencv/opencv#28784,5,26,True,True,0.015384615384615385,0.011627906976744186,0.02701252236135957,7,UNJUDGED,False
O-E1:A_ko_symptom,C_bug,opencv/opencv#28952,11,9,True,True,0.014084507042253521,0.014492753623188406,0.028577260665441927,4,UNJUDGED,False
O-E1:A_ko_symptom,C_bug,opencv/opencv#29265,4,29,True,True,0.015625,0.011235955056179775,0.026860955056179775,8,UNJUDGED,False
O-E1:A_ko_symptom,C_bug,opencv/opencv#29278,80,1,False,True,0.0,0.01639344262295082,0.01639344262295082,23,UNJUDGED,False
O-E1:A_ko_symptom,C_bug,opencv/opencv#29325,18,3,True,True,0.01282051282051282,0.015873015873015872,0.028693528693528692,3,UNJUDGED,False
O-E1:A_ko_symptom,C_bug,opencv/opencv#29342,2,133,True,False,0.016129032258064516,0.0,0.016129032258064516,24,UNJUDGED,False
O-E1:A_ko_symptom,C_bug,opencv/opencv#29350,73,2,False,True,0.0,0.016129032258064516,0.016129032258064516,25,UNJUDGED,True
O-E1:A_ko_symptom,C_bug,opencv/opencv#29761,3,5,True,True,0.015873015873015872,0.015384615384615385,0.03125763125763126,1,UNJUDGED,False
O-E1:A_ko_symptom,C_bug,opencv/opencv#29763,7,8,True,True,0.014925373134328358,0.014705882352941176,0.029631255487269532,2,UNJUDGED,False
O-E1:A_ko_symptom,C_bug,opencv/opencv#30095,1,39,True,True,0.01639344262295082,0.010101010101010102,0.02649445272396092,9,UNJUDGED,False
T-E1:A_ko_symptom,C_raw,huggingface/transformers#47309,,4,False,True,0.0,0.015625,0.015625,4,UNJUDGED,False
T-E1:A_ko_symptom,C_raw,huggingface/transformers#47879,,1,False,True,0.0,0.01639344262295082,0.01639344262295082,1,UNJUDGED,True
T-E1:A_ko_symptom,C_raw,huggingface/transformers#48501,,2,False,True,0.0,0.016129032258064516,0.016129032258064516,2,UNJUDGED,False
T-E1:A_ko_symptom,C_raw,huggingface/transformers#48703,,3,False,True,0.0,0.015873015873015872,0.015873015873015872,3,UNJUDGED,False
T-E1:A_ko_symptom,C_raw,huggingface/transformers#48736,,5,False,True,0.0,0.015384615384615385,0.015384615384615385,5,UNJUDGED,False
T-E1:A_ko_symptom,C_bug,huggingface/transformers#47879,,1,False,True,0.0,0.01639344262295082,0.01639344262295082,1,UNJUDGED,True
T-E1:A_ko_symptom,C_bug,huggingface/transformers#48501,,2,False,True,0.0,0.016129032258064516,0.016129032258064516,2,UNJUDGED,False
T-E1:A_ko_symptom,C_bug,huggingface/transformers#48703,,3,False,True,0.0,0.015873015873015872,0.015873015873015872,3,UNJUDGED,False
T-E1:A_ko_symptom,C_bug,huggingface/transformers#49051,,4,False,True,0.0,0.015625,0.015625,4,UNJUDGED,False
T-E1:A_ko_symptom,C_bug,huggingface/transformers#49113,,5,False,True,0.0,0.015384615384615385,0.015384615384615385,5,UNJUDGED,False
