query_id,repository,scope,query_text,current_tokens,matches,unmatched,ascii_boundary_candidates,candidates_in_corpus,candidates_in_reference,bm25_empty,quality_status,diagnosis
O-E1:A_ko_symptom,opencv/opencv,C_raw,"[PROBLEM]
CMake로 OpenCV 빌드 파일을 만든 뒤 MinGW로 컴파일하면 중간에 빌드가 멈춥니다.","[""cmake로"", ""opencv"", ""빌드"", ""파일을"", ""만든"", ""뒤"", ""mingw로"", ""컴파일하면"", ""중간에"", ""빌드가"", ""멈춥니다""]","[""opencv""]","[""cmake로"", ""mingw로"", ""뒤"", ""만든"", ""멈춥니다"", ""빌드"", ""빌드가"", ""중간에"", ""컴파일하면"", ""파일을""]","[""cmake"", ""mingw""]","[""cmake"", ""mingw""]","[""cmake"", ""mingw""]",False,UNJUDGED,mechanical_token_output_only
O-E1:A_ko_symptom,opencv/opencv,C_bug,"[PROBLEM]
CMake로 OpenCV 빌드 파일을 만든 뒤 MinGW로 컴파일하면 중간에 빌드가 멈춥니다.","[""cmake로"", ""opencv"", ""빌드"", ""파일을"", ""만든"", ""뒤"", ""mingw로"", ""컴파일하면"", ""중간에"", ""빌드가"", ""멈춥니다""]","[""opencv""]","[""cmake로"", ""mingw로"", ""뒤"", ""만든"", ""멈춥니다"", ""빌드"", ""빌드가"", ""중간에"", ""컴파일하면"", ""파일을""]","[""cmake"", ""mingw""]","[""cmake"", ""mingw""]","[""cmake"", ""mingw""]",False,UNJUDGED,mechanical_token_output_only
O-E1:B_ko_context,opencv/opencv,C_raw,"[PROBLEM]
CMake로 OpenCV 빌드 파일을 만든 뒤 mingw32-make로 컴파일하면 두 곳에서 같은 선언 누락 오류로 빌드가 멈춥니다. 추가 빌드 설정은 하지 않았습니다.

[ERROR]
error: 'posix_memalign' was not declared in this scope

[ENVIRONMENT]
OpenCV 5.0.0, Windows 11, MinGW GCC 16.1.0","[""cmake로"", ""opencv"", ""빌드"", ""파일을"", ""만든"", ""뒤"", ""mingw32-make로"", ""mingw32"", ""make로"", ""컴파일하면"", ""두"", ""곳에서"", ""같은"", ""선언"", ""누락"", ""오류로"", ""빌드가"", ""멈춥니다"", ""추가"", ""빌드"", ""설정은"", ""하지"", ""않았습니다"", ""error"", ""posix_memalign"", ""posix"", ""memalign"", ""was"", ""not"", ""declared"", ""in"", ""this"", ""scope"", ""opencv"", ""5.0.0"", ""5"", ""0"", ""0"", ""windows"", ""11"", ""mingw"", ""gcc"", ""16.1.0"", ""16"", ""1"", ""0""]","[""0"", ""1"", ""11"", ""16"", ""16.1.0"", ""5"", ""5.0.0"", ""declared"", ""error"", ""gcc"", ""in"", ""memalign"", ""mingw"", ""mingw32"", ""not"", ""opencv"", ""posix"", ""posix_memalign"", ""scope"", ""this"", ""was"", ""windows""]","[""cmake로"", ""make로"", ""mingw32-make로"", ""같은"", ""곳에서"", ""누락"", ""두"", ""뒤"", ""만든"", ""멈춥니다"", ""빌드"", ""빌드가"", ""선언"", ""설정은"", ""않았습니다"", ""오류로"", ""추가"", ""컴파일하면"", ""파일을"", ""하지""]","[""cmake"", ""mingw32-make"", ""make""]","[""cmake"", ""make"", ""mingw32-make""]","[""cmake"", ""make"", ""mingw32-make""]",False,UNJUDGED,mechanical_token_output_only
O-E1:B_ko_context,opencv/opencv,C_bug,"[PROBLEM]
CMake로 OpenCV 빌드 파일을 만든 뒤 mingw32-make로 컴파일하면 두 곳에서 같은 선언 누락 오류로 빌드가 멈춥니다. 추가 빌드 설정은 하지 않았습니다.

[ERROR]
error: 'posix_memalign' was not declared in this scope

[ENVIRONMENT]
OpenCV 5.0.0, Windows 11, MinGW GCC 16.1.0","[""cmake로"", ""opencv"", ""빌드"", ""파일을"", ""만든"", ""뒤"", ""mingw32-make로"", ""mingw32"", ""make로"", ""컴파일하면"", ""두"", ""곳에서"", ""같은"", ""선언"", ""누락"", ""오류로"", ""빌드가"", ""멈춥니다"", ""추가"", ""빌드"", ""설정은"", ""하지"", ""않았습니다"", ""error"", ""posix_memalign"", ""posix"", ""memalign"", ""was"", ""not"", ""declared"", ""in"", ""this"", ""scope"", ""opencv"", ""5.0.0"", ""5"", ""0"", ""0"", ""windows"", ""11"", ""mingw"", ""gcc"", ""16.1.0"", ""16"", ""1"", ""0""]","[""0"", ""1"", ""11"", ""16"", ""16.1.0"", ""5"", ""5.0.0"", ""declared"", ""error"", ""gcc"", ""in"", ""memalign"", ""mingw"", ""mingw32"", ""not"", ""opencv"", ""posix"", ""posix_memalign"", ""scope"", ""this"", ""was"", ""windows""]","[""cmake로"", ""make로"", ""mingw32-make로"", ""같은"", ""곳에서"", ""누락"", ""두"", ""뒤"", ""만든"", ""멈춥니다"", ""빌드"", ""빌드가"", ""선언"", ""설정은"", ""않았습니다"", ""오류로"", ""추가"", ""컴파일하면"", ""파일을"", ""하지""]","[""cmake"", ""mingw32-make"", ""make""]","[""cmake"", ""make"", ""mingw32-make""]","[""cmake"", ""make"", ""mingw32-make""]",False,UNJUDGED,mechanical_token_output_only
O-E1:C_en_context,opencv/opencv,C_raw,"[PROBLEM]
After generating the OpenCV build files with CMake, mingw32-make stops compilation in two places with the same missing declaration error. I have not added extra build settings.

[ERROR]
error: 'posix_memalign' was not declared in this scope

[ENVIRONMENT]
OpenCV 5.0.0, Windows 11, MinGW GCC 16.1.0","[""after"", ""generating"", ""the"", ""opencv"", ""build"", ""files"", ""with"", ""cmake"", ""mingw32-make"", ""mingw32"", ""make"", ""stops"", ""compilation"", ""in"", ""two"", ""places"", ""with"", ""the"", ""same"", ""missing"", ""declaration"", ""error"", ""i"", ""have"", ""not"", ""added"", ""extra"", ""build"", ""settings"", ""error"", ""posix_memalign"", ""posix"", ""memalign"", ""was"", ""not"", ""declared"", ""in"", ""this"", ""scope"", ""opencv"", ""5.0.0"", ""5"", ""0"", ""0"", ""windows"", ""11"", ""mingw"", ""gcc"", ""16.1.0"", ""16"", ""1"", ""0""]","[""0"", ""1"", ""11"", ""16"", ""16.1.0"", ""5"", ""5.0.0"", ""added"", ""after"", ""build"", ""cmake"", ""compilation"", ""declaration"", ""declared"", ""error"", ""extra"", ""files"", ""gcc"", ""generating"", ""have"", ""i"", ""in"", ""make"", ""memalign"", ""mingw"", ""mingw32"", ""mingw32-make"", ""missing"", ""not"", ""opencv"", ""places"", ""posix"", ""posix_memalign"", ""same"", ""scope"", ""settings"", ""stops"", ""the"", ""this"", ""two"", ""was"", ""windows"", ""with""]",[],[],[],[],False,UNJUDGED,mechanical_token_output_only
O-E1:C_en_context,opencv/opencv,C_bug,"[PROBLEM]
After generating the OpenCV build files with CMake, mingw32-make stops compilation in two places with the same missing declaration error. I have not added extra build settings.

[ERROR]
error: 'posix_memalign' was not declared in this scope

[ENVIRONMENT]
OpenCV 5.0.0, Windows 11, MinGW GCC 16.1.0","[""after"", ""generating"", ""the"", ""opencv"", ""build"", ""files"", ""with"", ""cmake"", ""mingw32-make"", ""mingw32"", ""make"", ""stops"", ""compilation"", ""in"", ""two"", ""places"", ""with"", ""the"", ""same"", ""missing"", ""declaration"", ""error"", ""i"", ""have"", ""not"", ""added"", ""extra"", ""build"", ""settings"", ""error"", ""posix_memalign"", ""posix"", ""memalign"", ""was"", ""not"", ""declared"", ""in"", ""this"", ""scope"", ""opencv"", ""5.0.0"", ""5"", ""0"", ""0"", ""windows"", ""11"", ""mingw"", ""gcc"", ""16.1.0"", ""16"", ""1"", ""0""]","[""0"", ""1"", ""11"", ""16"", ""16.1.0"", ""5"", ""5.0.0"", ""added"", ""after"", ""build"", ""cmake"", ""compilation"", ""declaration"", ""declared"", ""error"", ""extra"", ""files"", ""gcc"", ""generating"", ""have"", ""i"", ""in"", ""make"", ""memalign"", ""mingw"", ""mingw32"", ""mingw32-make"", ""missing"", ""not"", ""opencv"", ""places"", ""posix"", ""posix_memalign"", ""same"", ""scope"", ""settings"", ""stops"", ""the"", ""this"", ""two"", ""was"", ""windows"", ""with""]",[],[],[],[],False,UNJUDGED,mechanical_token_output_only
O-E2:A_ko_symptom,opencv/opencv,C_raw,"[PROBLEM]
GitHub Actions에서 설치한 OpenCV를 Python으로 불러오면 import 단계에서 실패합니다.","[""github"", ""actions에서"", ""설치한"", ""opencv를"", ""python으로"", ""불러오면"", ""import"", ""단계에서"", ""실패합니다""]","[""github"", ""import""]","[""actions에서"", ""opencv를"", ""python으로"", ""단계에서"", ""불러오면"", ""설치한"", ""실패합니다""]","[""actions"", ""opencv"", ""python""]","[""actions"", ""opencv"", ""python""]","[""actions"", ""opencv"", ""python""]",False,UNJUDGED,mechanical_token_output_only
O-E2:A_ko_symptom,opencv/opencv,C_bug,"[PROBLEM]
GitHub Actions에서 설치한 OpenCV를 Python으로 불러오면 import 단계에서 실패합니다.","[""github"", ""actions에서"", ""설치한"", ""opencv를"", ""python으로"", ""불러오면"", ""import"", ""단계에서"", ""실패합니다""]","[""github"", ""import""]","[""actions에서"", ""opencv를"", ""python으로"", ""단계에서"", ""불러오면"", ""설치한"", ""실패합니다""]","[""actions"", ""opencv"", ""python""]","[""actions"", ""opencv"", ""python""]","[""actions"", ""opencv"", ""python""]",False,UNJUDGED,mechanical_token_output_only
O-E2:B_ko_context,opencv/opencv,C_raw,"[PROBLEM]
GitHub Actions에서 opencv_contrib_python_rolling을 설치한 Python 프로젝트가 cv2 import 단계에서 실패합니다. 공유 라이브러리를 include 디렉터리에 링크하고 LD_LIBRARY_PATH에도 넣었습니다.

[ERROR]
ImportError: libavcodec.so.58: cannot open shared object file: No such file or directory

[ENVIRONMENT]
ubuntu-latest / Ubuntu 24.04; Python 3.12, 3.13, 3.14","[""github"", ""actions에서"", ""opencv_contrib_python_rolling을"", ""opencv"", ""contrib"", ""python"", ""rolling을"", ""설치한"", ""python"", ""프로젝트가"", ""cv2"", ""import"", ""단계에서"", ""실패합니다"", ""공유"", ""라이브러리를"", ""include"", ""디렉터리에"", ""링크하고"", ""ld_library_path에도"", ""ld"", ""library"", ""path에도"", ""넣었습니다"", ""importerror"", ""libavcodec.so.58"", ""libavcodec"", ""so"", ""58"", ""cannot"", ""open"", ""shared"", ""object"", ""file"", ""no"", ""such"", ""file"", ""or"", ""directory"", ""ubuntu-latest"", ""ubuntu"", ""latest"", ""ubuntu"", ""24.04"", ""24"", ""04"", ""python"", ""3.12"", ""3"", ""12"", ""3.13"", ""3"", ""13"", ""3.14"", ""3"", ""14""]","[""04"", ""12"", ""13"", ""14"", ""24"", ""24.04"", ""3"", ""3.12"", ""3.13"", ""3.14"", ""58"", ""cannot"", ""contrib"", ""cv2"", ""directory"", ""file"", ""github"", ""import"", ""importerror"", ""include"", ""latest"", ""ld"", ""libavcodec"", ""libavcodec.so.58"", ""library"", ""no"", ""object"", ""open"", ""opencv"", ""or"", ""python"", ""shared"", ""so"", ""such"", ""ubuntu"", ""ubuntu-latest""]","[""actions에서"", ""ld_library_path에도"", ""opencv_contrib_python_rolling을"", ""path에도"", ""rolling을"", ""공유"", ""넣었습니다"", ""단계에서"", ""디렉터리에"", ""라이브러리를"", ""링크하고"", ""설치한"", ""실패합니다"", ""프로젝트가""]","[""actions"", ""opencv_contrib_python_rolling"", ""rolling"", ""ld_library_path"", ""path""]","[""actions"", ""ld_library_path"", ""opencv_contrib_python_rolling"", ""path"", ""rolling""]","[""actions"", ""ld_library_path"", ""opencv_contrib_python_rolling"", ""path"", ""rolling""]",False,UNJUDGED,mechanical_token_output_only
O-E2:B_ko_context,opencv/opencv,C_bug,"[PROBLEM]
GitHub Actions에서 opencv_contrib_python_rolling을 설치한 Python 프로젝트가 cv2 import 단계에서 실패합니다. 공유 라이브러리를 include 디렉터리에 링크하고 LD_LIBRARY_PATH에도 넣었습니다.

[ERROR]
ImportError: libavcodec.so.58: cannot open shared object file: No such file or directory

[ENVIRONMENT]
ubuntu-latest / Ubuntu 24.04; Python 3.12, 3.13, 3.14","[""github"", ""actions에서"", ""opencv_contrib_python_rolling을"", ""opencv"", ""contrib"", ""python"", ""rolling을"", ""설치한"", ""python"", ""프로젝트가"", ""cv2"", ""import"", ""단계에서"", ""실패합니다"", ""공유"", ""라이브러리를"", ""include"", ""디렉터리에"", ""링크하고"", ""ld_library_path에도"", ""ld"", ""library"", ""path에도"", ""넣었습니다"", ""importerror"", ""libavcodec.so.58"", ""libavcodec"", ""so"", ""58"", ""cannot"", ""open"", ""shared"", ""object"", ""file"", ""no"", ""such"", ""file"", ""or"", ""directory"", ""ubuntu-latest"", ""ubuntu"", ""latest"", ""ubuntu"", ""24.04"", ""24"", ""04"", ""python"", ""3.12"", ""3"", ""12"", ""3.13"", ""3"", ""13"", ""3.14"", ""3"", ""14""]","[""04"", ""12"", ""13"", ""14"", ""24"", ""24.04"", ""3"", ""3.12"", ""3.13"", ""3.14"", ""58"", ""cannot"", ""contrib"", ""cv2"", ""directory"", ""file"", ""github"", ""import"", ""importerror"", ""include"", ""latest"", ""ld"", ""libavcodec"", ""libavcodec.so.58"", ""library"", ""no"", ""object"", ""open"", ""opencv"", ""or"", ""python"", ""shared"", ""so"", ""such"", ""ubuntu"", ""ubuntu-latest""]","[""actions에서"", ""ld_library_path에도"", ""opencv_contrib_python_rolling을"", ""path에도"", ""rolling을"", ""공유"", ""넣었습니다"", ""단계에서"", ""디렉터리에"", ""라이브러리를"", ""링크하고"", ""설치한"", ""실패합니다"", ""프로젝트가""]","[""actions"", ""opencv_contrib_python_rolling"", ""rolling"", ""ld_library_path"", ""path""]","[""actions"", ""ld_library_path"", ""opencv_contrib_python_rolling"", ""path"", ""rolling""]","[""actions"", ""ld_library_path"", ""opencv_contrib_python_rolling"", ""path"", ""rolling""]",False,UNJUDGED,mechanical_token_output_only
O-E2:C_en_context,opencv/opencv,C_raw,"[PROBLEM]
A Python project using opencv_contrib_python_rolling fails while importing cv2 in GitHub Actions. Shared libraries were symlinked into an include directory which was also added to LD_LIBRARY_PATH.

[ERROR]
ImportError: libavcodec.so.58: cannot open shared object file: No such file or directory

[ENVIRONMENT]
ubuntu-latest / Ubuntu 24.04; Python 3.12, 3.13, 3.14","[""a"", ""python"", ""project"", ""using"", ""opencv_contrib_python_rolling"", ""opencv"", ""contrib"", ""python"", ""rolling"", ""fails"", ""while"", ""importing"", ""cv2"", ""in"", ""github"", ""actions"", ""shared"", ""libraries"", ""were"", ""symlinked"", ""into"", ""an"", ""include"", ""directory"", ""which"", ""was"", ""also"", ""added"", ""to"", ""ld_library_path"", ""ld"", ""library"", ""path"", ""importerror"", ""libavcodec.so.58"", ""libavcodec"", ""so"", ""58"", ""cannot"", ""open"", ""shared"", ""object"", ""file"", ""no"", ""such"", ""file"", ""or"", ""directory"", ""ubuntu-latest"", ""ubuntu"", ""latest"", ""ubuntu"", ""24.04"", ""24"", ""04"", ""python"", ""3.12"", ""3"", ""12"", ""3.13"", ""3"", ""13"", ""3.14"", ""3"", ""14""]","[""04"", ""12"", ""13"", ""14"", ""24"", ""24.04"", ""3"", ""3.12"", ""3.13"", ""3.14"", ""58"", ""a"", ""actions"", ""added"", ""also"", ""an"", ""cannot"", ""contrib"", ""cv2"", ""directory"", ""fails"", ""file"", ""github"", ""importerror"", ""importing"", ""in"", ""include"", ""into"", ""latest"", ""ld"", ""ld_library_path"", ""libavcodec"", ""libavcodec.so.58"", ""libraries"", ""library"", ""no"", ""object"", ""open"", ""opencv"", ""opencv_contrib_python_rolling"", ""or"", ""path"", ""project"", ""python"", ""rolling"", ""shared"", ""so"", ""such"", ""to"", ""ubuntu"", ""ubuntu-latest"", ""using"", ""was"", ""were"", ""which"", ""while""]","[""symlinked""]",[],[],[],False,UNJUDGED,mechanical_token_output_only
O-E2:C_en_context,opencv/opencv,C_bug,"[PROBLEM]
A Python project using opencv_contrib_python_rolling fails while importing cv2 in GitHub Actions. Shared libraries were symlinked into an include directory which was also added to LD_LIBRARY_PATH.

[ERROR]
ImportError: libavcodec.so.58: cannot open shared object file: No such file or directory

[ENVIRONMENT]
ubuntu-latest / Ubuntu 24.04; Python 3.12, 3.13, 3.14","[""a"", ""python"", ""project"", ""using"", ""opencv_contrib_python_rolling"", ""opencv"", ""contrib"", ""python"", ""rolling"", ""fails"", ""while"", ""importing"", ""cv2"", ""in"", ""github"", ""actions"", ""shared"", ""libraries"", ""were"", ""symlinked"", ""into"", ""an"", ""include"", ""directory"", ""which"", ""was"", ""also"", ""added"", ""to"", ""ld_library_path"", ""ld"", ""library"", ""path"", ""importerror"", ""libavcodec.so.58"", ""libavcodec"", ""so"", ""58"", ""cannot"", ""open"", ""shared"", ""object"", ""file"", ""no"", ""such"", ""file"", ""or"", ""directory"", ""ubuntu-latest"", ""ubuntu"", ""latest"", ""ubuntu"", ""24.04"", ""24"", ""04"", ""python"", ""3.12"", ""3"", ""12"", ""3.13"", ""3"", ""13"", ""3.14"", ""3"", ""14""]","[""04"", ""12"", ""13"", ""14"", ""24"", ""24.04"", ""3"", ""3.12"", ""3.13"", ""3.14"", ""58"", ""a"", ""actions"", ""added"", ""also"", ""an"", ""cannot"", ""contrib"", ""cv2"", ""directory"", ""fails"", ""file"", ""github"", ""importerror"", ""importing"", ""in"", ""include"", ""into"", ""latest"", ""ld"", ""ld_library_path"", ""libavcodec"", ""libavcodec.so.58"", ""libraries"", ""library"", ""no"", ""object"", ""open"", ""opencv"", ""opencv_contrib_python_rolling"", ""or"", ""path"", ""project"", ""python"", ""rolling"", ""shared"", ""so"", ""such"", ""to"", ""ubuntu"", ""ubuntu-latest"", ""using"", ""was"", ""were"", ""which"", ""while""]","[""symlinked""]",[],[],[],False,UNJUDGED,mechanical_token_output_only
O-S1:A_ko_symptom,opencv/opencv,C_raw,"[PROBLEM]
Python OpenCV에서 손과 눈 보정용 calibrateHandEye 함수를 사용할 수 없습니다.","[""python"", ""opencv에서"", ""손과"", ""눈"", ""보정용"", ""calibratehandeye"", ""함수를"", ""사용할"", ""수"", ""없습니다""]","[""calibratehandeye"", ""python"", ""수"", ""없습니다""]","[""opencv에서"", ""눈"", ""보정용"", ""사용할"", ""손과"", ""함수를""]","[""opencv""]","[""opencv""]","[""opencv""]",False,UNJUDGED,mechanical_token_output_only
O-S1:A_ko_symptom,opencv/opencv,C_bug,"[PROBLEM]
Python OpenCV에서 손과 눈 보정용 calibrateHandEye 함수를 사용할 수 없습니다.","[""python"", ""opencv에서"", ""손과"", ""눈"", ""보정용"", ""calibratehandeye"", ""함수를"", ""사용할"", ""수"", ""없습니다""]","[""calibratehandeye"", ""python"", ""수"", ""없습니다""]","[""opencv에서"", ""눈"", ""보정용"", ""사용할"", ""손과"", ""함수를""]","[""opencv""]","[""opencv""]","[""opencv""]",False,UNJUDGED,mechanical_token_output_only
O-S1:B_ko_context,opencv/opencv,C_raw,"[PROBLEM]
Python OpenCV의 calibrateHandEye 함수를 쓰려는데 cv2에 해당 속성이 없습니다. hasattr로 확인해도 False가 나오며 마이그레이션 안내에서는 Python 보정 함수가 바뀌지 않았다고 합니다.

[ENVIRONMENT]
opencv-contrib-python 5.0.0.93; Ubuntu 24 Docker 컨테이너, Arch Linux 호스트","[""python"", ""opencv의"", ""calibratehandeye"", ""함수를"", ""쓰려는데"", ""cv2에"", ""해당"", ""속성이"", ""없습니다"", ""hasattr로"", ""확인해도"", ""false가"", ""나오며"", ""마이그레이션"", ""안내에서는"", ""python"", ""보정"", ""함수가"", ""바뀌지"", ""않았다고"", ""합니다"", ""opencv-contrib-python"", ""opencv"", ""contrib"", ""python"", ""5.0.0.93"", ""5"", ""0"", ""0"", ""93"", ""ubuntu"", ""24"", ""docker"", ""컨테이너"", ""arch"", ""linux"", ""호스트""]","[""0"", ""24"", ""5"", ""5.0.0.93"", ""93"", ""arch"", ""calibratehandeye"", ""contrib"", ""docker"", ""linux"", ""opencv"", ""opencv-contrib-python"", ""python"", ""ubuntu"", ""없습니다""]","[""cv2에"", ""false가"", ""hasattr로"", ""opencv의"", ""나오며"", ""마이그레이션"", ""바뀌지"", ""보정"", ""속성이"", ""쓰려는데"", ""안내에서는"", ""않았다고"", ""컨테이너"", ""함수가"", ""함수를"", ""합니다"", ""해당"", ""호스트"", ""확인해도""]","[""cv2"", ""hasattr"", ""false""]","[""cv2"", ""false"", ""hasattr""]","[""cv2"", ""false"", ""hasattr""]",False,UNJUDGED,mechanical_token_output_only
O-S1:B_ko_context,opencv/opencv,C_bug,"[PROBLEM]
Python OpenCV의 calibrateHandEye 함수를 쓰려는데 cv2에 해당 속성이 없습니다. hasattr로 확인해도 False가 나오며 마이그레이션 안내에서는 Python 보정 함수가 바뀌지 않았다고 합니다.

[ENVIRONMENT]
opencv-contrib-python 5.0.0.93; Ubuntu 24 Docker 컨테이너, Arch Linux 호스트","[""python"", ""opencv의"", ""calibratehandeye"", ""함수를"", ""쓰려는데"", ""cv2에"", ""해당"", ""속성이"", ""없습니다"", ""hasattr로"", ""확인해도"", ""false가"", ""나오며"", ""마이그레이션"", ""안내에서는"", ""python"", ""보정"", ""함수가"", ""바뀌지"", ""않았다고"", ""합니다"", ""opencv-contrib-python"", ""opencv"", ""contrib"", ""python"", ""5.0.0.93"", ""5"", ""0"", ""0"", ""93"", ""ubuntu"", ""24"", ""docker"", ""컨테이너"", ""arch"", ""linux"", ""호스트""]","[""0"", ""24"", ""5"", ""5.0.0.93"", ""93"", ""arch"", ""calibratehandeye"", ""contrib"", ""docker"", ""linux"", ""opencv"", ""opencv-contrib-python"", ""python"", ""ubuntu"", ""없습니다""]","[""cv2에"", ""false가"", ""hasattr로"", ""opencv의"", ""나오며"", ""마이그레이션"", ""바뀌지"", ""보정"", ""속성이"", ""쓰려는데"", ""안내에서는"", ""않았다고"", ""컨테이너"", ""함수가"", ""함수를"", ""합니다"", ""해당"", ""호스트"", ""확인해도""]","[""cv2"", ""hasattr"", ""false""]","[""cv2"", ""false"", ""hasattr""]","[""cv2"", ""false"", ""hasattr""]",False,UNJUDGED,mechanical_token_output_only
O-S1:C_en_context,opencv/opencv,C_raw,"[PROBLEM]
I need calibrateHandEye in Python OpenCV, but cv2 does not have that attribute. Checking with hasattr returns False, although the migration guide says the Python calibration functions have not changed.

[ENVIRONMENT]
opencv-contrib-python 5.0.0.93; Ubuntu 24 Docker container on an Arch Linux host","[""i"", ""need"", ""calibratehandeye"", ""in"", ""python"", ""opencv"", ""but"", ""cv2"", ""does"", ""not"", ""have"", ""that"", ""attribute"", ""checking"", ""with"", ""hasattr"", ""returns"", ""false"", ""although"", ""the"", ""migration"", ""guide"", ""says"", ""the"", ""python"", ""calibration"", ""functions"", ""have"", ""not"", ""changed"", ""opencv-contrib-python"", ""opencv"", ""contrib"", ""python"", ""5.0.0.93"", ""5"", ""0"", ""0"", ""93"", ""ubuntu"", ""24"", ""docker"", ""container"", ""on"", ""an"", ""arch"", ""linux"", ""host""]","[""0"", ""24"", ""5"", ""5.0.0.93"", ""93"", ""although"", ""an"", ""arch"", ""attribute"", ""but"", ""calibratehandeye"", ""calibration"", ""changed"", ""checking"", ""container"", ""contrib"", ""cv2"", ""docker"", ""does"", ""false"", ""functions"", ""guide"", ""hasattr"", ""have"", ""host"", ""i"", ""in"", ""linux"", ""migration"", ""need"", ""not"", ""on"", ""opencv"", ""opencv-contrib-python"", ""python"", ""returns"", ""says"", ""that"", ""the"", ""ubuntu"", ""with""]",[],[],[],[],False,UNJUDGED,mechanical_token_output_only
O-S1:C_en_context,opencv/opencv,C_bug,"[PROBLEM]
I need calibrateHandEye in Python OpenCV, but cv2 does not have that attribute. Checking with hasattr returns False, although the migration guide says the Python calibration functions have not changed.

[ENVIRONMENT]
opencv-contrib-python 5.0.0.93; Ubuntu 24 Docker container on an Arch Linux host","[""i"", ""need"", ""calibratehandeye"", ""in"", ""python"", ""opencv"", ""but"", ""cv2"", ""does"", ""not"", ""have"", ""that"", ""attribute"", ""checking"", ""with"", ""hasattr"", ""returns"", ""false"", ""although"", ""the"", ""migration"", ""guide"", ""says"", ""the"", ""python"", ""calibration"", ""functions"", ""have"", ""not"", ""changed"", ""opencv-contrib-python"", ""opencv"", ""contrib"", ""python"", ""5.0.0.93"", ""5"", ""0"", ""0"", ""93"", ""ubuntu"", ""24"", ""docker"", ""container"", ""on"", ""an"", ""arch"", ""linux"", ""host""]","[""0"", ""24"", ""5"", ""5.0.0.93"", ""93"", ""although"", ""an"", ""arch"", ""attribute"", ""but"", ""calibratehandeye"", ""calibration"", ""changed"", ""checking"", ""container"", ""contrib"", ""cv2"", ""docker"", ""does"", ""false"", ""functions"", ""guide"", ""hasattr"", ""have"", ""host"", ""i"", ""in"", ""linux"", ""migration"", ""need"", ""not"", ""on"", ""opencv"", ""opencv-contrib-python"", ""python"", ""returns"", ""says"", ""that"", ""the"", ""ubuntu"", ""with""]",[],[],[],[],False,UNJUDGED,mechanical_token_output_only
O-S2:A_ko_symptom,opencv/opencv,C_raw,"[PROBLEM]
출시된 OpenCV 버전의 온라인 문서를 찾을 수 없고 문서 링크가 이전 버전으로 갑니다.","[""출시된"", ""opencv"", ""버전의"", ""온라인"", ""문서를"", ""찾을"", ""수"", ""없고"", ""문서"", ""링크가"", ""이전"", ""버전으로"", ""갑니다""]","[""opencv"", ""수""]","[""갑니다"", ""링크가"", ""문서"", ""문서를"", ""버전으로"", ""버전의"", ""없고"", ""온라인"", ""이전"", ""찾을"", ""출시된""]",[],[],[],False,UNJUDGED,mechanical_token_output_only
O-S2:A_ko_symptom,opencv/opencv,C_bug,"[PROBLEM]
출시된 OpenCV 버전의 온라인 문서를 찾을 수 없고 문서 링크가 이전 버전으로 갑니다.","[""출시된"", ""opencv"", ""버전의"", ""온라인"", ""문서를"", ""찾을"", ""수"", ""없고"", ""문서"", ""링크가"", ""이전"", ""버전으로"", ""갑니다""]","[""opencv"", ""수""]","[""갑니다"", ""링크가"", ""문서"", ""문서를"", ""버전으로"", ""버전의"", ""없고"", ""온라인"", ""이전"", ""찾을"", ""출시된""]",[],[],[],False,UNJUDGED,mechanical_token_output_only
O-S2:B_ko_context,opencv/opencv,C_raw,"[PROBLEM]
OpenCV 4.14.0은 출시됐는데 wiki의 4.x 문서 링크는 4.13.0으로 이동합니다. 5.0 문서 페이지의 버전 선택 메뉴에도 4.14.0은 없고 4.13.0만 보입니다.

[ENVIRONMENT]
온라인 wiki 및 docs.opencv.org의 문서 메뉴","[""opencv"", ""4.14.0은"", ""4"", ""14"", ""0은"", ""출시됐는데"", ""wiki의"", ""4.x"", ""4"", ""x"", ""문서"", ""링크는"", ""4.13.0으로"", ""4"", ""13"", ""0으로"", ""이동합니다"", ""5.0"", ""5"", ""0"", ""문서"", ""페이지의"", ""버전"", ""선택"", ""메뉴에도"", ""4.14.0은"", ""4"", ""14"", ""0은"", ""없고"", ""4.13.0만"", ""4"", ""13"", ""0만"", ""보입니다"", ""온라인"", ""wiki"", ""및"", ""docs.opencv.org의"", ""docs"", ""opencv"", ""org의"", ""문서"", ""메뉴""]","[""0"", ""13"", ""14"", ""4"", ""4.x"", ""5"", ""5.0"", ""docs"", ""opencv"", ""wiki"", ""x""]","[""0만"", ""0으로"", ""0은"", ""4.13.0만"", ""4.13.0으로"", ""4.14.0은"", ""docs.opencv.org의"", ""org의"", ""wiki의"", ""링크는"", ""메뉴"", ""메뉴에도"", ""문서"", ""및"", ""버전"", ""보입니다"", ""선택"", ""없고"", ""온라인"", ""이동합니다"", ""출시됐는데"", ""페이지의""]","[""docs.opencv.org"", ""org""]","[""docs.opencv.org"", ""org""]","[""docs.opencv.org"", ""org""]",False,UNJUDGED,mechanical_token_output_only
O-S2:B_ko_context,opencv/opencv,C_bug,"[PROBLEM]
OpenCV 4.14.0은 출시됐는데 wiki의 4.x 문서 링크는 4.13.0으로 이동합니다. 5.0 문서 페이지의 버전 선택 메뉴에도 4.14.0은 없고 4.13.0만 보입니다.

[ENVIRONMENT]
온라인 wiki 및 docs.opencv.org의 문서 메뉴","[""opencv"", ""4.14.0은"", ""4"", ""14"", ""0은"", ""출시됐는데"", ""wiki의"", ""4.x"", ""4"", ""x"", ""문서"", ""링크는"", ""4.13.0으로"", ""4"", ""13"", ""0으로"", ""이동합니다"", ""5.0"", ""5"", ""0"", ""문서"", ""페이지의"", ""버전"", ""선택"", ""메뉴에도"", ""4.14.0은"", ""4"", ""14"", ""0은"", ""없고"", ""4.13.0만"", ""4"", ""13"", ""0만"", ""보입니다"", ""온라인"", ""wiki"", ""및"", ""docs.opencv.org의"", ""docs"", ""opencv"", ""org의"", ""문서"", ""메뉴""]","[""0"", ""13"", ""14"", ""4"", ""4.x"", ""5"", ""5.0"", ""docs"", ""opencv"", ""wiki"", ""x""]","[""0만"", ""0으로"", ""0은"", ""4.13.0만"", ""4.13.0으로"", ""4.14.0은"", ""docs.opencv.org의"", ""org의"", ""wiki의"", ""링크는"", ""메뉴"", ""메뉴에도"", ""문서"", ""및"", ""버전"", ""보입니다"", ""선택"", ""없고"", ""온라인"", ""이동합니다"", ""출시됐는데"", ""페이지의""]","[""docs.opencv.org"", ""org""]","[""org""]","[""docs.opencv.org"", ""org""]",False,UNJUDGED,mechanical_token_output_only
O-S2:C_en_context,opencv/opencv,C_raw,"[PROBLEM]
OpenCV 4.14.0 has been released, but the wiki link for the 4.x documentation redirects to 4.13.0. The version menu on the 5.0 documentation page also shows 4.13.0 and does not list 4.14.0.

[ENVIRONMENT]
Online wiki and the documentation version menu at docs.opencv.org","[""opencv"", ""4.14.0"", ""4"", ""14"", ""0"", ""has"", ""been"", ""released"", ""but"", ""the"", ""wiki"", ""link"", ""for"", ""the"", ""4.x"", ""4"", ""x"", ""documentation"", ""redirects"", ""to"", ""4.13.0"", ""4"", ""13"", ""0"", ""the"", ""version"", ""menu"", ""on"", ""the"", ""5.0"", ""5"", ""0"", ""documentation"", ""page"", ""also"", ""shows"", ""4.13.0"", ""4"", ""13"", ""0"", ""and"", ""does"", ""not"", ""list"", ""4.14.0"", ""4"", ""14"", ""0"", ""online"", ""wiki"", ""and"", ""the"", ""documentation"", ""version"", ""menu"", ""at"", ""docs.opencv.org"", ""docs"", ""opencv"", ""org""]","[""0"", ""13"", ""14"", ""4"", ""4.13.0"", ""4.14.0"", ""4.x"", ""5"", ""5.0"", ""also"", ""and"", ""at"", ""been"", ""but"", ""docs"", ""docs.opencv.org"", ""documentation"", ""does"", ""for"", ""has"", ""link"", ""list"", ""menu"", ""not"", ""on"", ""online"", ""opencv"", ""org"", ""page"", ""redirects"", ""released"", ""shows"", ""the"", ""to"", ""version"", ""wiki"", ""x""]",[],[],[],[],False,UNJUDGED,mechanical_token_output_only
O-S2:C_en_context,opencv/opencv,C_bug,"[PROBLEM]
OpenCV 4.14.0 has been released, but the wiki link for the 4.x documentation redirects to 4.13.0. The version menu on the 5.0 documentation page also shows 4.13.0 and does not list 4.14.0.

[ENVIRONMENT]
Online wiki and the documentation version menu at docs.opencv.org","[""opencv"", ""4.14.0"", ""4"", ""14"", ""0"", ""has"", ""been"", ""released"", ""but"", ""the"", ""wiki"", ""link"", ""for"", ""the"", ""4.x"", ""4"", ""x"", ""documentation"", ""redirects"", ""to"", ""4.13.0"", ""4"", ""13"", ""0"", ""the"", ""version"", ""menu"", ""on"", ""the"", ""5.0"", ""5"", ""0"", ""documentation"", ""page"", ""also"", ""shows"", ""4.13.0"", ""4"", ""13"", ""0"", ""and"", ""does"", ""not"", ""list"", ""4.14.0"", ""4"", ""14"", ""0"", ""online"", ""wiki"", ""and"", ""the"", ""documentation"", ""version"", ""menu"", ""at"", ""docs.opencv.org"", ""docs"", ""opencv"", ""org""]","[""0"", ""13"", ""14"", ""4"", ""4.13.0"", ""4.14.0"", ""4.x"", ""5"", ""5.0"", ""also"", ""and"", ""at"", ""been"", ""but"", ""docs"", ""documentation"", ""does"", ""for"", ""has"", ""link"", ""list"", ""menu"", ""not"", ""on"", ""opencv"", ""org"", ""page"", ""shows"", ""the"", ""to"", ""version"", ""wiki"", ""x""]","[""docs.opencv.org"", ""online"", ""redirects"", ""released""]",[],[],[],False,UNJUDGED,mechanical_token_output_only
O-C1:A_ko_symptom,opencv/opencv,C_raw,"[PROBLEM]
OpenCV Java로 영상을 읽을 때 NVIDIA 하드웨어 디코더가 사용되지 않습니다.","[""opencv"", ""java로"", ""영상을"", ""읽을"", ""때"", ""nvidia"", ""하드웨어"", ""디코더가"", ""사용되지"", ""않습니다""]","[""nvidia"", ""opencv""]","[""java로"", ""디코더가"", ""때"", ""사용되지"", ""않습니다"", ""영상을"", ""읽을"", ""하드웨어""]","[""java""]","[""java""]","[""java""]",False,UNJUDGED,mechanical_token_output_only
O-C1:A_ko_symptom,opencv/opencv,C_bug,"[PROBLEM]
OpenCV Java로 영상을 읽을 때 NVIDIA 하드웨어 디코더가 사용되지 않습니다.","[""opencv"", ""java로"", ""영상을"", ""읽을"", ""때"", ""nvidia"", ""하드웨어"", ""디코더가"", ""사용되지"", ""않습니다""]","[""nvidia"", ""opencv""]","[""java로"", ""디코더가"", ""때"", ""사용되지"", ""않습니다"", ""영상을"", ""읽을"", ""하드웨어""]","[""java""]","[""java""]","[""java""]",False,UNJUDGED,mechanical_token_output_only
O-C1:B_ko_context,opencv/opencv,C_raw,"[PROBLEM]
FFmpeg에서 h264_cuvid로 같은 영상을 직접 디코딩하면 GPU 디코더가 동작하지만, OpenCV Java VideoCapture에서는 동작하지 않습니다. CAP_FFMPEG와 VIDEO_ACCELERATION_ANY를 선택했고 OPENCV_FFMPEG_CAPTURE_OPTIONS로 video_codec=h264_cuvid를 지정했습니다.

[ENVIRONMENT]
Ubuntu 24.04; FFmpeg 6.1; OpenCV 4.12.0; NVIDIA RTX 5060","[""ffmpeg에서"", ""h264_cuvid로"", ""h264"", ""cuvid로"", ""같은"", ""영상을"", ""직접"", ""디코딩하면"", ""gpu"", ""디코더가"", ""동작하지만"", ""opencv"", ""java"", ""videocapture에서는"", ""동작하지"", ""않습니다"", ""cap_ffmpeg와"", ""cap"", ""ffmpeg와"", ""video_acceleration_any를"", ""video"", ""acceleration"", ""any를"", ""선택했고"", ""opencv_ffmpeg_capture_options로"", ""opencv"", ""ffmpeg"", ""capture"", ""options로"", ""video_codec"", ""video"", ""codec"", ""h264_cuvid를"", ""h264"", ""cuvid를"", ""지정했습니다"", ""ubuntu"", ""24.04"", ""24"", ""04"", ""ffmpeg"", ""6.1"", ""6"", ""1"", ""opencv"", ""4.12.0"", ""4"", ""12"", ""0"", ""nvidia"", ""rtx"", ""5060""]","[""0"", ""04"", ""1"", ""12"", ""24"", ""24.04"", ""4"", ""4.12.0"", ""5060"", ""6"", ""6.1"", ""acceleration"", ""cap"", ""capture"", ""codec"", ""ffmpeg"", ""gpu"", ""h264"", ""java"", ""nvidia"", ""opencv"", ""rtx"", ""ubuntu"", ""video"", ""video_codec""]","[""any를"", ""cap_ffmpeg와"", ""cuvid로"", ""cuvid를"", ""ffmpeg에서"", ""ffmpeg와"", ""h264_cuvid로"", ""h264_cuvid를"", ""opencv_ffmpeg_capture_options로"", ""options로"", ""video_acceleration_any를"", ""videocapture에서는"", ""같은"", ""동작하지"", ""동작하지만"", ""디코더가"", ""디코딩하면"", ""선택했고"", ""않습니다"", ""영상을"", ""지정했습니다"", ""직접""]","[""h264_cuvid"", ""cuvid"", ""videocapture"", ""cap_ffmpeg"", ""video_acceleration_any"", ""any"", ""opencv_ffmpeg_capture_options"", ""options""]","[""any"", ""cap_ffmpeg"", ""cuvid"", ""h264_cuvid"", ""opencv_ffmpeg_capture_options"", ""options"", ""videocapture""]","[""any"", ""cuvid"", ""h264_cuvid"", ""opencv_ffmpeg_capture_options"", ""options"", ""videocapture""]",False,UNJUDGED,mechanical_token_output_only
O-C1:B_ko_context,opencv/opencv,C_bug,"[PROBLEM]
FFmpeg에서 h264_cuvid로 같은 영상을 직접 디코딩하면 GPU 디코더가 동작하지만, OpenCV Java VideoCapture에서는 동작하지 않습니다. CAP_FFMPEG와 VIDEO_ACCELERATION_ANY를 선택했고 OPENCV_FFMPEG_CAPTURE_OPTIONS로 video_codec=h264_cuvid를 지정했습니다.

[ENVIRONMENT]
Ubuntu 24.04; FFmpeg 6.1; OpenCV 4.12.0; NVIDIA RTX 5060","[""ffmpeg에서"", ""h264_cuvid로"", ""h264"", ""cuvid로"", ""같은"", ""영상을"", ""직접"", ""디코딩하면"", ""gpu"", ""디코더가"", ""동작하지만"", ""opencv"", ""java"", ""videocapture에서는"", ""동작하지"", ""않습니다"", ""cap_ffmpeg와"", ""cap"", ""ffmpeg와"", ""video_acceleration_any를"", ""video"", ""acceleration"", ""any를"", ""선택했고"", ""opencv_ffmpeg_capture_options로"", ""opencv"", ""ffmpeg"", ""capture"", ""options로"", ""video_codec"", ""video"", ""codec"", ""h264_cuvid를"", ""h264"", ""cuvid를"", ""지정했습니다"", ""ubuntu"", ""24.04"", ""24"", ""04"", ""ffmpeg"", ""6.1"", ""6"", ""1"", ""opencv"", ""4.12.0"", ""4"", ""12"", ""0"", ""nvidia"", ""rtx"", ""5060""]","[""0"", ""04"", ""1"", ""12"", ""24"", ""24.04"", ""4"", ""4.12.0"", ""5060"", ""6"", ""6.1"", ""acceleration"", ""cap"", ""capture"", ""codec"", ""ffmpeg"", ""gpu"", ""h264"", ""java"", ""nvidia"", ""opencv"", ""rtx"", ""ubuntu"", ""video"", ""video_codec""]","[""any를"", ""cap_ffmpeg와"", ""cuvid로"", ""cuvid를"", ""ffmpeg에서"", ""ffmpeg와"", ""h264_cuvid로"", ""h264_cuvid를"", ""opencv_ffmpeg_capture_options로"", ""options로"", ""video_acceleration_any를"", ""videocapture에서는"", ""같은"", ""동작하지"", ""동작하지만"", ""디코더가"", ""디코딩하면"", ""선택했고"", ""않습니다"", ""영상을"", ""지정했습니다"", ""직접""]","[""h264_cuvid"", ""cuvid"", ""videocapture"", ""cap_ffmpeg"", ""video_acceleration_any"", ""any"", ""opencv_ffmpeg_capture_options"", ""options""]","[""any"", ""cap_ffmpeg"", ""cuvid"", ""h264_cuvid"", ""opencv_ffmpeg_capture_options"", ""options"", ""videocapture""]","[""any"", ""cuvid"", ""h264_cuvid"", ""opencv_ffmpeg_capture_options"", ""options"", ""videocapture""]",False,UNJUDGED,mechanical_token_output_only
O-C1:C_en_context,opencv/opencv,C_raw,"[PROBLEM]
Decoding the same video directly with FFmpeg and h264_cuvid uses the GPU decoder, but OpenCV Java VideoCapture does not. I selected CAP_FFMPEG and VIDEO_ACCELERATION_ANY, and set OPENCV_FFMPEG_CAPTURE_OPTIONS to video_codec=h264_cuvid.

[ENVIRONMENT]
Ubuntu 24.04; FFmpeg 6.1; OpenCV 4.12.0; NVIDIA RTX 5060","[""decoding"", ""the"", ""same"", ""video"", ""directly"", ""with"", ""ffmpeg"", ""and"", ""h264_cuvid"", ""h264"", ""cuvid"", ""uses"", ""the"", ""gpu"", ""decoder"", ""but"", ""opencv"", ""java"", ""videocapture"", ""does"", ""not"", ""i"", ""selected"", ""cap_ffmpeg"", ""cap"", ""ffmpeg"", ""and"", ""video_acceleration_any"", ""video"", ""acceleration"", ""any"", ""and"", ""set"", ""opencv_ffmpeg_capture_options"", ""opencv"", ""ffmpeg"", ""capture"", ""options"", ""to"", ""video_codec"", ""video"", ""codec"", ""h264_cuvid"", ""h264"", ""cuvid"", ""ubuntu"", ""24.04"", ""24"", ""04"", ""ffmpeg"", ""6.1"", ""6"", ""1"", ""opencv"", ""4.12.0"", ""4"", ""12"", ""0"", ""nvidia"", ""rtx"", ""5060""]","[""0"", ""04"", ""1"", ""12"", ""24"", ""24.04"", ""4"", ""4.12.0"", ""5060"", ""6"", ""6.1"", ""acceleration"", ""and"", ""any"", ""but"", ""cap"", ""cap_ffmpeg"", ""capture"", ""codec"", ""cuvid"", ""decoder"", ""decoding"", ""directly"", ""does"", ""ffmpeg"", ""gpu"", ""h264"", ""h264_cuvid"", ""i"", ""java"", ""not"", ""nvidia"", ""opencv"", ""opencv_ffmpeg_capture_options"", ""options"", ""rtx"", ""same"", ""selected"", ""set"", ""the"", ""to"", ""ubuntu"", ""uses"", ""video"", ""video_codec"", ""videocapture"", ""with""]","[""video_acceleration_any""]",[],[],[],False,UNJUDGED,mechanical_token_output_only
O-C1:C_en_context,opencv/opencv,C_bug,"[PROBLEM]
Decoding the same video directly with FFmpeg and h264_cuvid uses the GPU decoder, but OpenCV Java VideoCapture does not. I selected CAP_FFMPEG and VIDEO_ACCELERATION_ANY, and set OPENCV_FFMPEG_CAPTURE_OPTIONS to video_codec=h264_cuvid.

[ENVIRONMENT]
Ubuntu 24.04; FFmpeg 6.1; OpenCV 4.12.0; NVIDIA RTX 5060","[""decoding"", ""the"", ""same"", ""video"", ""directly"", ""with"", ""ffmpeg"", ""and"", ""h264_cuvid"", ""h264"", ""cuvid"", ""uses"", ""the"", ""gpu"", ""decoder"", ""but"", ""opencv"", ""java"", ""videocapture"", ""does"", ""not"", ""i"", ""selected"", ""cap_ffmpeg"", ""cap"", ""ffmpeg"", ""and"", ""video_acceleration_any"", ""video"", ""acceleration"", ""any"", ""and"", ""set"", ""opencv_ffmpeg_capture_options"", ""opencv"", ""ffmpeg"", ""capture"", ""options"", ""to"", ""video_codec"", ""video"", ""codec"", ""h264_cuvid"", ""h264"", ""cuvid"", ""ubuntu"", ""24.04"", ""24"", ""04"", ""ffmpeg"", ""6.1"", ""6"", ""1"", ""opencv"", ""4.12.0"", ""4"", ""12"", ""0"", ""nvidia"", ""rtx"", ""5060""]","[""0"", ""04"", ""1"", ""12"", ""24"", ""24.04"", ""4"", ""4.12.0"", ""5060"", ""6"", ""6.1"", ""acceleration"", ""and"", ""any"", ""but"", ""cap"", ""cap_ffmpeg"", ""capture"", ""codec"", ""cuvid"", ""decoder"", ""decoding"", ""directly"", ""does"", ""ffmpeg"", ""gpu"", ""h264"", ""h264_cuvid"", ""i"", ""java"", ""not"", ""nvidia"", ""opencv"", ""opencv_ffmpeg_capture_options"", ""options"", ""rtx"", ""same"", ""selected"", ""set"", ""the"", ""to"", ""ubuntu"", ""uses"", ""video"", ""video_codec"", ""videocapture"", ""with""]","[""video_acceleration_any""]",[],[],[],False,UNJUDGED,mechanical_token_output_only
O-C2:A_ko_symptom,opencv/opencv,C_raw,"[PROBLEM]
ChArUco 보드에서 마커는 검출되는데 체스보드 코너는 검출되지 않습니다.","[""charuco"", ""보드에서"", ""마커는"", ""검출되는데"", ""체스보드"", ""코너는"", ""검출되지"", ""않습니다""]","[""charuco""]","[""검출되는데"", ""검출되지"", ""마커는"", ""보드에서"", ""않습니다"", ""체스보드"", ""코너는""]",[],[],[],False,UNJUDGED,mechanical_token_output_only
O-C2:A_ko_symptom,opencv/opencv,C_bug,"[PROBLEM]
ChArUco 보드에서 마커는 검출되는데 체스보드 코너는 검출되지 않습니다.","[""charuco"", ""보드에서"", ""마커는"", ""검출되는데"", ""체스보드"", ""코너는"", ""검출되지"", ""않습니다""]","[""charuco""]","[""검출되는데"", ""검출되지"", ""마커는"", ""보드에서"", ""않습니다"", ""체스보드"", ""코너는""]",[],[],[],False,UNJUDGED,mechanical_token_output_only
O-C2:B_ko_context,opencv/opencv,C_raw,"[PROBLEM]
동일 파라미터의 8x6 ChArUco 보드 중 OpenCV로 생성한 보드에서는 마커와 코너가 모두 검출됩니다. calib.io로 생성한 보드에서는 마커만 검출되고 코너가 나오지 않습니다. CharucoDetector.detectBoard를 사용합니다.

[ENVIRONMENT]
opencv-python 4.14.0.94; macOS ARM; DICT_4X4_50, square length 35 mm, marker length 24 mm","[""동일"", ""파라미터의"", ""8x6"", ""charuco"", ""보드"", ""중"", ""opencv로"", ""생성한"", ""보드에서는"", ""마커와"", ""코너가"", ""모두"", ""검출됩니다"", ""calib.io로"", ""calib"", ""io로"", ""생성한"", ""보드에서는"", ""마커만"", ""검출되고"", ""코너가"", ""나오지"", ""않습니다"", ""charucodetector.detectboard를"", ""charucodetector"", ""detectboard를"", ""사용합니다"", ""opencv-python"", ""opencv"", ""python"", ""4.14.0.94"", ""4"", ""14"", ""0"", ""94"", ""macos"", ""arm"", ""dict_4x4_50"", ""dict"", ""4x4"", ""50"", ""square"", ""length"", ""35"", ""mm"", ""marker"", ""length"", ""24"", ""mm""]","[""0"", ""14"", ""24"", ""35"", ""4"", ""4.14.0.94"", ""4x4"", ""50"", ""8x6"", ""94"", ""arm"", ""calib"", ""charuco"", ""charucodetector"", ""dict"", ""length"", ""macos"", ""marker"", ""mm"", ""opencv"", ""opencv-python"", ""python"", ""square""]","[""calib.io로"", ""charucodetector.detectboard를"", ""detectboard를"", ""dict_4x4_50"", ""io로"", ""opencv로"", ""검출되고"", ""검출됩니다"", ""나오지"", ""동일"", ""마커만"", ""마커와"", ""모두"", ""보드"", ""보드에서는"", ""사용합니다"", ""생성한"", ""않습니다"", ""중"", ""코너가"", ""파라미터의""]","[""calib.io"", ""io"", ""charucodetector.detectboard"", ""detectboard""]","[""calib.io"", ""detectboard"", ""io""]","[""calib.io"", ""detectboard"", ""io""]",False,UNJUDGED,mechanical_token_output_only
O-C2:B_ko_context,opencv/opencv,C_bug,"[PROBLEM]
동일 파라미터의 8x6 ChArUco 보드 중 OpenCV로 생성한 보드에서는 마커와 코너가 모두 검출됩니다. calib.io로 생성한 보드에서는 마커만 검출되고 코너가 나오지 않습니다. CharucoDetector.detectBoard를 사용합니다.

[ENVIRONMENT]
opencv-python 4.14.0.94; macOS ARM; DICT_4X4_50, square length 35 mm, marker length 24 mm","[""동일"", ""파라미터의"", ""8x6"", ""charuco"", ""보드"", ""중"", ""opencv로"", ""생성한"", ""보드에서는"", ""마커와"", ""코너가"", ""모두"", ""검출됩니다"", ""calib.io로"", ""calib"", ""io로"", ""생성한"", ""보드에서는"", ""마커만"", ""검출되고"", ""코너가"", ""나오지"", ""않습니다"", ""charucodetector.detectboard를"", ""charucodetector"", ""detectboard를"", ""사용합니다"", ""opencv-python"", ""opencv"", ""python"", ""4.14.0.94"", ""4"", ""14"", ""0"", ""94"", ""macos"", ""arm"", ""dict_4x4_50"", ""dict"", ""4x4"", ""50"", ""square"", ""length"", ""35"", ""mm"", ""marker"", ""length"", ""24"", ""mm""]","[""0"", ""14"", ""24"", ""35"", ""4"", ""4.14.0.94"", ""4x4"", ""50"", ""8x6"", ""94"", ""arm"", ""calib"", ""charuco"", ""charucodetector"", ""dict"", ""length"", ""macos"", ""marker"", ""mm"", ""opencv"", ""opencv-python"", ""python"", ""square""]","[""calib.io로"", ""charucodetector.detectboard를"", ""detectboard를"", ""dict_4x4_50"", ""io로"", ""opencv로"", ""검출되고"", ""검출됩니다"", ""나오지"", ""동일"", ""마커만"", ""마커와"", ""모두"", ""보드"", ""보드에서는"", ""사용합니다"", ""생성한"", ""않습니다"", ""중"", ""코너가"", ""파라미터의""]","[""calib.io"", ""io"", ""charucodetector.detectboard"", ""detectboard""]","[""calib.io"", ""detectboard"", ""io""]","[""calib.io"", ""detectboard"", ""io""]",False,UNJUDGED,mechanical_token_output_only
O-C2:C_en_context,opencv/opencv,C_raw,"[PROBLEM]
For 8x6 ChArUco boards with the same parameters, the OpenCV-generated board produces both markers and corners. A board generated with calib.io produces markers but no corners. I use CharucoDetector.detectBoard.

[ENVIRONMENT]
opencv-python 4.14.0.94; macOS ARM; DICT_4X4_50, square length 35 mm, marker length 24 mm","[""for"", ""8x6"", ""charuco"", ""boards"", ""with"", ""the"", ""same"", ""parameters"", ""the"", ""opencv-generated"", ""opencv"", ""generated"", ""board"", ""produces"", ""both"", ""markers"", ""and"", ""corners"", ""a"", ""board"", ""generated"", ""with"", ""calib.io"", ""calib"", ""io"", ""produces"", ""markers"", ""but"", ""no"", ""corners"", ""i"", ""use"", ""charucodetector.detectboard"", ""charucodetector"", ""detectboard"", ""opencv-python"", ""opencv"", ""python"", ""4.14.0.94"", ""4"", ""14"", ""0"", ""94"", ""macos"", ""arm"", ""dict_4x4_50"", ""dict"", ""4x4"", ""50"", ""square"", ""length"", ""35"", ""mm"", ""marker"", ""length"", ""24"", ""mm""]","[""0"", ""14"", ""24"", ""35"", ""4"", ""4.14.0.94"", ""4x4"", ""50"", ""8x6"", ""94"", ""a"", ""and"", ""arm"", ""board"", ""boards"", ""both"", ""but"", ""calib"", ""calib.io"", ""charuco"", ""charucodetector"", ""corners"", ""detectboard"", ""dict"", ""for"", ""generated"", ""i"", ""io"", ""length"", ""macos"", ""marker"", ""markers"", ""mm"", ""no"", ""opencv"", ""opencv-generated"", ""opencv-python"", ""parameters"", ""produces"", ""python"", ""same"", ""square"", ""the"", ""use"", ""with""]","[""charucodetector.detectboard"", ""dict_4x4_50""]",[],[],[],False,UNJUDGED,mechanical_token_output_only
O-C2:C_en_context,opencv/opencv,C_bug,"[PROBLEM]
For 8x6 ChArUco boards with the same parameters, the OpenCV-generated board produces both markers and corners. A board generated with calib.io produces markers but no corners. I use CharucoDetector.detectBoard.

[ENVIRONMENT]
opencv-python 4.14.0.94; macOS ARM; DICT_4X4_50, square length 35 mm, marker length 24 mm","[""for"", ""8x6"", ""charuco"", ""boards"", ""with"", ""the"", ""same"", ""parameters"", ""the"", ""opencv-generated"", ""opencv"", ""generated"", ""board"", ""produces"", ""both"", ""markers"", ""and"", ""corners"", ""a"", ""board"", ""generated"", ""with"", ""calib.io"", ""calib"", ""io"", ""produces"", ""markers"", ""but"", ""no"", ""corners"", ""i"", ""use"", ""charucodetector.detectboard"", ""charucodetector"", ""detectboard"", ""opencv-python"", ""opencv"", ""python"", ""4.14.0.94"", ""4"", ""14"", ""0"", ""94"", ""macos"", ""arm"", ""dict_4x4_50"", ""dict"", ""4x4"", ""50"", ""square"", ""length"", ""35"", ""mm"", ""marker"", ""length"", ""24"", ""mm""]","[""0"", ""14"", ""24"", ""35"", ""4"", ""4.14.0.94"", ""4x4"", ""50"", ""8x6"", ""94"", ""a"", ""and"", ""arm"", ""board"", ""both"", ""but"", ""calib"", ""calib.io"", ""charuco"", ""charucodetector"", ""corners"", ""detectboard"", ""dict"", ""for"", ""generated"", ""i"", ""io"", ""length"", ""macos"", ""marker"", ""markers"", ""mm"", ""no"", ""opencv"", ""opencv-generated"", ""opencv-python"", ""parameters"", ""produces"", ""python"", ""same"", ""square"", ""the"", ""use"", ""with""]","[""boards"", ""charucodetector.detectboard"", ""dict_4x4_50""]",[],[],[],False,UNJUDGED,mechanical_token_output_only
T-E1:A_ko_symptom,huggingface/transformers,C_raw,"[PROBLEM]
Gemma4로 영상을 처리하면 실행 중 속성 오류가 나서 중단됩니다.","[""gemma4로"", ""영상을"", ""처리하면"", ""실행"", ""중"", ""속성"", ""오류가"", ""나서"", ""중단됩니다""]",[],"[""gemma4로"", ""나서"", ""속성"", ""실행"", ""영상을"", ""오류가"", ""중"", ""중단됩니다"", ""처리하면""]","[""gemma4""]","[""gemma4""]","[""gemma4""]",True,UNJUDGED,mechanical_token_output_only
T-E1:A_ko_symptom,huggingface/transformers,C_bug,"[PROBLEM]
Gemma4로 영상을 처리하면 실행 중 속성 오류가 나서 중단됩니다.","[""gemma4로"", ""영상을"", ""처리하면"", ""실행"", ""중"", ""속성"", ""오류가"", ""나서"", ""중단됩니다""]",[],"[""gemma4로"", ""나서"", ""속성"", ""실행"", ""영상을"", ""오류가"", ""중"", ""중단됩니다"", ""처리하면""]","[""gemma4""]","[""gemma4""]","[""gemma4""]",True,UNJUDGED,mechanical_token_output_only
T-E1:B_ko_context,huggingface/transformers,C_raw,"[PROBLEM]
Gemma4-E2B-IT의 영상 처리 중 forward에서 속성 오류로 중단됩니다.

[ERROR]
AttributeError: 'tuple' object has no attribute 'to'

[ENVIRONMENT]
Transformers 5.15.0.dev0; WSL2 Linux; Python 3.13.14; PyTorch 2.13.0+cu132; NVIDIA RTX 4080 Laptop","[""gemma4-e2b-it의"", ""gemma4"", ""e2b"", ""it의"", ""영상"", ""처리"", ""중"", ""forward에서"", ""속성"", ""오류로"", ""중단됩니다"", ""attributeerror"", ""tuple"", ""object"", ""has"", ""no"", ""attribute"", ""to"", ""transformers"", ""5.15.0.dev0"", ""5"", ""15"", ""0"", ""dev0"", ""wsl2"", ""linux"", ""python"", ""3.13.14"", ""3"", ""13"", ""14"", ""pytorch"", ""2.13.0+cu132"", ""2"", ""13"", ""0"", ""cu132"", ""nvidia"", ""rtx"", ""4080"", ""laptop""]","[""0"", ""13"", ""14"", ""15"", ""2"", ""2.13.0+cu132"", ""3"", ""3.13.14"", ""4080"", ""5"", ""5.15.0.dev0"", ""attribute"", ""attributeerror"", ""cu132"", ""dev0"", ""e2b"", ""gemma4"", ""has"", ""laptop"", ""linux"", ""no"", ""nvidia"", ""object"", ""python"", ""pytorch"", ""rtx"", ""to"", ""transformers"", ""tuple"", ""wsl2""]","[""forward에서"", ""gemma4-e2b-it의"", ""it의"", ""속성"", ""영상"", ""오류로"", ""중"", ""중단됩니다"", ""처리""]","[""gemma4-e2b-it"", ""it"", ""forward""]","[""forward"", ""gemma4-e2b-it"", ""it""]","[""forward"", ""gemma4-e2b-it"", ""it""]",False,UNJUDGED,mechanical_token_output_only
T-E1:B_ko_context,huggingface/transformers,C_bug,"[PROBLEM]
Gemma4-E2B-IT의 영상 처리 중 forward에서 속성 오류로 중단됩니다.

[ERROR]
AttributeError: 'tuple' object has no attribute 'to'

[ENVIRONMENT]
Transformers 5.15.0.dev0; WSL2 Linux; Python 3.13.14; PyTorch 2.13.0+cu132; NVIDIA RTX 4080 Laptop","[""gemma4-e2b-it의"", ""gemma4"", ""e2b"", ""it의"", ""영상"", ""처리"", ""중"", ""forward에서"", ""속성"", ""오류로"", ""중단됩니다"", ""attributeerror"", ""tuple"", ""object"", ""has"", ""no"", ""attribute"", ""to"", ""transformers"", ""5.15.0.dev0"", ""5"", ""15"", ""0"", ""dev0"", ""wsl2"", ""linux"", ""python"", ""3.13.14"", ""3"", ""13"", ""14"", ""pytorch"", ""2.13.0+cu132"", ""2"", ""13"", ""0"", ""cu132"", ""nvidia"", ""rtx"", ""4080"", ""laptop""]","[""0"", ""13"", ""14"", ""15"", ""2"", ""2.13.0+cu132"", ""3"", ""3.13.14"", ""4080"", ""5"", ""5.15.0.dev0"", ""attribute"", ""attributeerror"", ""cu132"", ""dev0"", ""e2b"", ""gemma4"", ""has"", ""laptop"", ""linux"", ""no"", ""nvidia"", ""object"", ""python"", ""pytorch"", ""rtx"", ""to"", ""transformers"", ""tuple"", ""wsl2""]","[""forward에서"", ""gemma4-e2b-it의"", ""it의"", ""속성"", ""영상"", ""오류로"", ""중"", ""중단됩니다"", ""처리""]","[""gemma4-e2b-it"", ""it"", ""forward""]","[""forward"", ""gemma4-e2b-it"", ""it""]","[""forward"", ""gemma4-e2b-it"", ""it""]",False,UNJUDGED,mechanical_token_output_only
T-E1:C_en_context,huggingface/transformers,C_raw,"[PROBLEM]
Video processing with Gemma4-E2B-IT stops with an attribute error during forward.

[ERROR]
AttributeError: 'tuple' object has no attribute 'to'

[ENVIRONMENT]
Transformers 5.15.0.dev0; WSL2 Linux; Python 3.13.14; PyTorch 2.13.0+cu132; NVIDIA RTX 4080 Laptop","[""video"", ""processing"", ""with"", ""gemma4-e2b-it"", ""gemma4"", ""e2b"", ""it"", ""stops"", ""with"", ""an"", ""attribute"", ""error"", ""during"", ""forward"", ""attributeerror"", ""tuple"", ""object"", ""has"", ""no"", ""attribute"", ""to"", ""transformers"", ""5.15.0.dev0"", ""5"", ""15"", ""0"", ""dev0"", ""wsl2"", ""linux"", ""python"", ""3.13.14"", ""3"", ""13"", ""14"", ""pytorch"", ""2.13.0+cu132"", ""2"", ""13"", ""0"", ""cu132"", ""nvidia"", ""rtx"", ""4080"", ""laptop""]","[""0"", ""13"", ""14"", ""15"", ""2"", ""2.13.0+cu132"", ""3"", ""3.13.14"", ""4080"", ""5"", ""5.15.0.dev0"", ""an"", ""attribute"", ""attributeerror"", ""cu132"", ""dev0"", ""during"", ""e2b"", ""error"", ""forward"", ""gemma4"", ""gemma4-e2b-it"", ""has"", ""it"", ""laptop"", ""linux"", ""no"", ""nvidia"", ""object"", ""processing"", ""python"", ""pytorch"", ""rtx"", ""stops"", ""to"", ""transformers"", ""tuple"", ""video"", ""with"", ""wsl2""]",[],[],[],[],False,UNJUDGED,mechanical_token_output_only
T-E1:C_en_context,huggingface/transformers,C_bug,"[PROBLEM]
Video processing with Gemma4-E2B-IT stops with an attribute error during forward.

[ERROR]
AttributeError: 'tuple' object has no attribute 'to'

[ENVIRONMENT]
Transformers 5.15.0.dev0; WSL2 Linux; Python 3.13.14; PyTorch 2.13.0+cu132; NVIDIA RTX 4080 Laptop","[""video"", ""processing"", ""with"", ""gemma4-e2b-it"", ""gemma4"", ""e2b"", ""it"", ""stops"", ""with"", ""an"", ""attribute"", ""error"", ""during"", ""forward"", ""attributeerror"", ""tuple"", ""object"", ""has"", ""no"", ""attribute"", ""to"", ""transformers"", ""5.15.0.dev0"", ""5"", ""15"", ""0"", ""dev0"", ""wsl2"", ""linux"", ""python"", ""3.13.14"", ""3"", ""13"", ""14"", ""pytorch"", ""2.13.0+cu132"", ""2"", ""13"", ""0"", ""cu132"", ""nvidia"", ""rtx"", ""4080"", ""laptop""]","[""0"", ""13"", ""14"", ""15"", ""2"", ""2.13.0+cu132"", ""3"", ""3.13.14"", ""4080"", ""5"", ""5.15.0.dev0"", ""an"", ""attribute"", ""attributeerror"", ""cu132"", ""dev0"", ""during"", ""e2b"", ""error"", ""forward"", ""gemma4"", ""gemma4-e2b-it"", ""has"", ""it"", ""laptop"", ""linux"", ""no"", ""nvidia"", ""object"", ""processing"", ""python"", ""pytorch"", ""rtx"", ""stops"", ""to"", ""transformers"", ""tuple"", ""video"", ""with"", ""wsl2""]",[],[],[],[],False,UNJUDGED,mechanical_token_output_only
T-E2:A_ko_symptom,huggingface/transformers,C_raw,"[PROBLEM]
일반 FP8 설정으로 모델을 준비하다가 속성 오류가 납니다.","[""일반"", ""fp8"", ""설정으로"", ""모델을"", ""준비하다가"", ""속성"", ""오류가"", ""납니다""]","[""fp8""]","[""납니다"", ""모델을"", ""설정으로"", ""속성"", ""오류가"", ""일반"", ""준비하다가""]",[],[],[],False,UNJUDGED,mechanical_token_output_only
T-E2:A_ko_symptom,huggingface/transformers,C_bug,"[PROBLEM]
일반 FP8 설정으로 모델을 준비하다가 속성 오류가 납니다.","[""일반"", ""fp8"", ""설정으로"", ""모델을"", ""준비하다가"", ""속성"", ""오류가"", ""납니다""]",[],"[""fp8"", ""납니다"", ""모델을"", ""설정으로"", ""속성"", ""오류가"", ""일반"", ""준비하다가""]",[],[],[],True,UNJUDGED,mechanical_token_output_only
T-E2:B_ko_context,huggingface/transformers,C_raw,"[PROBLEM]
FineGrainedFP8Config로 만든 양자화 객체에서 update_tp_plan을 호출하면 속성 오류가 납니다. 설정에는 base_model_tp_plan이 있고 별도의 _experts_implementation은 지정하지 않았습니다. 일반 Qwen FP8 모델 로딩에서도 문제가 보고됩니다.

[ERROR]
AttributeError: 'NoneType' object has no attribute 'get'

[ENVIRONMENT]
Transformers 5.16.0 및 main; Python 3.12.13; PyTorch 2.13.0+cu130; Linux","[""finegrainedfp8config로"", ""만든"", ""양자화"", ""객체에서"", ""update_tp_plan을"", ""update"", ""tp"", ""plan을"", ""호출하면"", ""속성"", ""오류가"", ""납니다"", ""설정에는"", ""base_model_tp_plan이"", ""base"", ""model"", ""tp"", ""plan이"", ""있고"", ""별도의"", ""_experts_implementation은"", ""experts"", ""implementation은"", ""지정하지"", ""않았습니다"", ""일반"", ""qwen"", ""fp8"", ""모델"", ""로딩에서도"", ""문제가"", ""보고됩니다"", ""attributeerror"", ""nonetype"", ""object"", ""has"", ""no"", ""attribute"", ""get"", ""transformers"", ""5.16.0"", ""5"", ""16"", ""0"", ""및"", ""main"", ""python"", ""3.12.13"", ""3"", ""12"", ""13"", ""pytorch"", ""2.13.0+cu130"", ""2"", ""13"", ""0"", ""cu130"", ""linux""]","[""0"", ""12"", ""13"", ""16"", ""2"", ""2.13.0+cu130"", ""3"", ""3.12.13"", ""5"", ""5.16.0"", ""attribute"", ""attributeerror"", ""base"", ""cu130"", ""experts"", ""fp8"", ""get"", ""has"", ""linux"", ""main"", ""model"", ""no"", ""nonetype"", ""object"", ""python"", ""pytorch"", ""qwen"", ""tp"", ""transformers"", ""update""]","[""_experts_implementation은"", ""base_model_tp_plan이"", ""finegrainedfp8config로"", ""implementation은"", ""plan을"", ""plan이"", ""update_tp_plan을"", ""객체에서"", ""납니다"", ""로딩에서도"", ""만든"", ""모델"", ""문제가"", ""및"", ""별도의"", ""보고됩니다"", ""설정에는"", ""속성"", ""않았습니다"", ""양자화"", ""오류가"", ""일반"", ""있고"", ""지정하지"", ""호출하면""]","[""finegrainedfp8config"", ""update_tp_plan"", ""plan"", ""base_model_tp_plan"", ""_experts_implementation"", ""implementation""]","[""_experts_implementation"", ""base_model_tp_plan"", ""finegrainedfp8config"", ""implementation"", ""plan"", ""update_tp_plan""]","[""_experts_implementation"", ""base_model_tp_plan"", ""finegrainedfp8config"", ""implementation"", ""plan""]",False,UNJUDGED,mechanical_token_output_only
T-E2:B_ko_context,huggingface/transformers,C_bug,"[PROBLEM]
FineGrainedFP8Config로 만든 양자화 객체에서 update_tp_plan을 호출하면 속성 오류가 납니다. 설정에는 base_model_tp_plan이 있고 별도의 _experts_implementation은 지정하지 않았습니다. 일반 Qwen FP8 모델 로딩에서도 문제가 보고됩니다.

[ERROR]
AttributeError: 'NoneType' object has no attribute 'get'

[ENVIRONMENT]
Transformers 5.16.0 및 main; Python 3.12.13; PyTorch 2.13.0+cu130; Linux","[""finegrainedfp8config로"", ""만든"", ""양자화"", ""객체에서"", ""update_tp_plan을"", ""update"", ""tp"", ""plan을"", ""호출하면"", ""속성"", ""오류가"", ""납니다"", ""설정에는"", ""base_model_tp_plan이"", ""base"", ""model"", ""tp"", ""plan이"", ""있고"", ""별도의"", ""_experts_implementation은"", ""experts"", ""implementation은"", ""지정하지"", ""않았습니다"", ""일반"", ""qwen"", ""fp8"", ""모델"", ""로딩에서도"", ""문제가"", ""보고됩니다"", ""attributeerror"", ""nonetype"", ""object"", ""has"", ""no"", ""attribute"", ""get"", ""transformers"", ""5.16.0"", ""5"", ""16"", ""0"", ""및"", ""main"", ""python"", ""3.12.13"", ""3"", ""12"", ""13"", ""pytorch"", ""2.13.0+cu130"", ""2"", ""13"", ""0"", ""cu130"", ""linux""]","[""0"", ""12"", ""13"", ""16"", ""2"", ""2.13.0+cu130"", ""3"", ""3.12.13"", ""5"", ""attribute"", ""attributeerror"", ""base"", ""cu130"", ""experts"", ""get"", ""has"", ""linux"", ""main"", ""model"", ""no"", ""object"", ""python"", ""pytorch"", ""qwen"", ""tp"", ""transformers"", ""update""]","[""5.16.0"", ""_experts_implementation은"", ""base_model_tp_plan이"", ""finegrainedfp8config로"", ""fp8"", ""implementation은"", ""nonetype"", ""plan을"", ""plan이"", ""update_tp_plan을"", ""객체에서"", ""납니다"", ""로딩에서도"", ""만든"", ""모델"", ""문제가"", ""및"", ""별도의"", ""보고됩니다"", ""설정에는"", ""속성"", ""않았습니다"", ""양자화"", ""오류가"", ""일반"", ""있고"", ""지정하지"", ""호출하면""]","[""finegrainedfp8config"", ""update_tp_plan"", ""plan"", ""base_model_tp_plan"", ""_experts_implementation"", ""implementation""]","[""implementation""]","[""_experts_implementation"", ""base_model_tp_plan"", ""finegrainedfp8config"", ""implementation"", ""plan""]",False,UNJUDGED,mechanical_token_output_only
T-E2:C_en_context,huggingface/transformers,C_raw,"[PROBLEM]
Calling update_tp_plan on a quantizer created with FineGrainedFP8Config raises an attribute error. The configuration has base_model_tp_plan and no separately specified _experts_implementation. The same problem is reported when loading normal Qwen FP8 models.

[ERROR]
AttributeError: 'NoneType' object has no attribute 'get'

[ENVIRONMENT]
Transformers 5.16.0 and main; Python 3.12.13; PyTorch 2.13.0+cu130; Linux","[""calling"", ""update_tp_plan"", ""update"", ""tp"", ""plan"", ""on"", ""a"", ""quantizer"", ""created"", ""with"", ""finegrainedfp8config"", ""raises"", ""an"", ""attribute"", ""error"", ""the"", ""configuration"", ""has"", ""base_model_tp_plan"", ""base"", ""model"", ""tp"", ""plan"", ""and"", ""no"", ""separately"", ""specified"", ""_experts_implementation"", ""experts"", ""implementation"", ""the"", ""same"", ""problem"", ""is"", ""reported"", ""when"", ""loading"", ""normal"", ""qwen"", ""fp8"", ""models"", ""attributeerror"", ""nonetype"", ""object"", ""has"", ""no"", ""attribute"", ""get"", ""transformers"", ""5.16.0"", ""5"", ""16"", ""0"", ""and"", ""main"", ""python"", ""3.12.13"", ""3"", ""12"", ""13"", ""pytorch"", ""2.13.0+cu130"", ""2"", ""13"", ""0"", ""cu130"", ""linux""]","[""0"", ""12"", ""13"", ""16"", ""2"", ""2.13.0+cu130"", ""3"", ""3.12.13"", ""5"", ""5.16.0"", ""_experts_implementation"", ""a"", ""an"", ""and"", ""attribute"", ""attributeerror"", ""base"", ""base_model_tp_plan"", ""calling"", ""configuration"", ""created"", ""cu130"", ""error"", ""experts"", ""finegrainedfp8config"", ""fp8"", ""get"", ""has"", ""implementation"", ""is"", ""linux"", ""loading"", ""main"", ""model"", ""models"", ""no"", ""nonetype"", ""normal"", ""object"", ""on"", ""plan"", ""problem"", ""python"", ""pytorch"", ""quantizer"", ""qwen"", ""raises"", ""reported"", ""same"", ""separately"", ""specified"", ""the"", ""tp"", ""transformers"", ""update"", ""update_tp_plan"", ""when"", ""with""]",[],[],[],[],False,UNJUDGED,mechanical_token_output_only
T-E2:C_en_context,huggingface/transformers,C_bug,"[PROBLEM]
Calling update_tp_plan on a quantizer created with FineGrainedFP8Config raises an attribute error. The configuration has base_model_tp_plan and no separately specified _experts_implementation. The same problem is reported when loading normal Qwen FP8 models.

[ERROR]
AttributeError: 'NoneType' object has no attribute 'get'

[ENVIRONMENT]
Transformers 5.16.0 and main; Python 3.12.13; PyTorch 2.13.0+cu130; Linux","[""calling"", ""update_tp_plan"", ""update"", ""tp"", ""plan"", ""on"", ""a"", ""quantizer"", ""created"", ""with"", ""finegrainedfp8config"", ""raises"", ""an"", ""attribute"", ""error"", ""the"", ""configuration"", ""has"", ""base_model_tp_plan"", ""base"", ""model"", ""tp"", ""plan"", ""and"", ""no"", ""separately"", ""specified"", ""_experts_implementation"", ""experts"", ""implementation"", ""the"", ""same"", ""problem"", ""is"", ""reported"", ""when"", ""loading"", ""normal"", ""qwen"", ""fp8"", ""models"", ""attributeerror"", ""nonetype"", ""object"", ""has"", ""no"", ""attribute"", ""get"", ""transformers"", ""5.16.0"", ""5"", ""16"", ""0"", ""and"", ""main"", ""python"", ""3.12.13"", ""3"", ""12"", ""13"", ""pytorch"", ""2.13.0+cu130"", ""2"", ""13"", ""0"", ""cu130"", ""linux""]","[""0"", ""12"", ""13"", ""16"", ""2"", ""2.13.0+cu130"", ""3"", ""3.12.13"", ""5"", ""a"", ""an"", ""and"", ""attribute"", ""attributeerror"", ""base"", ""calling"", ""configuration"", ""created"", ""cu130"", ""error"", ""experts"", ""get"", ""has"", ""implementation"", ""is"", ""linux"", ""loading"", ""main"", ""model"", ""models"", ""no"", ""normal"", ""object"", ""on"", ""problem"", ""python"", ""pytorch"", ""quantizer"", ""qwen"", ""raises"", ""reported"", ""same"", ""separately"", ""specified"", ""the"", ""tp"", ""transformers"", ""update"", ""when"", ""with""]","[""5.16.0"", ""_experts_implementation"", ""base_model_tp_plan"", ""finegrainedfp8config"", ""fp8"", ""nonetype"", ""plan"", ""update_tp_plan""]",[],[],[],False,UNJUDGED,mechanical_token_output_only
T-S1:A_ko_symptom,huggingface/transformers,C_raw,"[PROBLEM]
모델에서 설정한 생성 길이가 text-generation 파이프라인에 반영되지 않습니다.","[""모델에서"", ""설정한"", ""생성"", ""길이가"", ""text-generation"", ""text"", ""generation"", ""파이프라인에"", ""반영되지"", ""않습니다""]","[""generation"", ""text"", ""text-generation""]","[""길이가"", ""모델에서"", ""반영되지"", ""생성"", ""설정한"", ""않습니다"", ""파이프라인에""]",[],[],[],False,UNJUDGED,mechanical_token_output_only
T-S1:A_ko_symptom,huggingface/transformers,C_bug,"[PROBLEM]
모델에서 설정한 생성 길이가 text-generation 파이프라인에 반영되지 않습니다.","[""모델에서"", ""설정한"", ""생성"", ""길이가"", ""text-generation"", ""text"", ""generation"", ""파이프라인에"", ""반영되지"", ""않습니다""]","[""generation"", ""text"", ""text-generation""]","[""길이가"", ""모델에서"", ""반영되지"", ""생성"", ""설정한"", ""않습니다"", ""파이프라인에""]",[],[],[],False,UNJUDGED,mechanical_token_output_only
T-S1:B_ko_context,huggingface/transformers,C_raw,"[PROBLEM]
Phi-3 모델의 generation_config에서 max_new_tokens를 500으로 설정하고 do_sample=False로 둔 뒤 모델과 토크나이저를 text-generation pipeline에 넘깁니다. pipeline의 generation_config.max_new_tokens가 500이 아니며 모델 설정이 유지되기를 기대합니다.

[ENVIRONMENT]
microsoft/Phi-3-mini-4k-instruct; Transformers 5.14.1; macOS ARM; Python 3.12.13; PyTorch 2.13.0","[""phi-3"", ""phi"", ""3"", ""모델의"", ""generation_config에서"", ""generation"", ""config에서"", ""max_new_tokens를"", ""max"", ""new"", ""tokens를"", ""500으로"", ""설정하고"", ""do_sample"", ""do"", ""sample"", ""false로"", ""둔"", ""뒤"", ""모델과"", ""토크나이저를"", ""text-generation"", ""text"", ""generation"", ""pipeline에"", ""넘깁니다"", ""pipeline의"", ""generation_config.max_new_tokens가"", ""generation"", ""config"", ""max"", ""new"", ""tokens가"", ""500이"", ""아니며"", ""모델"", ""설정이"", ""유지되기를"", ""기대합니다"", ""microsoft/phi-3-mini-4k-instruct"", ""microsoft"", ""phi"", ""3"", ""mini"", ""4k"", ""instruct"", ""transformers"", ""5.14.1"", ""5"", ""14"", ""1"", ""macos"", ""arm"", ""python"", ""3.12.13"", ""3"", ""12"", ""13"", ""pytorch"", ""2.13.0"", ""2"", ""13"", ""0""]","[""0"", ""1"", ""12"", ""13"", ""14"", ""2"", ""2.13.0"", ""3"", ""3.12.13"", ""4k"", ""5"", ""5.14.1"", ""arm"", ""config"", ""do"", ""do_sample"", ""generation"", ""instruct"", ""macos"", ""max"", ""microsoft"", ""microsoft/phi-3-mini-4k-instruct"", ""mini"", ""new"", ""phi"", ""python"", ""pytorch"", ""sample"", ""text"", ""text-generation"", ""transformers""]","[""500으로"", ""500이"", ""config에서"", ""false로"", ""generation_config.max_new_tokens가"", ""generation_config에서"", ""max_new_tokens를"", ""phi-3"", ""pipeline에"", ""pipeline의"", ""tokens가"", ""tokens를"", ""기대합니다"", ""넘깁니다"", ""둔"", ""뒤"", ""모델"", ""모델과"", ""모델의"", ""설정이"", ""설정하고"", ""아니며"", ""유지되기를"", ""토크나이저를""]","[""generation_config"", ""max_new_tokens"", ""tokens"", ""false"", ""pipeline"", ""generation_config.max_new_tokens""]","[""false"", ""generation_config"", ""max_new_tokens"", ""pipeline"", ""tokens""]","[""false"", ""generation_config"", ""pipeline"", ""tokens""]",False,UNJUDGED,mechanical_token_output_only
T-S1:B_ko_context,huggingface/transformers,C_bug,"[PROBLEM]
Phi-3 모델의 generation_config에서 max_new_tokens를 500으로 설정하고 do_sample=False로 둔 뒤 모델과 토크나이저를 text-generation pipeline에 넘깁니다. pipeline의 generation_config.max_new_tokens가 500이 아니며 모델 설정이 유지되기를 기대합니다.

[ENVIRONMENT]
microsoft/Phi-3-mini-4k-instruct; Transformers 5.14.1; macOS ARM; Python 3.12.13; PyTorch 2.13.0","[""phi-3"", ""phi"", ""3"", ""모델의"", ""generation_config에서"", ""generation"", ""config에서"", ""max_new_tokens를"", ""max"", ""new"", ""tokens를"", ""500으로"", ""설정하고"", ""do_sample"", ""do"", ""sample"", ""false로"", ""둔"", ""뒤"", ""모델과"", ""토크나이저를"", ""text-generation"", ""text"", ""generation"", ""pipeline에"", ""넘깁니다"", ""pipeline의"", ""generation_config.max_new_tokens가"", ""generation"", ""config"", ""max"", ""new"", ""tokens가"", ""500이"", ""아니며"", ""모델"", ""설정이"", ""유지되기를"", ""기대합니다"", ""microsoft/phi-3-mini-4k-instruct"", ""microsoft"", ""phi"", ""3"", ""mini"", ""4k"", ""instruct"", ""transformers"", ""5.14.1"", ""5"", ""14"", ""1"", ""macos"", ""arm"", ""python"", ""3.12.13"", ""3"", ""12"", ""13"", ""pytorch"", ""2.13.0"", ""2"", ""13"", ""0""]","[""0"", ""1"", ""12"", ""13"", ""14"", ""2"", ""2.13.0"", ""3"", ""3.12.13"", ""4k"", ""5"", ""5.14.1"", ""arm"", ""config"", ""do"", ""do_sample"", ""generation"", ""instruct"", ""macos"", ""max"", ""microsoft"", ""microsoft/phi-3-mini-4k-instruct"", ""mini"", ""new"", ""phi"", ""python"", ""pytorch"", ""sample"", ""text"", ""text-generation"", ""transformers""]","[""500으로"", ""500이"", ""config에서"", ""false로"", ""generation_config.max_new_tokens가"", ""generation_config에서"", ""max_new_tokens를"", ""phi-3"", ""pipeline에"", ""pipeline의"", ""tokens가"", ""tokens를"", ""기대합니다"", ""넘깁니다"", ""둔"", ""뒤"", ""모델"", ""모델과"", ""모델의"", ""설정이"", ""설정하고"", ""아니며"", ""유지되기를"", ""토크나이저를""]","[""generation_config"", ""max_new_tokens"", ""tokens"", ""false"", ""pipeline"", ""generation_config.max_new_tokens""]","[""false"", ""generation_config"", ""max_new_tokens"", ""pipeline"", ""tokens""]","[""false"", ""generation_config"", ""pipeline"", ""tokens""]",False,UNJUDGED,mechanical_token_output_only
T-S1:C_en_context,huggingface/transformers,C_raw,"[PROBLEM]
I set max_new_tokens=500 and do_sample=False in a Phi-3 model generation_config, then pass the model and tokenizer to a text-generation pipeline. The pipeline generation_config.max_new_tokens is not 500; I expect it to preserve the model setting.

[ENVIRONMENT]
microsoft/Phi-3-mini-4k-instruct; Transformers 5.14.1; macOS ARM; Python 3.12.13; PyTorch 2.13.0","[""i"", ""set"", ""max_new_tokens"", ""max"", ""new"", ""tokens"", ""500"", ""and"", ""do_sample"", ""do"", ""sample"", ""false"", ""in"", ""a"", ""phi-3"", ""phi"", ""3"", ""model"", ""generation_config"", ""generation"", ""config"", ""then"", ""pass"", ""the"", ""model"", ""and"", ""tokenizer"", ""to"", ""a"", ""text-generation"", ""text"", ""generation"", ""pipeline"", ""the"", ""pipeline"", ""generation_config.max_new_tokens"", ""generation"", ""config"", ""max"", ""new"", ""tokens"", ""is"", ""not"", ""500"", ""i"", ""expect"", ""it"", ""to"", ""preserve"", ""the"", ""model"", ""setting"", ""microsoft/phi-3-mini-4k-instruct"", ""microsoft"", ""phi"", ""3"", ""mini"", ""4k"", ""instruct"", ""transformers"", ""5.14.1"", ""5"", ""14"", ""1"", ""macos"", ""arm"", ""python"", ""3.12.13"", ""3"", ""12"", ""13"", ""pytorch"", ""2.13.0"", ""2"", ""13"", ""0""]","[""0"", ""1"", ""12"", ""13"", ""14"", ""2"", ""2.13.0"", ""3"", ""3.12.13"", ""4k"", ""5"", ""5.14.1"", ""500"", ""a"", ""and"", ""arm"", ""config"", ""do"", ""do_sample"", ""expect"", ""false"", ""generation"", ""generation_config"", ""i"", ""in"", ""instruct"", ""is"", ""it"", ""macos"", ""max"", ""max_new_tokens"", ""microsoft"", ""microsoft/phi-3-mini-4k-instruct"", ""mini"", ""model"", ""new"", ""not"", ""pass"", ""phi"", ""pipeline"", ""preserve"", ""python"", ""pytorch"", ""sample"", ""set"", ""setting"", ""text"", ""text-generation"", ""the"", ""then"", ""to"", ""tokenizer"", ""tokens"", ""transformers""]","[""generation_config.max_new_tokens"", ""phi-3""]",[],[],[],False,UNJUDGED,mechanical_token_output_only
T-S1:C_en_context,huggingface/transformers,C_bug,"[PROBLEM]
I set max_new_tokens=500 and do_sample=False in a Phi-3 model generation_config, then pass the model and tokenizer to a text-generation pipeline. The pipeline generation_config.max_new_tokens is not 500; I expect it to preserve the model setting.

[ENVIRONMENT]
microsoft/Phi-3-mini-4k-instruct; Transformers 5.14.1; macOS ARM; Python 3.12.13; PyTorch 2.13.0","[""i"", ""set"", ""max_new_tokens"", ""max"", ""new"", ""tokens"", ""500"", ""and"", ""do_sample"", ""do"", ""sample"", ""false"", ""in"", ""a"", ""phi-3"", ""phi"", ""3"", ""model"", ""generation_config"", ""generation"", ""config"", ""then"", ""pass"", ""the"", ""model"", ""and"", ""tokenizer"", ""to"", ""a"", ""text-generation"", ""text"", ""generation"", ""pipeline"", ""the"", ""pipeline"", ""generation_config.max_new_tokens"", ""generation"", ""config"", ""max"", ""new"", ""tokens"", ""is"", ""not"", ""500"", ""i"", ""expect"", ""it"", ""to"", ""preserve"", ""the"", ""model"", ""setting"", ""microsoft/phi-3-mini-4k-instruct"", ""microsoft"", ""phi"", ""3"", ""mini"", ""4k"", ""instruct"", ""transformers"", ""5.14.1"", ""5"", ""14"", ""1"", ""macos"", ""arm"", ""python"", ""3.12.13"", ""3"", ""12"", ""13"", ""pytorch"", ""2.13.0"", ""2"", ""13"", ""0""]","[""0"", ""1"", ""12"", ""13"", ""14"", ""2"", ""2.13.0"", ""3"", ""3.12.13"", ""4k"", ""5"", ""5.14.1"", ""500"", ""a"", ""and"", ""arm"", ""config"", ""do"", ""do_sample"", ""expect"", ""false"", ""generation"", ""generation_config"", ""i"", ""in"", ""instruct"", ""is"", ""it"", ""macos"", ""max"", ""max_new_tokens"", ""microsoft"", ""microsoft/phi-3-mini-4k-instruct"", ""mini"", ""model"", ""new"", ""not"", ""pass"", ""phi"", ""pipeline"", ""preserve"", ""python"", ""pytorch"", ""sample"", ""set"", ""setting"", ""text"", ""text-generation"", ""the"", ""then"", ""to"", ""tokenizer"", ""tokens"", ""transformers""]","[""generation_config.max_new_tokens"", ""phi-3""]",[],[],[],False,UNJUDGED,mechanical_token_output_only
T-S2:A_ko_symptom,huggingface/transformers,C_raw,"[PROBLEM]
Qwen의 QSA indexer 파라미터를 학습하려는데 업데이트되지 않습니다.","[""qwen의"", ""qsa"", ""indexer"", ""파라미터를"", ""학습하려는데"", ""업데이트되지"", ""않습니다""]","[""indexer"", ""qsa""]","[""qwen의"", ""않습니다"", ""업데이트되지"", ""파라미터를"", ""학습하려는데""]","[""qwen""]","[""qwen""]",[],False,UNJUDGED,mechanical_token_output_only
T-S2:A_ko_symptom,huggingface/transformers,C_bug,"[PROBLEM]
Qwen의 QSA indexer 파라미터를 학습하려는데 업데이트되지 않습니다.","[""qwen의"", ""qsa"", ""indexer"", ""파라미터를"", ""학습하려는데"", ""업데이트되지"", ""않습니다""]","[""indexer"", ""qsa""]","[""qwen의"", ""않습니다"", ""업데이트되지"", ""파라미터를"", ""학습하려는데""]","[""qwen""]","[""qwen""]",[],False,UNJUDGED,mechanical_token_output_only
T-S2:B_ko_context,huggingface/transformers,C_raw,"[PROBLEM]
Qwen3.8-flash-next의 QSA indexer 파라미터를 학습하려고 합니다. 기술 보고서는 KL loss로 학습할 수 있다고 하는데 현재 코드에서 파라미터가 학습되지 않습니다.

[ENVIRONMENT]
버전과 실행 환경은 원문에 제공되지 않음","[""qwen3.8-flash-next의"", ""qwen3"", ""8"", ""flash"", ""next의"", ""qsa"", ""indexer"", ""파라미터를"", ""학습하려고"", ""합니다"", ""기술"", ""보고서는"", ""kl"", ""loss로"", ""학습할"", ""수"", ""있다고"", ""하는데"", ""현재"", ""코드에서"", ""파라미터가"", ""학습되지"", ""않습니다"", ""버전과"", ""실행"", ""환경은"", ""원문에"", ""제공되지"", ""않음""]","[""8"", ""flash"", ""indexer"", ""kl"", ""qsa"", ""qwen3""]","[""loss로"", ""next의"", ""qwen3.8-flash-next의"", ""기술"", ""버전과"", ""보고서는"", ""수"", ""실행"", ""않습니다"", ""않음"", ""원문에"", ""있다고"", ""제공되지"", ""코드에서"", ""파라미터가"", ""파라미터를"", ""하는데"", ""학습되지"", ""학습하려고"", ""학습할"", ""합니다"", ""현재"", ""환경은""]","[""qwen3.8-flash-next"", ""next"", ""loss""]","[""loss"", ""next"", ""qwen3.8-flash-next""]","[""loss"", ""next"", ""qwen3.8-flash-next""]",False,UNJUDGED,mechanical_token_output_only
T-S2:B_ko_context,huggingface/transformers,C_bug,"[PROBLEM]
Qwen3.8-flash-next의 QSA indexer 파라미터를 학습하려고 합니다. 기술 보고서는 KL loss로 학습할 수 있다고 하는데 현재 코드에서 파라미터가 학습되지 않습니다.

[ENVIRONMENT]
버전과 실행 환경은 원문에 제공되지 않음","[""qwen3.8-flash-next의"", ""qwen3"", ""8"", ""flash"", ""next의"", ""qsa"", ""indexer"", ""파라미터를"", ""학습하려고"", ""합니다"", ""기술"", ""보고서는"", ""kl"", ""loss로"", ""학습할"", ""수"", ""있다고"", ""하는데"", ""현재"", ""코드에서"", ""파라미터가"", ""학습되지"", ""않습니다"", ""버전과"", ""실행"", ""환경은"", ""원문에"", ""제공되지"", ""않음""]","[""8"", ""flash"", ""indexer"", ""kl"", ""qsa"", ""qwen3""]","[""loss로"", ""next의"", ""qwen3.8-flash-next의"", ""기술"", ""버전과"", ""보고서는"", ""수"", ""실행"", ""않습니다"", ""않음"", ""원문에"", ""있다고"", ""제공되지"", ""코드에서"", ""파라미터가"", ""파라미터를"", ""하는데"", ""학습되지"", ""학습하려고"", ""학습할"", ""합니다"", ""현재"", ""환경은""]","[""qwen3.8-flash-next"", ""next"", ""loss""]","[""loss"", ""next"", ""qwen3.8-flash-next""]","[""loss"", ""next"", ""qwen3.8-flash-next""]",False,UNJUDGED,mechanical_token_output_only
T-S2:C_en_context,huggingface/transformers,C_raw,"[PROBLEM]
I want to train the QSA indexer parameters in Qwen3.8-flash-next. The technical report says they can be trained with KL loss, but the parameters cannot be trained in the current code.

[ENVIRONMENT]
The source report does not provide a version or runtime environment","[""i"", ""want"", ""to"", ""train"", ""the"", ""qsa"", ""indexer"", ""parameters"", ""in"", ""qwen3.8-flash-next"", ""qwen3"", ""8"", ""flash"", ""next"", ""the"", ""technical"", ""report"", ""says"", ""they"", ""can"", ""be"", ""trained"", ""with"", ""kl"", ""loss"", ""but"", ""the"", ""parameters"", ""cannot"", ""be"", ""trained"", ""in"", ""the"", ""current"", ""code"", ""the"", ""source"", ""report"", ""does"", ""not"", ""provide"", ""a"", ""version"", ""or"", ""runtime"", ""environment""]","[""8"", ""a"", ""be"", ""but"", ""can"", ""cannot"", ""code"", ""current"", ""does"", ""environment"", ""flash"", ""i"", ""in"", ""indexer"", ""kl"", ""loss"", ""next"", ""not"", ""or"", ""parameters"", ""provide"", ""qsa"", ""qwen3"", ""qwen3.8-flash-next"", ""report"", ""runtime"", ""says"", ""source"", ""technical"", ""the"", ""they"", ""to"", ""train"", ""trained"", ""version"", ""want"", ""with""]",[],[],[],[],False,UNJUDGED,mechanical_token_output_only
T-S2:C_en_context,huggingface/transformers,C_bug,"[PROBLEM]
I want to train the QSA indexer parameters in Qwen3.8-flash-next. The technical report says they can be trained with KL loss, but the parameters cannot be trained in the current code.

[ENVIRONMENT]
The source report does not provide a version or runtime environment","[""i"", ""want"", ""to"", ""train"", ""the"", ""qsa"", ""indexer"", ""parameters"", ""in"", ""qwen3.8-flash-next"", ""qwen3"", ""8"", ""flash"", ""next"", ""the"", ""technical"", ""report"", ""says"", ""they"", ""can"", ""be"", ""trained"", ""with"", ""kl"", ""loss"", ""but"", ""the"", ""parameters"", ""cannot"", ""be"", ""trained"", ""in"", ""the"", ""current"", ""code"", ""the"", ""source"", ""report"", ""does"", ""not"", ""provide"", ""a"", ""version"", ""or"", ""runtime"", ""environment""]","[""8"", ""a"", ""be"", ""but"", ""can"", ""cannot"", ""code"", ""current"", ""does"", ""environment"", ""flash"", ""i"", ""in"", ""indexer"", ""kl"", ""loss"", ""next"", ""not"", ""or"", ""parameters"", ""provide"", ""qsa"", ""qwen3"", ""qwen3.8-flash-next"", ""report"", ""runtime"", ""says"", ""source"", ""technical"", ""the"", ""they"", ""to"", ""train"", ""trained"", ""version"", ""want"", ""with""]",[],[],[],[],False,UNJUDGED,mechanical_token_output_only
T-C1:A_ko_symptom,huggingface/transformers,C_raw,"[PROBLEM]
Gemma4에서 generate를 실행하면 예외가 발생합니다.","[""gemma4에서"", ""generate를"", ""실행하면"", ""예외가"", ""발생합니다""]",[],"[""gemma4에서"", ""generate를"", ""발생합니다"", ""실행하면"", ""예외가""]","[""gemma4"", ""generate""]","[""gemma4"", ""generate""]","[""gemma4"", ""generate""]",True,UNJUDGED,mechanical_token_output_only
T-C1:A_ko_symptom,huggingface/transformers,C_bug,"[PROBLEM]
Gemma4에서 generate를 실행하면 예외가 발생합니다.","[""gemma4에서"", ""generate를"", ""실행하면"", ""예외가"", ""발생합니다""]",[],"[""gemma4에서"", ""generate를"", ""발생합니다"", ""실행하면"", ""예외가""]","[""gemma4"", ""generate""]","[""gemma4"", ""generate""]","[""gemma4"", ""generate""]",True,UNJUDGED,mechanical_token_output_only
T-C1:B_ko_context,huggingface/transformers,C_raw,"[PROBLEM]
Gemma4 generate에서 cache_implementation=""static""과 prefill_chunk_size=2를 함께 사용하면 예외가 납니다. sliding_attention과 full_attention 층이 섞여 있고 층마다 head_dim이 다르게 설정된 모델입니다. CPU에서도 재현됩니다.

[ERROR]
AmbiguousGlobalPerLayerAttributeError: 'head_dim' is a per-layer attribute and may vary across layers.

[ENVIRONMENT]
Transformers 5.16.0.dev0; Linux; Python 3.12; torch 2.9.0","[""gemma4"", ""generate에서"", ""cache_implementation"", ""cache"", ""implementation"", ""static"", ""과"", ""prefill_chunk_size"", ""prefill"", ""chunk"", ""size"", ""2를"", ""함께"", ""사용하면"", ""예외가"", ""납니다"", ""sliding_attention과"", ""sliding"", ""attention과"", ""full_attention"", ""full"", ""attention"", ""층이"", ""섞여"", ""있고"", ""층마다"", ""head_dim이"", ""head"", ""dim이"", ""다르게"", ""설정된"", ""모델입니다"", ""cpu에서도"", ""재현됩니다"", ""ambiguousglobalperlayerattributeerror"", ""head_dim"", ""head"", ""dim"", ""is"", ""a"", ""per-layer"", ""per"", ""layer"", ""attribute"", ""and"", ""may"", ""vary"", ""across"", ""layers"", ""transformers"", ""5.16.0.dev0"", ""5"", ""16"", ""0"", ""dev0"", ""linux"", ""python"", ""3.12"", ""3"", ""12"", ""torch"", ""2.9.0"", ""2"", ""9"", ""0""]","[""0"", ""12"", ""16"", ""2"", ""2.9.0"", ""3"", ""3.12"", ""5"", ""5.16.0.dev0"", ""9"", ""a"", ""across"", ""ambiguousglobalperlayerattributeerror"", ""and"", ""attention"", ""attribute"", ""cache"", ""cache_implementation"", ""chunk"", ""dev0"", ""dim"", ""full"", ""full_attention"", ""gemma4"", ""head"", ""head_dim"", ""implementation"", ""is"", ""layer"", ""layers"", ""linux"", ""may"", ""per"", ""per-layer"", ""prefill"", ""prefill_chunk_size"", ""python"", ""size"", ""sliding"", ""static"", ""torch"", ""transformers"", ""vary""]","[""2를"", ""attention과"", ""cpu에서도"", ""dim이"", ""generate에서"", ""head_dim이"", ""sliding_attention과"", ""과"", ""납니다"", ""다르게"", ""모델입니다"", ""사용하면"", ""섞여"", ""설정된"", ""예외가"", ""있고"", ""재현됩니다"", ""층마다"", ""층이"", ""함께""]","[""generate"", ""sliding_attention"", ""cpu""]","[""cpu"", ""generate"", ""sliding_attention""]","[""cpu"", ""generate"", ""sliding_attention""]",False,UNJUDGED,mechanical_token_output_only
T-C1:B_ko_context,huggingface/transformers,C_bug,"[PROBLEM]
Gemma4 generate에서 cache_implementation=""static""과 prefill_chunk_size=2를 함께 사용하면 예외가 납니다. sliding_attention과 full_attention 층이 섞여 있고 층마다 head_dim이 다르게 설정된 모델입니다. CPU에서도 재현됩니다.

[ERROR]
AmbiguousGlobalPerLayerAttributeError: 'head_dim' is a per-layer attribute and may vary across layers.

[ENVIRONMENT]
Transformers 5.16.0.dev0; Linux; Python 3.12; torch 2.9.0","[""gemma4"", ""generate에서"", ""cache_implementation"", ""cache"", ""implementation"", ""static"", ""과"", ""prefill_chunk_size"", ""prefill"", ""chunk"", ""size"", ""2를"", ""함께"", ""사용하면"", ""예외가"", ""납니다"", ""sliding_attention과"", ""sliding"", ""attention과"", ""full_attention"", ""full"", ""attention"", ""층이"", ""섞여"", ""있고"", ""층마다"", ""head_dim이"", ""head"", ""dim이"", ""다르게"", ""설정된"", ""모델입니다"", ""cpu에서도"", ""재현됩니다"", ""ambiguousglobalperlayerattributeerror"", ""head_dim"", ""head"", ""dim"", ""is"", ""a"", ""per-layer"", ""per"", ""layer"", ""attribute"", ""and"", ""may"", ""vary"", ""across"", ""layers"", ""transformers"", ""5.16.0.dev0"", ""5"", ""16"", ""0"", ""dev0"", ""linux"", ""python"", ""3.12"", ""3"", ""12"", ""torch"", ""2.9.0"", ""2"", ""9"", ""0""]","[""0"", ""12"", ""16"", ""2"", ""2.9.0"", ""3"", ""3.12"", ""5"", ""5.16.0.dev0"", ""9"", ""a"", ""across"", ""ambiguousglobalperlayerattributeerror"", ""and"", ""attention"", ""attribute"", ""cache"", ""cache_implementation"", ""chunk"", ""dev0"", ""dim"", ""full"", ""full_attention"", ""gemma4"", ""head"", ""head_dim"", ""implementation"", ""is"", ""layer"", ""layers"", ""linux"", ""may"", ""per"", ""per-layer"", ""prefill"", ""prefill_chunk_size"", ""python"", ""size"", ""sliding"", ""static"", ""torch"", ""transformers"", ""vary""]","[""2를"", ""attention과"", ""cpu에서도"", ""dim이"", ""generate에서"", ""head_dim이"", ""sliding_attention과"", ""과"", ""납니다"", ""다르게"", ""모델입니다"", ""사용하면"", ""섞여"", ""설정된"", ""예외가"", ""있고"", ""재현됩니다"", ""층마다"", ""층이"", ""함께""]","[""generate"", ""sliding_attention"", ""cpu""]","[""cpu"", ""generate"", ""sliding_attention""]","[""cpu"", ""generate"", ""sliding_attention""]",False,UNJUDGED,mechanical_token_output_only
T-C1:C_en_context,huggingface/transformers,C_raw,"[PROBLEM]
Gemma4 generate raises when cache_implementation=""static"" is combined with prefill_chunk_size=2. The model mixes sliding_attention and full_attention layers with different head_dim settings per layer. It also reproduces on CPU.

[ERROR]
AmbiguousGlobalPerLayerAttributeError: 'head_dim' is a per-layer attribute and may vary across layers.

[ENVIRONMENT]
Transformers 5.16.0.dev0; Linux; Python 3.12; torch 2.9.0","[""gemma4"", ""generate"", ""raises"", ""when"", ""cache_implementation"", ""cache"", ""implementation"", ""static"", ""is"", ""combined"", ""with"", ""prefill_chunk_size"", ""prefill"", ""chunk"", ""size"", ""2"", ""the"", ""model"", ""mixes"", ""sliding_attention"", ""sliding"", ""attention"", ""and"", ""full_attention"", ""full"", ""attention"", ""layers"", ""with"", ""different"", ""head_dim"", ""head"", ""dim"", ""settings"", ""per"", ""layer"", ""it"", ""also"", ""reproduces"", ""on"", ""cpu"", ""ambiguousglobalperlayerattributeerror"", ""head_dim"", ""head"", ""dim"", ""is"", ""a"", ""per-layer"", ""per"", ""layer"", ""attribute"", ""and"", ""may"", ""vary"", ""across"", ""layers"", ""transformers"", ""5.16.0.dev0"", ""5"", ""16"", ""0"", ""dev0"", ""linux"", ""python"", ""3.12"", ""3"", ""12"", ""torch"", ""2.9.0"", ""2"", ""9"", ""0""]","[""0"", ""12"", ""16"", ""2"", ""2.9.0"", ""3"", ""3.12"", ""5"", ""5.16.0.dev0"", ""9"", ""a"", ""across"", ""also"", ""ambiguousglobalperlayerattributeerror"", ""and"", ""attention"", ""attribute"", ""cache"", ""cache_implementation"", ""chunk"", ""combined"", ""cpu"", ""dev0"", ""different"", ""dim"", ""full"", ""full_attention"", ""gemma4"", ""generate"", ""head"", ""head_dim"", ""implementation"", ""is"", ""it"", ""layer"", ""layers"", ""linux"", ""may"", ""mixes"", ""model"", ""on"", ""per"", ""per-layer"", ""prefill"", ""prefill_chunk_size"", ""python"", ""raises"", ""reproduces"", ""settings"", ""size"", ""sliding"", ""sliding_attention"", ""static"", ""the"", ""torch"", ""transformers"", ""vary"", ""when"", ""with""]",[],[],[],[],False,UNJUDGED,mechanical_token_output_only
T-C1:C_en_context,huggingface/transformers,C_bug,"[PROBLEM]
Gemma4 generate raises when cache_implementation=""static"" is combined with prefill_chunk_size=2. The model mixes sliding_attention and full_attention layers with different head_dim settings per layer. It also reproduces on CPU.

[ERROR]
AmbiguousGlobalPerLayerAttributeError: 'head_dim' is a per-layer attribute and may vary across layers.

[ENVIRONMENT]
Transformers 5.16.0.dev0; Linux; Python 3.12; torch 2.9.0","[""gemma4"", ""generate"", ""raises"", ""when"", ""cache_implementation"", ""cache"", ""implementation"", ""static"", ""is"", ""combined"", ""with"", ""prefill_chunk_size"", ""prefill"", ""chunk"", ""size"", ""2"", ""the"", ""model"", ""mixes"", ""sliding_attention"", ""sliding"", ""attention"", ""and"", ""full_attention"", ""full"", ""attention"", ""layers"", ""with"", ""different"", ""head_dim"", ""head"", ""dim"", ""settings"", ""per"", ""layer"", ""it"", ""also"", ""reproduces"", ""on"", ""cpu"", ""ambiguousglobalperlayerattributeerror"", ""head_dim"", ""head"", ""dim"", ""is"", ""a"", ""per-layer"", ""per"", ""layer"", ""attribute"", ""and"", ""may"", ""vary"", ""across"", ""layers"", ""transformers"", ""5.16.0.dev0"", ""5"", ""16"", ""0"", ""dev0"", ""linux"", ""python"", ""3.12"", ""3"", ""12"", ""torch"", ""2.9.0"", ""2"", ""9"", ""0""]","[""0"", ""12"", ""16"", ""2"", ""2.9.0"", ""3"", ""3.12"", ""5"", ""5.16.0.dev0"", ""9"", ""a"", ""across"", ""also"", ""ambiguousglobalperlayerattributeerror"", ""and"", ""attention"", ""attribute"", ""cache"", ""cache_implementation"", ""chunk"", ""combined"", ""cpu"", ""dev0"", ""different"", ""dim"", ""full"", ""full_attention"", ""gemma4"", ""generate"", ""head"", ""head_dim"", ""implementation"", ""is"", ""it"", ""layer"", ""layers"", ""linux"", ""may"", ""mixes"", ""model"", ""on"", ""per"", ""per-layer"", ""prefill"", ""prefill_chunk_size"", ""python"", ""raises"", ""reproduces"", ""settings"", ""size"", ""sliding"", ""sliding_attention"", ""static"", ""the"", ""torch"", ""transformers"", ""vary"", ""when"", ""with""]",[],[],[],[],False,UNJUDGED,mechanical_token_output_only
T-C2:A_ko_symptom,huggingface/transformers,C_raw,"[PROBLEM]
체크포인트에서 재개한 Trainer 학습이 끝까지 진행된 뒤 마지막에 파일 오류로 실패합니다.","[""체크포인트에서"", ""재개한"", ""trainer"", ""학습이"", ""끝까지"", ""진행된"", ""뒤"", ""마지막에"", ""파일"", ""오류로"", ""실패합니다""]","[""trainer""]","[""끝까지"", ""뒤"", ""마지막에"", ""실패합니다"", ""오류로"", ""재개한"", ""진행된"", ""체크포인트에서"", ""파일"", ""학습이""]",[],[],[],False,UNJUDGED,mechanical_token_output_only
T-C2:A_ko_symptom,huggingface/transformers,C_bug,"[PROBLEM]
체크포인트에서 재개한 Trainer 학습이 끝까지 진행된 뒤 마지막에 파일 오류로 실패합니다.","[""체크포인트에서"", ""재개한"", ""trainer"", ""학습이"", ""끝까지"", ""진행된"", ""뒤"", ""마지막에"", ""파일"", ""오류로"", ""실패합니다""]","[""trainer""]","[""끝까지"", ""뒤"", ""마지막에"", ""실패합니다"", ""오류로"", ""재개한"", ""진행된"", ""체크포인트에서"", ""파일"", ""학습이""]",[],[],[],False,UNJUDGED,mechanical_token_output_only
T-C2:B_ko_context,huggingface/transformers,C_raw,"[PROBLEM]
Trainer 체크포인트를 다른 위치로 옮긴 뒤 재개했습니다. trainer_state.json의 best_model_checkpoint는 존재하지 않는 이전 경로를 가리킵니다. 새 best가 생기지 않았고 save_total_limit=1, load_best_model_at_end=True입니다. 학습은 끝났지만 마지막 정리에서 실패합니다.

[ERROR]
FileNotFoundError: [WinError 2] The system cannot find the file specified

[ENVIRONMENT]
Transformers 5.16.0.dev0; torch 2.11.0+cu128; Python 3.12.6; Windows 11","[""trainer"", ""체크포인트를"", ""다른"", ""위치로"", ""옮긴"", ""뒤"", ""재개했습니다"", ""trainer_state.json의"", ""trainer"", ""state"", ""json의"", ""best_model_checkpoint는"", ""best"", ""model"", ""checkpoint는"", ""존재하지"", ""않는"", ""이전"", ""경로를"", ""가리킵니다"", ""새"", ""best가"", ""생기지"", ""않았고"", ""save_total_limit"", ""save"", ""total"", ""limit"", ""1"", ""load_best_model_at_end"", ""load"", ""best"", ""model"", ""at"", ""end"", ""true입니다"", ""학습은"", ""끝났지만"", ""마지막"", ""정리에서"", ""실패합니다"", ""filenotfounderror"", ""winerror"", ""2"", ""the"", ""system"", ""cannot"", ""find"", ""the"", ""file"", ""specified"", ""transformers"", ""5.16.0.dev0"", ""5"", ""16"", ""0"", ""dev0"", ""torch"", ""2.11.0+cu128"", ""2"", ""11"", ""0"", ""cu128"", ""python"", ""3.12.6"", ""3"", ""12"", ""6"", ""windows"", ""11""]","[""0"", ""1"", ""11"", ""12"", ""16"", ""2"", ""2.11.0+cu128"", ""3"", ""3.12.6"", ""5"", ""5.16.0.dev0"", ""6"", ""at"", ""best"", ""cannot"", ""cu128"", ""dev0"", ""end"", ""file"", ""filenotfounderror"", ""find"", ""limit"", ""load"", ""load_best_model_at_end"", ""model"", ""python"", ""save"", ""save_total_limit"", ""specified"", ""state"", ""system"", ""the"", ""torch"", ""total"", ""trainer"", ""transformers"", ""windows"", ""winerror""]","[""best_model_checkpoint는"", ""best가"", ""checkpoint는"", ""json의"", ""trainer_state.json의"", ""true입니다"", ""가리킵니다"", ""경로를"", ""끝났지만"", ""다른"", ""뒤"", ""마지막"", ""새"", ""생기지"", ""실패합니다"", ""않는"", ""않았고"", ""옮긴"", ""위치로"", ""이전"", ""재개했습니다"", ""정리에서"", ""존재하지"", ""체크포인트를"", ""학습은""]","[""trainer_state.json"", ""json"", ""best_model_checkpoint"", ""checkpoint"", ""true""]","[""best_model_checkpoint"", ""checkpoint"", ""json"", ""trainer_state.json"", ""true""]","[""best_model_checkpoint"", ""checkpoint"", ""json"", ""trainer_state.json"", ""true""]",False,UNJUDGED,mechanical_token_output_only
T-C2:B_ko_context,huggingface/transformers,C_bug,"[PROBLEM]
Trainer 체크포인트를 다른 위치로 옮긴 뒤 재개했습니다. trainer_state.json의 best_model_checkpoint는 존재하지 않는 이전 경로를 가리킵니다. 새 best가 생기지 않았고 save_total_limit=1, load_best_model_at_end=True입니다. 학습은 끝났지만 마지막 정리에서 실패합니다.

[ERROR]
FileNotFoundError: [WinError 2] The system cannot find the file specified

[ENVIRONMENT]
Transformers 5.16.0.dev0; torch 2.11.0+cu128; Python 3.12.6; Windows 11","[""trainer"", ""체크포인트를"", ""다른"", ""위치로"", ""옮긴"", ""뒤"", ""재개했습니다"", ""trainer_state.json의"", ""trainer"", ""state"", ""json의"", ""best_model_checkpoint는"", ""best"", ""model"", ""checkpoint는"", ""존재하지"", ""않는"", ""이전"", ""경로를"", ""가리킵니다"", ""새"", ""best가"", ""생기지"", ""않았고"", ""save_total_limit"", ""save"", ""total"", ""limit"", ""1"", ""load_best_model_at_end"", ""load"", ""best"", ""model"", ""at"", ""end"", ""true입니다"", ""학습은"", ""끝났지만"", ""마지막"", ""정리에서"", ""실패합니다"", ""filenotfounderror"", ""winerror"", ""2"", ""the"", ""system"", ""cannot"", ""find"", ""the"", ""file"", ""specified"", ""transformers"", ""5.16.0.dev0"", ""5"", ""16"", ""0"", ""dev0"", ""torch"", ""2.11.0+cu128"", ""2"", ""11"", ""0"", ""cu128"", ""python"", ""3.12.6"", ""3"", ""12"", ""6"", ""windows"", ""11""]","[""0"", ""1"", ""11"", ""12"", ""16"", ""2"", ""2.11.0+cu128"", ""3"", ""5"", ""5.16.0.dev0"", ""6"", ""at"", ""cannot"", ""cu128"", ""dev0"", ""end"", ""file"", ""find"", ""limit"", ""load"", ""model"", ""python"", ""save"", ""specified"", ""state"", ""system"", ""the"", ""torch"", ""total"", ""trainer"", ""transformers"", ""windows"", ""winerror""]","[""3.12.6"", ""best"", ""best_model_checkpoint는"", ""best가"", ""checkpoint는"", ""filenotfounderror"", ""json의"", ""load_best_model_at_end"", ""save_total_limit"", ""trainer_state.json의"", ""true입니다"", ""가리킵니다"", ""경로를"", ""끝났지만"", ""다른"", ""뒤"", ""마지막"", ""새"", ""생기지"", ""실패합니다"", ""않는"", ""않았고"", ""옮긴"", ""위치로"", ""이전"", ""재개했습니다"", ""정리에서"", ""존재하지"", ""체크포인트를"", ""학습은""]","[""trainer_state.json"", ""json"", ""best_model_checkpoint"", ""checkpoint"", ""true""]","[""checkpoint"", ""json"", ""true""]","[""best_model_checkpoint"", ""checkpoint"", ""json"", ""trainer_state.json"", ""true""]",False,UNJUDGED,mechanical_token_output_only
T-C2:C_en_context,huggingface/transformers,C_raw,"[PROBLEM]
I resumed Trainer after moving the checkpoint to a different location. The best_model_checkpoint in trainer_state.json points to an old path that no longer exists. No new best was set, with save_total_limit=1 and load_best_model_at_end=True. Training completes but final cleanup fails.

[ERROR]
FileNotFoundError: [WinError 2] The system cannot find the file specified

[ENVIRONMENT]
Transformers 5.16.0.dev0; torch 2.11.0+cu128; Python 3.12.6; Windows 11","[""i"", ""resumed"", ""trainer"", ""after"", ""moving"", ""the"", ""checkpoint"", ""to"", ""a"", ""different"", ""location"", ""the"", ""best_model_checkpoint"", ""best"", ""model"", ""checkpoint"", ""in"", ""trainer_state.json"", ""trainer"", ""state"", ""json"", ""points"", ""to"", ""an"", ""old"", ""path"", ""that"", ""no"", ""longer"", ""exists"", ""no"", ""new"", ""best"", ""was"", ""set"", ""with"", ""save_total_limit"", ""save"", ""total"", ""limit"", ""1"", ""and"", ""load_best_model_at_end"", ""load"", ""best"", ""model"", ""at"", ""end"", ""true"", ""training"", ""completes"", ""but"", ""final"", ""cleanup"", ""fails"", ""filenotfounderror"", ""winerror"", ""2"", ""the"", ""system"", ""cannot"", ""find"", ""the"", ""file"", ""specified"", ""transformers"", ""5.16.0.dev0"", ""5"", ""16"", ""0"", ""dev0"", ""torch"", ""2.11.0+cu128"", ""2"", ""11"", ""0"", ""cu128"", ""python"", ""3.12.6"", ""3"", ""12"", ""6"", ""windows"", ""11""]","[""0"", ""1"", ""11"", ""12"", ""16"", ""2"", ""2.11.0+cu128"", ""3"", ""3.12.6"", ""5"", ""5.16.0.dev0"", ""6"", ""a"", ""after"", ""an"", ""and"", ""at"", ""best"", ""best_model_checkpoint"", ""but"", ""cannot"", ""checkpoint"", ""cleanup"", ""completes"", ""cu128"", ""dev0"", ""different"", ""end"", ""exists"", ""fails"", ""file"", ""filenotfounderror"", ""final"", ""find"", ""i"", ""in"", ""json"", ""limit"", ""load"", ""load_best_model_at_end"", ""location"", ""longer"", ""model"", ""moving"", ""new"", ""no"", ""old"", ""path"", ""points"", ""python"", ""resumed"", ""save"", ""save_total_limit"", ""set"", ""specified"", ""state"", ""system"", ""that"", ""the"", ""to"", ""torch"", ""total"", ""trainer"", ""trainer_state.json"", ""training"", ""transformers"", ""true"", ""was"", ""windows"", ""winerror"", ""with""]",[],[],[],[],False,UNJUDGED,mechanical_token_output_only
T-C2:C_en_context,huggingface/transformers,C_bug,"[PROBLEM]
I resumed Trainer after moving the checkpoint to a different location. The best_model_checkpoint in trainer_state.json points to an old path that no longer exists. No new best was set, with save_total_limit=1 and load_best_model_at_end=True. Training completes but final cleanup fails.

[ERROR]
FileNotFoundError: [WinError 2] The system cannot find the file specified

[ENVIRONMENT]
Transformers 5.16.0.dev0; torch 2.11.0+cu128; Python 3.12.6; Windows 11","[""i"", ""resumed"", ""trainer"", ""after"", ""moving"", ""the"", ""checkpoint"", ""to"", ""a"", ""different"", ""location"", ""the"", ""best_model_checkpoint"", ""best"", ""model"", ""checkpoint"", ""in"", ""trainer_state.json"", ""trainer"", ""state"", ""json"", ""points"", ""to"", ""an"", ""old"", ""path"", ""that"", ""no"", ""longer"", ""exists"", ""no"", ""new"", ""best"", ""was"", ""set"", ""with"", ""save_total_limit"", ""save"", ""total"", ""limit"", ""1"", ""and"", ""load_best_model_at_end"", ""load"", ""best"", ""model"", ""at"", ""end"", ""true"", ""training"", ""completes"", ""but"", ""final"", ""cleanup"", ""fails"", ""filenotfounderror"", ""winerror"", ""2"", ""the"", ""system"", ""cannot"", ""find"", ""the"", ""file"", ""specified"", ""transformers"", ""5.16.0.dev0"", ""5"", ""16"", ""0"", ""dev0"", ""torch"", ""2.11.0+cu128"", ""2"", ""11"", ""0"", ""cu128"", ""python"", ""3.12.6"", ""3"", ""12"", ""6"", ""windows"", ""11""]","[""0"", ""1"", ""11"", ""12"", ""16"", ""2"", ""2.11.0+cu128"", ""3"", ""5"", ""5.16.0.dev0"", ""6"", ""a"", ""after"", ""an"", ""and"", ""at"", ""but"", ""cannot"", ""checkpoint"", ""completes"", ""cu128"", ""dev0"", ""different"", ""end"", ""exists"", ""fails"", ""file"", ""final"", ""find"", ""i"", ""in"", ""json"", ""limit"", ""load"", ""location"", ""longer"", ""model"", ""moving"", ""new"", ""no"", ""old"", ""path"", ""points"", ""python"", ""resumed"", ""save"", ""set"", ""specified"", ""state"", ""system"", ""that"", ""the"", ""to"", ""torch"", ""total"", ""trainer"", ""training"", ""transformers"", ""true"", ""was"", ""windows"", ""winerror"", ""with""]","[""3.12.6"", ""best"", ""best_model_checkpoint"", ""cleanup"", ""filenotfounderror"", ""load_best_model_at_end"", ""save_total_limit"", ""trainer_state.json""]",[],[],[],False,UNJUDGED,mechanical_token_output_only
H-O:B_ko_context,opencv/opencv,C_raw,"[PROBLEM]
OpenCV에서 Windows 웹캠을 CAP_MSMF 또는 CAP_ANY로 열면 오래 걸리지만 CAP_DSHOW로 열 때는 다르게 동작합니다.

[ENVIRONMENT]
Windows 웹캠; CAP_MSMF, CAP_ANY, CAP_DSHOW 비교","[""opencv에서"", ""windows"", ""웹캠을"", ""cap_msmf"", ""cap"", ""msmf"", ""또는"", ""cap_any로"", ""cap"", ""any로"", ""열면"", ""오래"", ""걸리지만"", ""cap_dshow로"", ""cap"", ""dshow로"", ""열"", ""때는"", ""다르게"", ""동작합니다"", ""windows"", ""웹캠"", ""cap_msmf"", ""cap"", ""msmf"", ""cap_any"", ""cap"", ""any"", ""cap_dshow"", ""cap"", ""dshow"", ""비교""]","[""any"", ""cap"", ""cap_any"", ""cap_msmf"", ""dshow"", ""msmf"", ""windows""]","[""any로"", ""cap_any로"", ""cap_dshow"", ""cap_dshow로"", ""dshow로"", ""opencv에서"", ""걸리지만"", ""다르게"", ""동작합니다"", ""때는"", ""또는"", ""비교"", ""열"", ""열면"", ""오래"", ""웹캠"", ""웹캠을""]","[""opencv""]","[""opencv""]",[],False,UNJUDGED,mechanical_token_output_only
H-O:B_ko_context,opencv/opencv,C_bug,"[PROBLEM]
OpenCV에서 Windows 웹캠을 CAP_MSMF 또는 CAP_ANY로 열면 오래 걸리지만 CAP_DSHOW로 열 때는 다르게 동작합니다.

[ENVIRONMENT]
Windows 웹캠; CAP_MSMF, CAP_ANY, CAP_DSHOW 비교","[""opencv에서"", ""windows"", ""웹캠을"", ""cap_msmf"", ""cap"", ""msmf"", ""또는"", ""cap_any로"", ""cap"", ""any로"", ""열면"", ""오래"", ""걸리지만"", ""cap_dshow로"", ""cap"", ""dshow로"", ""열"", ""때는"", ""다르게"", ""동작합니다"", ""windows"", ""웹캠"", ""cap_msmf"", ""cap"", ""msmf"", ""cap_any"", ""cap"", ""any"", ""cap_dshow"", ""cap"", ""dshow"", ""비교""]","[""any"", ""cap"", ""cap_msmf"", ""dshow"", ""msmf"", ""windows""]","[""any로"", ""cap_any"", ""cap_any로"", ""cap_dshow"", ""cap_dshow로"", ""dshow로"", ""opencv에서"", ""걸리지만"", ""다르게"", ""동작합니다"", ""때는"", ""또는"", ""비교"", ""열"", ""열면"", ""오래"", ""웹캠"", ""웹캠을""]","[""opencv""]","[""opencv""]",[],False,UNJUDGED,mechanical_token_output_only
H-T:B_ko_context,huggingface/transformers,C_raw,"[PROBLEM]
GPT-Neo에서 입력에 왼쪽 패딩을 넣으면 생성 결과가 반복적이고 부자연스러워집니다.

[ENVIRONMENT]
GPT-Neo; left padding","[""gpt-neo에서"", ""gpt"", ""neo에서"", ""입력에"", ""왼쪽"", ""패딩을"", ""넣으면"", ""생성"", ""결과가"", ""반복적이고"", ""부자연스러워집니다"", ""gpt-neo"", ""gpt"", ""neo"", ""left"", ""padding""]","[""gpt"", ""left"", ""padding""]","[""gpt-neo"", ""gpt-neo에서"", ""neo"", ""neo에서"", ""결과가"", ""넣으면"", ""반복적이고"", ""부자연스러워집니다"", ""생성"", ""왼쪽"", ""입력에"", ""패딩을""]",[],[],[],False,UNJUDGED,mechanical_token_output_only
H-T:B_ko_context,huggingface/transformers,C_bug,"[PROBLEM]
GPT-Neo에서 입력에 왼쪽 패딩을 넣으면 생성 결과가 반복적이고 부자연스러워집니다.

[ENVIRONMENT]
GPT-Neo; left padding","[""gpt-neo에서"", ""gpt"", ""neo에서"", ""입력에"", ""왼쪽"", ""패딩을"", ""넣으면"", ""생성"", ""결과가"", ""반복적이고"", ""부자연스러워집니다"", ""gpt-neo"", ""gpt"", ""neo"", ""left"", ""padding""]","[""gpt"", ""left"", ""padding""]","[""gpt-neo"", ""gpt-neo에서"", ""neo"", ""neo에서"", ""결과가"", ""넣으면"", ""반복적이고"", ""부자연스러워집니다"", ""생성"", ""왼쪽"", ""입력에"", ""패딩을""]",[],[],[],False,UNJUDGED,mechanical_token_output_only
