assessment_kind,query_id,case_id,scope,method,positive_in_scope,common_pool_size,common_pool_hash,ai_hit_at_5,ai_mrr_at_5,ai_pooled_ndcg_at_5,dcg_at_5,shared_raw_pool_idcg_at_5
AI_EXPLORATORY_NOT_HUMAN_VALIDATED,O-E1:B_ko_context,O-E1,C_raw,bm25,True,11,5d1be20961b88095d56a57462a206d4be4349ed7d21e9badd6432691f680d2bc,1,1.0,0.9218235822624828,4.561606311644851,4.948459118879392
AI_EXPLORATORY_NOT_HUMAN_VALIDATED,O-E1:B_ko_context,O-E1,C_raw,hybrid,True,11,5d1be20961b88095d56a57462a206d4be4349ed7d21e9badd6432691f680d2bc,1,1.0,0.8347911247384279,4.130929753571458,4.948459118879392
AI_EXPLORATORY_NOT_HUMAN_VALIDATED,O-E1:B_ko_context,O-E1,C_raw,semantic,True,11,5d1be20961b88095d56a57462a206d4be4349ed7d21e9badd6432691f680d2bc,1,1.0,0.811925988329848,4.017782560805999,4.948459118879392
AI_EXPLORATORY_NOT_HUMAN_VALIDATED,O-E1:B_ko_context,O-E1,C_bug,bm25,True,11,5d1be20961b88095d56a57462a206d4be4349ed7d21e9badd6432691f680d2bc,1,1.0,0.9129675424759451,4.517782560805999,4.948459118879392
AI_EXPLORATORY_NOT_HUMAN_VALIDATED,O-E1:B_ko_context,O-E1,C_bug,hybrid,True,11,5d1be20961b88095d56a57462a206d4be4349ed7d21e9badd6432691f680d2bc,1,1.0,0.811925988329848,4.017782560805999,4.948459118879392
AI_EXPLORATORY_NOT_HUMAN_VALIDATED,O-E1:B_ko_context,O-E1,C_bug,semantic,True,11,5d1be20961b88095d56a57462a206d4be4349ed7d21e9badd6432691f680d2bc,1,1.0,0.811925988329848,4.017782560805999,4.948459118879392
AI_EXPLORATORY_NOT_HUMAN_VALIDATED,T-E1:B_ko_context,T-E1,C_raw,semantic,True,13,53e7c09cc878f183439a3ed5ef8e3836864accdfd3e99d3d25a9bddb7dd744de,1,1.0,0.6932817824006374,3.430676558073393,4.948459118879392
AI_EXPLORATORY_NOT_HUMAN_VALIDATED,T-E1:B_ko_context,T-E1,C_raw,hybrid,True,13,53e7c09cc878f183439a3ed5ef8e3836864accdfd3e99d3d25a9bddb7dd744de,1,1.0,0.8724997542842517,4.3175293653079345,4.948459118879392
AI_EXPLORATORY_NOT_HUMAN_VALIDATED,T-E1:B_ko_context,T-E1,C_raw,bm25,True,13,53e7c09cc878f183439a3ed5ef8e3836864accdfd3e99d3d25a9bddb7dd744de,1,1.0,0.6062493248765826,3.0,4.948459118879392
AI_EXPLORATORY_NOT_HUMAN_VALIDATED,T-E1:B_ko_context,T-E1,C_bug,semantic,True,13,53e7c09cc878f183439a3ed5ef8e3836864accdfd3e99d3d25a9bddb7dd744de,1,1.0,0.7943233365467345,3.930676558073393,4.948459118879392
AI_EXPLORATORY_NOT_HUMAN_VALIDATED,T-E1:B_ko_context,T-E1,C_bug,hybrid,True,13,53e7c09cc878f183439a3ed5ef8e3836864accdfd3e99d3d25a9bddb7dd744de,1,1.0,0.7854672967601968,3.8868528072345416,4.948459118879392
AI_EXPLORATORY_NOT_HUMAN_VALIDATED,T-E1:B_ko_context,T-E1,C_bug,bm25,True,13,53e7c09cc878f183439a3ed5ef8e3836864accdfd3e99d3d25a9bddb7dd744de,1,1.0,0.6932817824006374,3.430676558073393,4.948459118879392
AI_EXPLORATORY_NOT_HUMAN_VALIDATED,T-C2:B_ko_context,T-C2,C_raw,bm25,True,14,30550bff22e6944be6b7a96209f3bc03e6b11b7e08c28844def6a34fd987ec50,1,1.0,0.6932817824006374,3.430676558073393,4.948459118879392
AI_EXPLORATORY_NOT_HUMAN_VALIDATED,T-C2:B_ko_context,T-C2,C_raw,semantic,True,14,30550bff22e6944be6b7a96209f3bc03e6b11b7e08c28844def6a34fd987ec50,1,1.0,0.9129675424759451,4.517782560805999,4.948459118879392
AI_EXPLORATORY_NOT_HUMAN_VALIDATED,T-C2:B_ko_context,T-C2,C_raw,hybrid,True,14,30550bff22e6944be6b7a96209f3bc03e6b11b7e08c28844def6a34fd987ec50,1,1.0,0.9129675424759451,4.517782560805999,4.948459118879392
AI_EXPLORATORY_NOT_HUMAN_VALIDATED,T-C2:B_ko_context,T-C2,C_bug,bm25,False,14,30550bff22e6944be6b7a96209f3bc03e6b11b7e08c28844def6a34fd987ec50,0,0.0,0.20208310829219417,1.0,4.948459118879392
AI_EXPLORATORY_NOT_HUMAN_VALIDATED,T-C2:B_ko_context,T-C2,C_bug,semantic,False,14,30550bff22e6944be6b7a96209f3bc03e6b11b7e08c28844def6a34fd987ec50,0,0.0,0.5176573656780945,2.5616063116448506,4.948459118879392
AI_EXPLORATORY_NOT_HUMAN_VALIDATED,T-C2:B_ko_context,T-C2,C_bug,hybrid,False,14,30550bff22e6944be6b7a96209f3bc03e6b11b7e08c28844def6a34fd987ec50,0,0.0,0.43062490815403953,2.1309297535714578,4.948459118879392
