query_id,scope,method,rank,doc_id,title,url,ai_grade,retrieval_score
O-E1:B_ko_context,C_raw,bm25,1,opencv/opencv#29350,posix_memalign related issue emerged twice in MinGW32 compilation,https://github.com/opencv/opencv/issues/29350,2,72.42983019954148
O-E1:B_ko_context,C_raw,bm25,2,opencv/opencv#29292,opengl_testdata_generator.cpp fails to build in 5.0,https://github.com/opencv/opencv/issues/29292,1,31.090369258457827
O-E1:B_ko_context,C_raw,bm25,3,opencv/opencv#29564,OpenCV 4.6.0 fails to build with GCC 16.1.0 (missing <cstdint> in ADE),https://github.com/opencv/opencv/issues/29564,1,27.15934252586772
O-E1:B_ko_context,C_raw,bm25,4,opencv/opencv#29308,opencv 5.0.0 compile error in modul dnn,https://github.com/opencv/opencv/issues/29308,1,24.27528566227455
O-E1:B_ko_context,C_raw,bm25,5,opencv/opencv#29747,"solvePnPRefineLM/VVS: out-of-bounds read, silent no-op, and exception when rvec/tvec are row vectors (Size(3,1))",https://github.com/opencv/opencv/issues/29747,0,23.235722572520125
O-E1:B_ko_context,C_raw,hybrid,1,opencv/opencv#29350,posix_memalign related issue emerged twice in MinGW32 compilation,https://github.com/opencv/opencv/issues/29350,2,0.03278688524590164
O-E1:B_ko_context,C_raw,hybrid,2,opencv/opencv#29292,opengl_testdata_generator.cpp fails to build in 5.0,https://github.com/opencv/opencv/issues/29292,1,0.0315136476426799
O-E1:B_ko_context,C_raw,hybrid,3,opencv/opencv#29778,"CMake: opencv_world with core and imgproc fails with ""Unknown CMake command ocv_imgcodecs_configure_target""",https://github.com/opencv/opencv/issues/29778,1,0.028577260665441927
O-E1:B_ko_context,C_raw,hybrid,4,opencv/opencv#29613,allocation/write-width mismatch in AKAZE generateDescriptorSubsample when descriptor_channels < 3,https://github.com/opencv/opencv/issues/29613,0,0.028083267871170464
O-E1:B_ko_context,C_raw,hybrid,5,opencv/opencv#29614,oob read in Domain_Filter::compute_NCfilter when cv::stylization is given a single-column image,https://github.com/opencv/opencv/issues/29614,0,0.02761904761904762
O-E1:B_ko_context,C_raw,semantic,1,opencv/opencv#29350,posix_memalign related issue emerged twice in MinGW32 compilation,https://github.com/opencv/opencv/issues/29350,2,0.9296145439147949
O-E1:B_ko_context,C_raw,semantic,2,opencv/opencv#29278,Build failure on Windows (MSVC) with WITH_ONNXRUNTIME=ON due to C2664 in net_impl_backend.cpp,https://github.com/opencv/opencv/issues/29278,1,0.9024146199226379
O-E1:B_ko_context,C_raw,semantic,3,opencv/opencv#28580,OpenCV UBSan Bug: countNonZero32f Function Pointer Type Mismatch,https://github.com/opencv/opencv/issues/28580,0,0.8986333608627319
O-E1:B_ko_context,C_raw,semantic,4,opencv/opencv#28598,OpenCV UBSan Bug: FillConvexPoly Left Shift of Negative Value,https://github.com/opencv/opencv/issues/28598,0,0.8955274820327759
O-E1:B_ko_context,C_raw,semantic,5,opencv/opencv#29292,opengl_testdata_generator.cpp fails to build in 5.0,https://github.com/opencv/opencv/issues/29292,1,0.8935879468917847
O-E1:B_ko_context,C_bug,bm25,1,opencv/opencv#29350,posix_memalign related issue emerged twice in MinGW32 compilation,https://github.com/opencv/opencv/issues/29350,2,67.34675115446032
O-E1:B_ko_context,C_bug,bm25,2,opencv/opencv#29292,opengl_testdata_generator.cpp fails to build in 5.0,https://github.com/opencv/opencv/issues/29292,1,27.792485268833943
O-E1:B_ko_context,C_bug,bm25,3,opencv/opencv#29564,OpenCV 4.6.0 fails to build with GCC 16.1.0 (missing <cstdint> in ADE),https://github.com/opencv/opencv/issues/29564,1,22.80844507017701
O-E1:B_ko_context,C_bug,bm25,4,opencv/opencv#29747,"solvePnPRefineLM/VVS: out-of-bounds read, silent no-op, and exception when rvec/tvec are row vectors (Size(3,1))",https://github.com/opencv/opencv/issues/29747,0,21.07565810285644
O-E1:B_ko_context,C_bug,bm25,5,opencv/opencv#29308,opencv 5.0.0 compile error in modul dnn,https://github.com/opencv/opencv/issues/29308,1,20.873417066913348
O-E1:B_ko_context,C_bug,hybrid,1,opencv/opencv#29350,posix_memalign related issue emerged twice in MinGW32 compilation,https://github.com/opencv/opencv/issues/29350,2,0.03278688524590164
O-E1:B_ko_context,C_bug,hybrid,2,opencv/opencv#29292,opengl_testdata_generator.cpp fails to build in 5.0,https://github.com/opencv/opencv/issues/29292,1,0.0315136476426799
O-E1:B_ko_context,C_bug,hybrid,3,opencv/opencv#29613,allocation/write-width mismatch in AKAZE generateDescriptorSubsample when descriptor_channels < 3,https://github.com/opencv/opencv/issues/29613,0,0.028665028665028666
O-E1:B_ko_context,C_bug,hybrid,4,opencv/opencv#29614,oob read in Domain_Filter::compute_NCfilter when cv::stylization is given a single-column image,https://github.com/opencv/opencv/issues/29614,0,0.02819138376017471
O-E1:B_ko_context,C_bug,hybrid,5,opencv/opencv#29278,Build failure on Windows (MSVC) with WITH_ONNXRUNTIME=ON due to C2664 in net_impl_backend.cpp,https://github.com/opencv/opencv/issues/29278,1,0.027623285131627734
O-E1:B_ko_context,C_bug,semantic,1,opencv/opencv#29350,posix_memalign related issue emerged twice in MinGW32 compilation,https://github.com/opencv/opencv/issues/29350,2,0.9296145439147949
O-E1:B_ko_context,C_bug,semantic,2,opencv/opencv#29278,Build failure on Windows (MSVC) with WITH_ONNXRUNTIME=ON due to C2664 in net_impl_backend.cpp,https://github.com/opencv/opencv/issues/29278,1,0.9024146199226379
O-E1:B_ko_context,C_bug,semantic,3,opencv/opencv#28580,OpenCV UBSan Bug: countNonZero32f Function Pointer Type Mismatch,https://github.com/opencv/opencv/issues/28580,0,0.8986333608627319
O-E1:B_ko_context,C_bug,semantic,4,opencv/opencv#28598,OpenCV UBSan Bug: FillConvexPoly Left Shift of Negative Value,https://github.com/opencv/opencv/issues/28598,0,0.8955274820327759
O-E1:B_ko_context,C_bug,semantic,5,opencv/opencv#29292,opengl_testdata_generator.cpp fails to build in 5.0,https://github.com/opencv/opencv/issues/29292,1,0.8935879468917847
T-E1:B_ko_context,C_raw,semantic,1,huggingface/transformers#47879,Error during video handling with Gemma4 (E2B-Instruct),https://github.com/huggingface/transformers/issues/47879,2,0.9172552824020386
T-E1:B_ko_context,C_raw,semantic,2,huggingface/transformers#48422,[serge] integration failure triage - 2026-08-30,https://github.com/huggingface/transformers/issues/48422,0,0.8921980857849121
T-E1:B_ko_context,C_raw,semantic,3,huggingface/transformers#48837,[serge] integration failure triage - 2026-09-15,https://github.com/huggingface/transformers/issues/48837,0,0.8880170583724976
T-E1:B_ko_context,C_raw,semantic,4,huggingface/transformers#48736,Follow-up: clean up video_duration handling in hyperclovax_vision_v2 (#44314),https://github.com/huggingface/transformers/issues/48736,1,0.8875459432601929
T-E1:B_ko_context,C_raw,semantic,5,huggingface/transformers#48263,[serge] integration failure triage - 2026-08-24,https://github.com/huggingface/transformers/issues/48263,0,0.8870077133178711
T-E1:B_ko_context,C_raw,hybrid,1,huggingface/transformers#47879,Error during video handling with Gemma4 (E2B-Instruct),https://github.com/huggingface/transformers/issues/47879,2,0.03278688524590164
T-E1:B_ko_context,C_raw,hybrid,2,huggingface/transformers#48703,Gemma 4 assistant uses first-token hidden state after prefill,https://github.com/huggingface/transformers/issues/48703,0,0.031054405392392875
T-E1:B_ko_context,C_raw,hybrid,3,huggingface/transformers#47448,gemma4 12B arch is not recognized!,https://github.com/huggingface/transformers/issues/47448,1,0.02964426877470356
T-E1:B_ko_context,C_raw,hybrid,4,huggingface/transformers#48607,AutoImageProcessor and the *ImageProcessorPil classes require torchvision from a docstring mention,https://github.com/huggingface/transformers/issues/48607,1,0.02591362126245847
T-E1:B_ko_context,C_raw,hybrid,5,huggingface/transformers#48556,AutoProcessor.from_pretrained raises AttributeError: 'NoneType' object has no attribute '__module__' when torchvision is missing,https://github.com/huggingface/transformers/issues/48556,1,0.023558758314855877
T-E1:B_ko_context,C_raw,bm25,1,huggingface/transformers#47879,Error during video handling with Gemma4 (E2B-Instruct),https://github.com/huggingface/transformers/issues/47879,2,104.23115468576263
T-E1:B_ko_context,C_raw,bm25,2,huggingface/transformers#48703,Gemma 4 assistant uses first-token hidden state after prefill,https://github.com/huggingface/transformers/issues/48703,0,28.31579290037385
T-E1:B_ko_context,C_raw,bm25,3,huggingface/transformers#48964,Issue doing PEFT on Embedding Gemma w/ new classifier head,https://github.com/huggingface/transformers/issues/48964,0,26.3011042562808
T-E1:B_ko_context,C_raw,bm25,4,huggingface/transformers#48479,"MIGRATION_GUIDE_V5.md missing Dynamic - Cache API removals (key_cache, from_legacy_cache)",https://github.com/huggingface/transformers/issues/48479,0,26.167571378311376
T-E1:B_ko_context,C_raw,bm25,5,huggingface/transformers#48805,Only on saving a checkpoint are weight conversions used,https://github.com/huggingface/transformers/issues/48805,0,26.10642871129751
T-E1:B_ko_context,C_bug,semantic,1,huggingface/transformers#47879,Error during video handling with Gemma4 (E2B-Instruct),https://github.com/huggingface/transformers/issues/47879,2,0.9172552824020386
T-E1:B_ko_context,C_bug,semantic,2,huggingface/transformers#48703,Gemma 4 assistant uses first-token hidden state after prefill,https://github.com/huggingface/transformers/issues/48703,0,0.8863478899002075
T-E1:B_ko_context,C_bug,semantic,3,huggingface/transformers#47448,gemma4 12B arch is not recognized!,https://github.com/huggingface/transformers/issues/47448,1,0.8861662149429321
T-E1:B_ko_context,C_bug,semantic,4,huggingface/transformers#48607,AutoImageProcessor and the *ImageProcessorPil classes require torchvision from a docstring mention,https://github.com/huggingface/transformers/issues/48607,1,0.885795533657074
T-E1:B_ko_context,C_bug,semantic,5,huggingface/transformers#49051,Gemma 1 checkpoints silently use exact GELU instead of gelu_pytorch_tanh since v4.48.0 (#35235 removed the hidden_activation guard),https://github.com/huggingface/transformers/issues/49051,0,0.8814540505409241
T-E1:B_ko_context,C_bug,hybrid,1,huggingface/transformers#47879,Error during video handling with Gemma4 (E2B-Instruct),https://github.com/huggingface/transformers/issues/47879,2,0.03278688524590164
T-E1:B_ko_context,C_bug,hybrid,2,huggingface/transformers#48703,Gemma 4 assistant uses first-token hidden state after prefill,https://github.com/huggingface/transformers/issues/48703,0,0.03225806451612903
T-E1:B_ko_context,C_bug,hybrid,3,huggingface/transformers#47448,gemma4 12B arch is not recognized!,https://github.com/huggingface/transformers/issues/47448,1,0.03149801587301587
T-E1:B_ko_context,C_bug,hybrid,4,huggingface/transformers#48805,Only on saving a checkpoint are weight conversions used,https://github.com/huggingface/transformers/issues/48805,0,0.029236022193768675
T-E1:B_ko_context,C_bug,hybrid,5,huggingface/transformers#48607,AutoImageProcessor and the *ImageProcessorPil classes require torchvision from a docstring mention,https://github.com/huggingface/transformers/issues/48607,1,0.029138513513513514
T-E1:B_ko_context,C_bug,bm25,1,huggingface/transformers#47879,Error during video handling with Gemma4 (E2B-Instruct),https://github.com/huggingface/transformers/issues/47879,2,82.78373018749616
T-E1:B_ko_context,C_bug,bm25,2,huggingface/transformers#48703,Gemma 4 assistant uses first-token hidden state after prefill,https://github.com/huggingface/transformers/issues/48703,0,20.097480051184956
T-E1:B_ko_context,C_bug,bm25,3,huggingface/transformers#48479,"MIGRATION_GUIDE_V5.md missing Dynamic - Cache API removals (key_cache, from_legacy_cache)",https://github.com/huggingface/transformers/issues/48479,0,20.049727524893367
T-E1:B_ko_context,C_bug,bm25,4,huggingface/transformers#47448,gemma4 12B arch is not recognized!,https://github.com/huggingface/transformers/issues/47448,1,19.99991893957183
T-E1:B_ko_context,C_bug,bm25,5,huggingface/transformers#48964,Issue doing PEFT on Embedding Gemma w/ new classifier head,https://github.com/huggingface/transformers/issues/48964,0,19.02107151233367
T-C2:B_ko_context,C_raw,bm25,1,huggingface/transformers#48315,Trainer crashes at the end of a resumed run when trainer_state.json points best_model_checkpoint at a missing directory,https://github.com/huggingface/transformers/issues/48315,2,133.16176994044906
T-C2:B_ko_context,C_raw,bm25,2,huggingface/transformers#48127,XPU: `from_pretrained(device_map=...)` fails under WSL2 because `caching_allocator_warmup` does not guard `mem_get_info`,https://github.com/huggingface/transformers/issues/48127,0,42.004308243363184
T-C2:B_ko_context,C_raw,bm25,3,huggingface/transformers#47254,`CheckpointError` with PEFT + DeepSpeed ZeRO-3 + gradient checkpointing,https://github.com/huggingface/transformers/issues/47254,0,37.600505196774165
T-C2:B_ko_context,C_raw,bm25,4,huggingface/transformers#49193,Trainer reports incorrect final loss and throughput after resuming from a full checkpoint,https://github.com/huggingface/transformers/issues/49193,1,37.14327240075695
T-C2:B_ko_context,C_raw,bm25,5,huggingface/transformers#48285,`from_pretrained` with safetensors mmap crashes on Windows for large multi-shard checkpoints (copy-on-write commit charge exhausts memory),https://github.com/huggingface/transformers/issues/48285,0,36.829553959275955
T-C2:B_ko_context,C_raw,semantic,1,huggingface/transformers#48315,Trainer crashes at the end of a resumed run when trainer_state.json points best_model_checkpoint at a missing directory,https://github.com/huggingface/transformers/issues/48315,2,0.9160852432250977
T-C2:B_ko_context,C_raw,semantic,2,huggingface/transformers#48805,Only on saving a checkpoint are weight conversions used,https://github.com/huggingface/transformers/issues/48805,1,0.8871874213218689
T-C2:B_ko_context,C_raw,semantic,3,huggingface/transformers#47333,[Offloading] Cannot save disk-offloaded `Qwen/Qwen3-30B-A3B`,https://github.com/huggingface/transformers/issues/47333,1,0.8862273693084717
T-C2:B_ko_context,C_raw,semantic,4,huggingface/transformers#48422,[serge] integration failure triage - 2026-08-30,https://github.com/huggingface/transformers/issues/48422,0,0.8832499980926514
T-C2:B_ko_context,C_raw,semantic,5,huggingface/transformers#49121,Trainer fails to resume from a checkpoint on CPU with two or more processes,https://github.com/huggingface/transformers/issues/49121,1,0.881577730178833
T-C2:B_ko_context,C_raw,hybrid,1,huggingface/transformers#48315,Trainer crashes at the end of a resumed run when trainer_state.json points best_model_checkpoint at a missing directory,https://github.com/huggingface/transformers/issues/48315,2,0.03278688524590164
T-C2:B_ko_context,C_raw,hybrid,2,huggingface/transformers#49193,Trainer reports incorrect final loss and throughput after resuming from a full checkpoint,https://github.com/huggingface/transformers/issues/49193,1,0.029910714285714284
T-C2:B_ko_context,C_raw,hybrid,3,huggingface/transformers#48805,Only on saving a checkpoint are weight conversions used,https://github.com/huggingface/transformers/issues/48805,1,0.02928692699490662
T-C2:B_ko_context,C_raw,hybrid,4,huggingface/transformers#48592,"`Trainer` deletes `config.bos_token_id` when the tokenizer declares no BOS, and persists it",https://github.com/huggingface/transformers/issues/48592,0,0.029236022193768675
T-C2:B_ko_context,C_raw,hybrid,5,huggingface/transformers#49121,Trainer fails to resume from a checkpoint on CPU with two or more processes,https://github.com/huggingface/transformers/issues/49121,1,0.029083245521601686
T-C2:B_ko_context,C_bug,bm25,1,huggingface/transformers#49193,Trainer reports incorrect final loss and throughput after resuming from a full checkpoint,https://github.com/huggingface/transformers/issues/49193,1,31.14623996727316
T-C2:B_ko_context,C_bug,bm25,2,huggingface/transformers#47254,`CheckpointError` with PEFT + DeepSpeed ZeRO-3 + gradient checkpointing,https://github.com/huggingface/transformers/issues/47254,0,30.4392301855157
T-C2:B_ko_context,C_bug,bm25,3,huggingface/transformers#48285,`from_pretrained` with safetensors mmap crashes on Windows for large multi-shard checkpoints (copy-on-write commit charge exhausts memory),https://github.com/huggingface/transformers/issues/48285,0,30.341068987563098
T-C2:B_ko_context,C_bug,bm25,4,huggingface/transformers#48690,[Bug] Qwen3-MoE router auxiliary loss is multiplied by the DDP world size in Trainer,https://github.com/huggingface/transformers/issues/48690,0,27.6952442736992
T-C2:B_ko_context,C_bug,bm25,5,huggingface/transformers#47914,caching_allocator_warmup crashes with AttributeError when loading bitsandbytes-quantized model with PEFT adapter,https://github.com/huggingface/transformers/issues/47914,0,26.6071149589292
T-C2:B_ko_context,C_bug,semantic,1,huggingface/transformers#48805,Only on saving a checkpoint are weight conversions used,https://github.com/huggingface/transformers/issues/48805,1,0.8871874213218689
T-C2:B_ko_context,C_bug,semantic,2,huggingface/transformers#47333,[Offloading] Cannot save disk-offloaded `Qwen/Qwen3-30B-A3B`,https://github.com/huggingface/transformers/issues/47333,1,0.8862273693084717
T-C2:B_ko_context,C_bug,semantic,3,huggingface/transformers#49121,Trainer fails to resume from a checkpoint on CPU with two or more processes,https://github.com/huggingface/transformers/issues/49121,1,0.881577730178833
T-C2:B_ko_context,C_bug,semantic,4,huggingface/transformers#47332,[Offloading] Cannot save disk-offloaded `Qwen3-VL-32B-Instruct`,https://github.com/huggingface/transformers/issues/47332,1,0.8798768520355225
T-C2:B_ko_context,C_bug,semantic,5,huggingface/transformers#47321,AMD quark class not updated,https://github.com/huggingface/transformers/issues/47321,0,0.8793586492538452
T-C2:B_ko_context,C_bug,hybrid,1,huggingface/transformers#49193,Trainer reports incorrect final loss and throughput after resuming from a full checkpoint,https://github.com/huggingface/transformers/issues/49193,1,0.031544957774465976
T-C2:B_ko_context,C_bug,hybrid,2,huggingface/transformers#48805,Only on saving a checkpoint are weight conversions used,https://github.com/huggingface/transformers/issues/48805,1,0.03131881575727918
T-C2:B_ko_context,C_bug,hybrid,3,huggingface/transformers#49121,Trainer fails to resume from a checkpoint on CPU with two or more processes,https://github.com/huggingface/transformers/issues/49121,1,0.031024531024531024
T-C2:B_ko_context,C_bug,hybrid,4,huggingface/transformers#47254,`CheckpointError` with PEFT + DeepSpeed ZeRO-3 + gradient checkpointing,https://github.com/huggingface/transformers/issues/47254,0,0.030621785881252923
T-C2:B_ko_context,C_bug,hybrid,5,huggingface/transformers#48285,`from_pretrained` with safetensors mmap crashes on Windows for large multi-shard checkpoints (copy-on-write commit charge exhausts memory),https://github.com/huggingface/transformers/issues/48285,0,0.03057889822595705
